time,Fire Model,Experiment,ESM,Source,BA_area_pred
1850-12-31 00:00:00,classic,historical,ukesm1-0-ll,historical (FireMIP) - classic - ukesm1-0-ll,522.221253004907
1851-12-31 00:00:00,classic,historical,ukesm1-0-ll,historical (FireMIP) - classic - ukesm1-0-ll,572.0395534563291
1852-12-31 00:00:00,classic,historical,ukesm1-0-ll,historical (FireMIP) - classic - ukesm1-0-ll,539.7632988496937
1853-12-31 00:00:00,classic,historical,ukesm1-0-ll,historical (FireMIP) - classic - ukesm1-0-ll,503.79774951738153
1854-12-31 00:00:00,classic,historical,ukesm1-0-ll,historical (FireMIP) - classic - ukesm1-0-ll,560.5495834180921
1855-12-31 00:00:00,classic,historical,ukesm1-0-ll,historical (FireMIP) - classic - ukesm1-0-ll,524.7792714391134
1856-12-31 00:00:00,classic,historical,ukesm1-0-ll,historical (FireMIP) - classic - ukesm1-0-ll,566.8937007551347
1857-12-31 00:00:00,classic,historical,ukesm1-0-ll,historical (FireMIP) - classic - ukesm1-0-ll,557.5938884170399
1858-12-31 00:00:00,classic,historical,ukesm1-0-ll,historical (FireMIP) - classic - ukesm1-0-ll,528.5606515073049
1859-12-31 00:00:00,classic,historical,ukesm1-0-ll,historical (FireMIP) - classic - ukesm1-0-ll,484.8226689132318
1860-12-31 00:00:00,classic,historical,ukesm1-0-ll,historical (FireMIP) - classic - ukesm1-0-ll,513.9119799876153
1861-12-31 00:00:00,classic,historical,ukesm1-0-ll,historical (FireMIP) - classic - ukesm1-0-ll,600.33679629986
1862-12-31 00:00:00,classic,historical,ukesm1-0-ll,historical (FireMIP) - classic - ukesm1-0-ll,506.7720162749313
1863-12-31 00:00:00,classic,historical,ukesm1-0-ll,historical (FireMIP) - classic - ukesm1-0-ll,506.8000346691929
1864-12-31 00:00:00,classic,historical,ukesm1-0-ll,historical (FireMIP) - classic - ukesm1-0-ll,574.0873340853644
1865-12-31 00:00:00,classic,historical,ukesm1-0-ll,historical (FireMIP) - classic - ukesm1-0-ll,498.8293773495691
1866-12-31 00:00:00,classic,historical,ukesm1-0-ll,historical (FireMIP) - classic - ukesm1-0-ll,549.1254025372357
1867-12-31 00:00:00,classic,historical,ukesm1-0-ll,historical (FireMIP) - classic - ukesm1-0-ll,553.1409647928266
1868-12-31 00:00:00,classic,historical,ukesm1-0-ll,historical (FireMIP) - classic - ukesm1-0-ll,532.1448989474828
1869-12-31 00:00:00,classic,historical,ukesm1-0-ll,historical (FireMIP) - classic - ukesm1-0-ll,506.18011784706397
1870-12-31 00:00:00,classic,historical,ukesm1-0-ll,historical (FireMIP) - classic - ukesm1-0-ll,576.3497451722097
1871-12-31 00:00:00,classic,historical,ukesm1-0-ll,historical (FireMIP) - classic - ukesm1-0-ll,540.3743317521254
1872-12-31 00:00:00,classic,historical,ukesm1-0-ll,historical (FireMIP) - classic - ukesm1-0-ll,514.1948976723056
1873-12-31 00:00:00,classic,historical,ukesm1-0-ll,historical (FireMIP) - classic - ukesm1-0-ll,529.6867638460819
1874-12-31 00:00:00,classic,historical,ukesm1-0-ll,historical (FireMIP) - classic - ukesm1-0-ll,519.2370454643782
1875-12-31 00:00:00,classic,historical,ukesm1-0-ll,historical (FireMIP) - classic - ukesm1-0-ll,537.0881792860222
1876-12-31 00:00:00,classic,historical,ukesm1-0-ll,historical (FireMIP) - classic - ukesm1-0-ll,515.5977044521655
1877-12-31 00:00:00,classic,historical,ukesm1-0-ll,historical (FireMIP) - classic - ukesm1-0-ll,510.18038264602166
1878-12-31 00:00:00,classic,historical,ukesm1-0-ll,historical (FireMIP) - classic - ukesm1-0-ll,538.606589373297
1879-12-31 00:00:00,classic,historical,ukesm1-0-ll,historical (FireMIP) - classic - ukesm1-0-ll,465.32081363096626
1880-12-31 00:00:00,classic,historical,ukesm1-0-ll,historical (FireMIP) - classic - ukesm1-0-ll,533.1637895534982
1881-12-31 00:00:00,classic,historical,ukesm1-0-ll,historical (FireMIP) - classic - ukesm1-0-ll,540.8289432963321
1882-12-31 00:00:00,classic,historical,ukesm1-0-ll,historical (FireMIP) - classic - ukesm1-0-ll,544.3410337154914
1883-12-31 00:00:00,classic,historical,ukesm1-0-ll,historical (FireMIP) - classic - ukesm1-0-ll,492.45581382929805
1884-12-31 00:00:00,classic,historical,ukesm1-0-ll,historical (FireMIP) - classic - ukesm1-0-ll,504.8046438655976
1885-12-31 00:00:00,classic,historical,ukesm1-0-ll,historical (FireMIP) - classic - ukesm1-0-ll,493.76445275821726
1886-12-31 00:00:00,classic,historical,ukesm1-0-ll,historical (FireMIP) - classic - ukesm1-0-ll,493.191735733616
1887-12-31 00:00:00,classic,historical,ukesm1-0-ll,historical (FireMIP) - classic - ukesm1-0-ll,510.8223834956734
1888-12-31 00:00:00,classic,historical,ukesm1-0-ll,historical (FireMIP) - classic - ukesm1-0-ll,555.295623824159
1889-12-31 00:00:00,classic,historical,ukesm1-0-ll,historical (FireMIP) - classic - ukesm1-0-ll,528.0692677876091
1890-12-31 00:00:00,classic,historical,ukesm1-0-ll,historical (FireMIP) - classic - ukesm1-0-ll,494.5765913801551
1891-12-31 00:00:00,classic,historical,ukesm1-0-ll,historical (FireMIP) - classic - ukesm1-0-ll,536.4470026853674
1892-12-31 00:00:00,classic,historical,ukesm1-0-ll,historical (FireMIP) - classic - ukesm1-0-ll,526.0059277046738
1893-12-31 00:00:00,classic,historical,ukesm1-0-ll,historical (FireMIP) - classic - ukesm1-0-ll,558.293649725874
1894-12-31 00:00:00,classic,historical,ukesm1-0-ll,historical (FireMIP) - classic - ukesm1-0-ll,546.7297765585797
1895-12-31 00:00:00,classic,historical,ukesm1-0-ll,historical (FireMIP) - classic - ukesm1-0-ll,526.964915744523
1896-12-31 00:00:00,classic,historical,ukesm1-0-ll,historical (FireMIP) - classic - ukesm1-0-ll,478.1885027180254
1897-12-31 00:00:00,classic,historical,ukesm1-0-ll,historical (FireMIP) - classic - ukesm1-0-ll,517.5024685027405
1898-12-31 00:00:00,classic,historical,ukesm1-0-ll,historical (FireMIP) - classic - ukesm1-0-ll,511.36530858675314
1899-12-31 00:00:00,classic,historical,ukesm1-0-ll,historical (FireMIP) - classic - ukesm1-0-ll,529.014692290372
1900-12-31 00:00:00,classic,historical,ukesm1-0-ll,historical (FireMIP) - classic - ukesm1-0-ll,547.620172424848
1901-12-31 00:00:00,classic,historical,ukesm1-0-ll,historical (FireMIP) - classic - ukesm1-0-ll,544.8145459966003
1902-12-31 00:00:00,classic,historical,ukesm1-0-ll,historical (FireMIP) - classic - ukesm1-0-ll,520.8300788107255
1903-12-31 00:00:00,classic,historical,ukesm1-0-ll,historical (FireMIP) - classic - ukesm1-0-ll,543.1339693689793
1904-12-31 00:00:00,classic,historical,ukesm1-0-ll,historical (FireMIP) - classic - ukesm1-0-ll,558.7622157222562
1905-12-31 00:00:00,classic,historical,ukesm1-0-ll,historical (FireMIP) - classic - ukesm1-0-ll,533.8982110758021
1906-12-31 00:00:00,classic,historical,ukesm1-0-ll,historical (FireMIP) - classic - ukesm1-0-ll,496.5270502850141
1907-12-31 00:00:00,classic,historical,ukesm1-0-ll,historical (FireMIP) - classic - ukesm1-0-ll,527.998935703583
1908-12-31 00:00:00,classic,historical,ukesm1-0-ll,historical (FireMIP) - classic - ukesm1-0-ll,518.0421617376688
1909-12-31 00:00:00,classic,historical,ukesm1-0-ll,historical (FireMIP) - classic - ukesm1-0-ll,524.8102888791625
1910-12-31 00:00:00,classic,historical,ukesm1-0-ll,historical (FireMIP) - classic - ukesm1-0-ll,525.820321536177
1911-12-31 00:00:00,classic,historical,ukesm1-0-ll,historical (FireMIP) - classic - ukesm1-0-ll,563.4890624151227
1912-12-31 00:00:00,classic,historical,ukesm1-0-ll,historical (FireMIP) - classic - ukesm1-0-ll,550.0237477231575
1913-12-31 00:00:00,classic,historical,ukesm1-0-ll,historical (FireMIP) - classic - ukesm1-0-ll,504.5624881141116
1914-12-31 00:00:00,classic,historical,ukesm1-0-ll,historical (FireMIP) - classic - ukesm1-0-ll,513.8588259101174
1915-12-31 00:00:00,classic,historical,ukesm1-0-ll,historical (FireMIP) - classic - ukesm1-0-ll,549.2975008561132
1916-12-31 00:00:00,classic,historical,ukesm1-0-ll,historical (FireMIP) - classic - ukesm1-0-ll,522.8214333789599
1917-12-31 00:00:00,classic,historical,ukesm1-0-ll,historical (FireMIP) - classic - ukesm1-0-ll,543.4545245101993
1918-12-31 00:00:00,classic,historical,ukesm1-0-ll,historical (FireMIP) - classic - ukesm1-0-ll,560.3706844117083
1919-12-31 00:00:00,classic,historical,ukesm1-0-ll,historical (FireMIP) - classic - ukesm1-0-ll,533.4993830050772
1920-12-31 00:00:00,classic,historical,ukesm1-0-ll,historical (FireMIP) - classic - ukesm1-0-ll,564.9953948318692
1921-12-31 00:00:00,classic,historical,ukesm1-0-ll,historical (FireMIP) - classic - ukesm1-0-ll,544.777182086615
1922-12-31 00:00:00,classic,historical,ukesm1-0-ll,historical (FireMIP) - classic - ukesm1-0-ll,525.890305045181
1923-12-31 00:00:00,classic,historical,ukesm1-0-ll,historical (FireMIP) - classic - ukesm1-0-ll,554.0227363453938
1924-12-31 00:00:00,classic,historical,ukesm1-0-ll,historical (FireMIP) - classic - ukesm1-0-ll,548.8067545213161
1925-12-31 00:00:00,classic,historical,ukesm1-0-ll,historical (FireMIP) - classic - ukesm1-0-ll,520.754927059621
1926-12-31 00:00:00,classic,historical,ukesm1-0-ll,historical (FireMIP) - classic - ukesm1-0-ll,563.2253230329268
1927-12-31 00:00:00,classic,historical,ukesm1-0-ll,historical (FireMIP) - classic - ukesm1-0-ll,495.08203502885084
1928-12-31 00:00:00,classic,historical,ukesm1-0-ll,historical (FireMIP) - classic - ukesm1-0-ll,542.9079264514628
1929-12-31 00:00:00,classic,historical,ukesm1-0-ll,historical (FireMIP) - classic - ukesm1-0-ll,506.64488402231785
1930-12-31 00:00:00,classic,historical,ukesm1-0-ll,historical (FireMIP) - classic - ukesm1-0-ll,525.5414112049901
1931-12-31 00:00:00,classic,historical,ukesm1-0-ll,historical (FireMIP) - classic - ukesm1-0-ll,506.1762138189418
1932-12-31 00:00:00,classic,historical,ukesm1-0-ll,historical (FireMIP) - classic - ukesm1-0-ll,523.3690899719444
1933-12-31 00:00:00,classic,historical,ukesm1-0-ll,historical (FireMIP) - classic - ukesm1-0-ll,562.1793754259011
1934-12-31 00:00:00,classic,historical,ukesm1-0-ll,historical (FireMIP) - classic - ukesm1-0-ll,553.7545204351219
1935-12-31 00:00:00,classic,historical,ukesm1-0-ll,historical (FireMIP) - classic - ukesm1-0-ll,502.09608307100575
1936-12-31 00:00:00,classic,historical,ukesm1-0-ll,historical (FireMIP) - classic - ukesm1-0-ll,539.0234065929212
1937-12-31 00:00:00,classic,historical,ukesm1-0-ll,historical (FireMIP) - classic - ukesm1-0-ll,535.2439718641326
1938-12-31 00:00:00,classic,historical,ukesm1-0-ll,historical (FireMIP) - classic - ukesm1-0-ll,542.7743036328707
1939-12-31 00:00:00,classic,historical,ukesm1-0-ll,historical (FireMIP) - classic - ukesm1-0-ll,574.1227514474174
1940-12-31 00:00:00,classic,historical,ukesm1-0-ll,historical (FireMIP) - classic - ukesm1-0-ll,556.9598131570757
1941-12-31 00:00:00,classic,historical,ukesm1-0-ll,historical (FireMIP) - classic - ukesm1-0-ll,520.8878200799187
1942-12-31 00:00:00,classic,historical,ukesm1-0-ll,historical (FireMIP) - classic - ukesm1-0-ll,559.1665162957221
1943-12-31 00:00:00,classic,historical,ukesm1-0-ll,historical (FireMIP) - classic - ukesm1-0-ll,501.9379728076551
1944-12-31 00:00:00,classic,historical,ukesm1-0-ll,historical (FireMIP) - classic - ukesm1-0-ll,542.8974179712222
1945-12-31 00:00:00,classic,historical,ukesm1-0-ll,historical (FireMIP) - classic - ukesm1-0-ll,486.0332242242057
1946-12-31 00:00:00,classic,historical,ukesm1-0-ll,historical (FireMIP) - classic - ukesm1-0-ll,540.9755446680657
1947-12-31 00:00:00,classic,historical,ukesm1-0-ll,historical (FireMIP) - classic - ukesm1-0-ll,546.7936022593046
1948-12-31 00:00:00,classic,historical,ukesm1-0-ll,historical (FireMIP) - classic - ukesm1-0-ll,538.1811889272982
1949-12-31 00:00:00,classic,historical,ukesm1-0-ll,historical (FireMIP) - classic - ukesm1-0-ll,540.4352084250412
1950-12-31 00:00:00,classic,historical,ukesm1-0-ll,historical (FireMIP) - classic - ukesm1-0-ll,533.2747549168602
1951-12-31 00:00:00,classic,historical,ukesm1-0-ll,historical (FireMIP) - classic - ukesm1-0-ll,533.3289913379361
1952-12-31 00:00:00,classic,historical,ukesm1-0-ll,historical (FireMIP) - classic - ukesm1-0-ll,498.1598103752271
1953-12-31 00:00:00,classic,historical,ukesm1-0-ll,historical (FireMIP) - classic - ukesm1-0-ll,563.3567457376256
1954-12-31 00:00:00,classic,historical,ukesm1-0-ll,historical (FireMIP) - classic - ukesm1-0-ll,506.11230940123784
1955-12-31 00:00:00,classic,historical,ukesm1-0-ll,historical (FireMIP) - classic - ukesm1-0-ll,531.3213287878212
1956-12-31 00:00:00,classic,historical,ukesm1-0-ll,historical (FireMIP) - classic - ukesm1-0-ll,564.7421461269033
1957-12-31 00:00:00,classic,historical,ukesm1-0-ll,historical (FireMIP) - classic - ukesm1-0-ll,556.0010903651219
1958-12-31 00:00:00,classic,historical,ukesm1-0-ll,historical (FireMIP) - classic - ukesm1-0-ll,545.627464925849
1959-12-31 00:00:00,classic,historical,ukesm1-0-ll,historical (FireMIP) - classic - ukesm1-0-ll,575.5233687321567
1960-12-31 00:00:00,classic,historical,ukesm1-0-ll,historical (FireMIP) - classic - ukesm1-0-ll,528.2497513954112
1961-12-31 00:00:00,classic,historical,ukesm1-0-ll,historical (FireMIP) - classic - ukesm1-0-ll,518.9315780509418
1962-12-31 00:00:00,classic,historical,ukesm1-0-ll,historical (FireMIP) - classic - ukesm1-0-ll,544.8177768916688
1963-12-31 00:00:00,classic,historical,ukesm1-0-ll,historical (FireMIP) - classic - ukesm1-0-ll,546.0038674498138
1964-12-31 00:00:00,classic,historical,ukesm1-0-ll,historical (FireMIP) - classic - ukesm1-0-ll,510.79801295966354
1965-12-31 00:00:00,classic,historical,ukesm1-0-ll,historical (FireMIP) - classic - ukesm1-0-ll,547.1853755519924
1966-12-31 00:00:00,classic,historical,ukesm1-0-ll,historical (FireMIP) - classic - ukesm1-0-ll,537.130926949532
1967-12-31 00:00:00,classic,historical,ukesm1-0-ll,historical (FireMIP) - classic - ukesm1-0-ll,566.4275243662576
1968-12-31 00:00:00,classic,historical,ukesm1-0-ll,historical (FireMIP) - classic - ukesm1-0-ll,525.210008325252
1969-12-31 00:00:00,classic,historical,ukesm1-0-ll,historical (FireMIP) - classic - ukesm1-0-ll,545.2020288691673
1970-12-31 00:00:00,classic,historical,ukesm1-0-ll,historical (FireMIP) - classic - ukesm1-0-ll,544.376816352433
1971-12-31 00:00:00,classic,historical,ukesm1-0-ll,historical (FireMIP) - classic - ukesm1-0-ll,519.298531988826
1972-12-31 00:00:00,classic,historical,ukesm1-0-ll,historical (FireMIP) - classic - ukesm1-0-ll,484.96706093334114
1973-12-31 00:00:00,classic,historical,ukesm1-0-ll,historical (FireMIP) - classic - ukesm1-0-ll,510.1650312753764
1974-12-31 00:00:00,classic,historical,ukesm1-0-ll,historical (FireMIP) - classic - ukesm1-0-ll,533.6977297659715
1975-12-31 00:00:00,classic,historical,ukesm1-0-ll,historical (FireMIP) - classic - ukesm1-0-ll,568.7372952833801
1976-12-31 00:00:00,classic,historical,ukesm1-0-ll,historical (FireMIP) - classic - ukesm1-0-ll,520.278542651444
1977-12-31 00:00:00,classic,historical,ukesm1-0-ll,historical (FireMIP) - classic - ukesm1-0-ll,498.1082772352169
1978-12-31 00:00:00,classic,historical,ukesm1-0-ll,historical (FireMIP) - classic - ukesm1-0-ll,603.378788664509
1979-12-31 00:00:00,classic,historical,ukesm1-0-ll,historical (FireMIP) - classic - ukesm1-0-ll,542.0659884761318
1980-12-31 00:00:00,classic,historical,ukesm1-0-ll,historical (FireMIP) - classic - ukesm1-0-ll,493.5570537187505
1981-12-31 00:00:00,classic,historical,ukesm1-0-ll,historical (FireMIP) - classic - ukesm1-0-ll,517.745577177522
1982-12-31 00:00:00,classic,historical,ukesm1-0-ll,historical (FireMIP) - classic - ukesm1-0-ll,550.7469169880545
1983-12-31 00:00:00,classic,historical,ukesm1-0-ll,historical (FireMIP) - classic - ukesm1-0-ll,535.7069858111404
1984-12-31 00:00:00,classic,historical,ukesm1-0-ll,historical (FireMIP) - classic - ukesm1-0-ll,522.0768787963301
1985-12-31 00:00:00,classic,historical,ukesm1-0-ll,historical (FireMIP) - classic - ukesm1-0-ll,526.6236664904319
1986-12-31 00:00:00,classic,historical,ukesm1-0-ll,historical (FireMIP) - classic - ukesm1-0-ll,541.4658807858102
1987-12-31 00:00:00,classic,historical,ukesm1-0-ll,historical (FireMIP) - classic - ukesm1-0-ll,548.2688713100514
1988-12-31 00:00:00,classic,historical,ukesm1-0-ll,historical (FireMIP) - classic - ukesm1-0-ll,558.1922269938707
1989-12-31 00:00:00,classic,historical,ukesm1-0-ll,historical (FireMIP) - classic - ukesm1-0-ll,572.283821472021
1990-12-31 00:00:00,classic,historical,ukesm1-0-ll,historical (FireMIP) - classic - ukesm1-0-ll,584.2418646089559
1991-12-31 00:00:00,classic,historical,ukesm1-0-ll,historical (FireMIP) - classic - ukesm1-0-ll,551.4222605084623
1992-12-31 00:00:00,classic,historical,ukesm1-0-ll,historical (FireMIP) - classic - ukesm1-0-ll,575.2564888628368
1993-12-31 00:00:00,classic,historical,ukesm1-0-ll,historical (FireMIP) - classic - ukesm1-0-ll,512.91203934966
1994-12-31 00:00:00,classic,historical,ukesm1-0-ll,historical (FireMIP) - classic - ukesm1-0-ll,567.126118019832
1995-12-31 00:00:00,classic,historical,ukesm1-0-ll,historical (FireMIP) - classic - ukesm1-0-ll,540.4890138312966
1996-12-31 00:00:00,classic,historical,ukesm1-0-ll,historical (FireMIP) - classic - ukesm1-0-ll,541.9805675767277
1997-12-31 00:00:00,classic,historical,ukesm1-0-ll,historical (FireMIP) - classic - ukesm1-0-ll,512.6210663416007
1998-12-31 00:00:00,classic,historical,ukesm1-0-ll,historical (FireMIP) - classic - ukesm1-0-ll,523.3999535894562
1999-12-31 00:00:00,classic,historical,ukesm1-0-ll,historical (FireMIP) - classic - ukesm1-0-ll,501.0417070723085
2000-12-31 00:00:00,classic,historical,ukesm1-0-ll,historical (FireMIP) - classic - ukesm1-0-ll,554.289870373373
2001-12-31 00:00:00,classic,historical,ukesm1-0-ll,historical (FireMIP) - classic - ukesm1-0-ll,584.3120685426762
2002-12-31 00:00:00,classic,historical,ukesm1-0-ll,historical (FireMIP) - classic - ukesm1-0-ll,569.5983323789018
2003-12-31 00:00:00,classic,historical,ukesm1-0-ll,historical (FireMIP) - classic - ukesm1-0-ll,528.9875723173136
2004-12-31 00:00:00,classic,historical,ukesm1-0-ll,historical (FireMIP) - classic - ukesm1-0-ll,591.1842335439477
2005-12-31 00:00:00,classic,historical,ukesm1-0-ll,historical (FireMIP) - classic - ukesm1-0-ll,534.1056845999932
2006-12-31 00:00:00,classic,historical,ukesm1-0-ll,historical (FireMIP) - classic - ukesm1-0-ll,536.0726743489246
2007-12-31 00:00:00,classic,historical,ukesm1-0-ll,historical (FireMIP) - classic - ukesm1-0-ll,593.2433413954361
2008-12-31 00:00:00,classic,historical,ukesm1-0-ll,historical (FireMIP) - classic - ukesm1-0-ll,569.6387724164176
2009-12-31 00:00:00,classic,historical,ukesm1-0-ll,historical (FireMIP) - classic - ukesm1-0-ll,546.8504560331424
2010-12-31 00:00:00,classic,historical,ukesm1-0-ll,historical (FireMIP) - classic - ukesm1-0-ll,556.0973756222179
2011-12-31 00:00:00,classic,historical,ukesm1-0-ll,historical (FireMIP) - classic - ukesm1-0-ll,550.802695548728
2012-12-31 00:00:00,classic,historical,ukesm1-0-ll,historical (FireMIP) - classic - ukesm1-0-ll,544.7056949230046
2013-12-31 00:00:00,classic,historical,ukesm1-0-ll,historical (FireMIP) - classic - ukesm1-0-ll,549.8605175292894
2014-12-31 00:00:00,classic,historical,ukesm1-0-ll,historical (FireMIP) - classic - ukesm1-0-ll,574.4469666941437
1850-12-31 00:00:00,classic,historical,gfdl-esm4,historical (FireMIP) - classic - gfdl-esm4,575.610002612087
1851-12-31 00:00:00,classic,historical,gfdl-esm4,historical (FireMIP) - classic - gfdl-esm4,475.7144702705153
1852-12-31 00:00:00,classic,historical,gfdl-esm4,historical (FireMIP) - classic - gfdl-esm4,537.0598181484525
1853-12-31 00:00:00,classic,historical,gfdl-esm4,historical (FireMIP) - classic - gfdl-esm4,589.5042491457376
1854-12-31 00:00:00,classic,historical,gfdl-esm4,historical (FireMIP) - classic - gfdl-esm4,569.7274462072452
1855-12-31 00:00:00,classic,historical,gfdl-esm4,historical (FireMIP) - classic - gfdl-esm4,500.9568066062368
1856-12-31 00:00:00,classic,historical,gfdl-esm4,historical (FireMIP) - classic - gfdl-esm4,536.0905626885896
1857-12-31 00:00:00,classic,historical,gfdl-esm4,historical (FireMIP) - classic - gfdl-esm4,555.1891539443086
1858-12-31 00:00:00,classic,historical,gfdl-esm4,historical (FireMIP) - classic - gfdl-esm4,550.7535059074629
1859-12-31 00:00:00,classic,historical,gfdl-esm4,historical (FireMIP) - classic - gfdl-esm4,605.8874519108895
1860-12-31 00:00:00,classic,historical,gfdl-esm4,historical (FireMIP) - classic - gfdl-esm4,528.4424612750081
1861-12-31 00:00:00,classic,historical,gfdl-esm4,historical (FireMIP) - classic - gfdl-esm4,526.8539774530145
1862-12-31 00:00:00,classic,historical,gfdl-esm4,historical (FireMIP) - classic - gfdl-esm4,544.877072029516
1863-12-31 00:00:00,classic,historical,gfdl-esm4,historical (FireMIP) - classic - gfdl-esm4,533.8622365631101
1864-12-31 00:00:00,classic,historical,gfdl-esm4,historical (FireMIP) - classic - gfdl-esm4,591.1261799489381
1865-12-31 00:00:00,classic,historical,gfdl-esm4,historical (FireMIP) - classic - gfdl-esm4,566.088539636137
1866-12-31 00:00:00,classic,historical,gfdl-esm4,historical (FireMIP) - classic - gfdl-esm4,531.0957902570403
1867-12-31 00:00:00,classic,historical,gfdl-esm4,historical (FireMIP) - classic - gfdl-esm4,571.4094202180833
1868-12-31 00:00:00,classic,historical,gfdl-esm4,historical (FireMIP) - classic - gfdl-esm4,557.2785967011339
1869-12-31 00:00:00,classic,historical,gfdl-esm4,historical (FireMIP) - classic - gfdl-esm4,524.4184705835055
1870-12-31 00:00:00,classic,historical,gfdl-esm4,historical (FireMIP) - classic - gfdl-esm4,523.0474677337154
1871-12-31 00:00:00,classic,historical,gfdl-esm4,historical (FireMIP) - classic - gfdl-esm4,574.001246019577
1872-12-31 00:00:00,classic,historical,gfdl-esm4,historical (FireMIP) - classic - gfdl-esm4,575.4311836030323
1873-12-31 00:00:00,classic,historical,gfdl-esm4,historical (FireMIP) - classic - gfdl-esm4,616.1021910923486
1874-12-31 00:00:00,classic,historical,gfdl-esm4,historical (FireMIP) - classic - gfdl-esm4,558.0273659722233
1875-12-31 00:00:00,classic,historical,gfdl-esm4,historical (FireMIP) - classic - gfdl-esm4,535.1824838788265
1876-12-31 00:00:00,classic,historical,gfdl-esm4,historical (FireMIP) - classic - gfdl-esm4,549.452664736162
1877-12-31 00:00:00,classic,historical,gfdl-esm4,historical (FireMIP) - classic - gfdl-esm4,508.62372491251807
1878-12-31 00:00:00,classic,historical,gfdl-esm4,historical (FireMIP) - classic - gfdl-esm4,534.8643493555825
1879-12-31 00:00:00,classic,historical,gfdl-esm4,historical (FireMIP) - classic - gfdl-esm4,543.7661133213938
1880-12-31 00:00:00,classic,historical,gfdl-esm4,historical (FireMIP) - classic - gfdl-esm4,568.2888095664294
1881-12-31 00:00:00,classic,historical,gfdl-esm4,historical (FireMIP) - classic - gfdl-esm4,544.873105557363
1882-12-31 00:00:00,classic,historical,gfdl-esm4,historical (FireMIP) - classic - gfdl-esm4,510.8113606595641
1883-12-31 00:00:00,classic,historical,gfdl-esm4,historical (FireMIP) - classic - gfdl-esm4,590.8984710647326
1884-12-31 00:00:00,classic,historical,gfdl-esm4,historical (FireMIP) - classic - gfdl-esm4,536.7010469227831
1885-12-31 00:00:00,classic,historical,gfdl-esm4,historical (FireMIP) - classic - gfdl-esm4,543.0552398029564
1886-12-31 00:00:00,classic,historical,gfdl-esm4,historical (FireMIP) - classic - gfdl-esm4,506.4348227848479
1887-12-31 00:00:00,classic,historical,gfdl-esm4,historical (FireMIP) - classic - gfdl-esm4,518.5098116876088
1888-12-31 00:00:00,classic,historical,gfdl-esm4,historical (FireMIP) - classic - gfdl-esm4,580.901324406893
1889-12-31 00:00:00,classic,historical,gfdl-esm4,historical (FireMIP) - classic - gfdl-esm4,498.8345111731732
1890-12-31 00:00:00,classic,historical,gfdl-esm4,historical (FireMIP) - classic - gfdl-esm4,529.0002456634322
1891-12-31 00:00:00,classic,historical,gfdl-esm4,historical (FireMIP) - classic - gfdl-esm4,496.6450296157914
1892-12-31 00:00:00,classic,historical,gfdl-esm4,historical (FireMIP) - classic - gfdl-esm4,587.9641317277197
1893-12-31 00:00:00,classic,historical,gfdl-esm4,historical (FireMIP) - classic - gfdl-esm4,525.0129396184101
1894-12-31 00:00:00,classic,historical,gfdl-esm4,historical (FireMIP) - classic - gfdl-esm4,546.790815148071
1895-12-31 00:00:00,classic,historical,gfdl-esm4,historical (FireMIP) - classic - gfdl-esm4,526.5823727412452
1896-12-31 00:00:00,classic,historical,gfdl-esm4,historical (FireMIP) - classic - gfdl-esm4,565.4744244087047
1897-12-31 00:00:00,classic,historical,gfdl-esm4,historical (FireMIP) - classic - gfdl-esm4,491.32588692832775
1898-12-31 00:00:00,classic,historical,gfdl-esm4,historical (FireMIP) - classic - gfdl-esm4,547.5658581833383
1899-12-31 00:00:00,classic,historical,gfdl-esm4,historical (FireMIP) - classic - gfdl-esm4,585.410313736572
1900-12-31 00:00:00,classic,historical,gfdl-esm4,historical (FireMIP) - classic - gfdl-esm4,574.8492741743031
1901-12-31 00:00:00,classic,historical,gfdl-esm4,historical (FireMIP) - classic - gfdl-esm4,568.3587327199631
1902-12-31 00:00:00,classic,historical,gfdl-esm4,historical (FireMIP) - classic - gfdl-esm4,509.20837229879095
1903-12-31 00:00:00,classic,historical,gfdl-esm4,historical (FireMIP) - classic - gfdl-esm4,505.6527562987185
1904-12-31 00:00:00,classic,historical,gfdl-esm4,historical (FireMIP) - classic - gfdl-esm4,593.4648243938456
1905-12-31 00:00:00,classic,historical,gfdl-esm4,historical (FireMIP) - classic - gfdl-esm4,558.8421158782392
1906-12-31 00:00:00,classic,historical,gfdl-esm4,historical (FireMIP) - classic - gfdl-esm4,538.633643310757
1907-12-31 00:00:00,classic,historical,gfdl-esm4,historical (FireMIP) - classic - gfdl-esm4,529.901712516005
1908-12-31 00:00:00,classic,historical,gfdl-esm4,historical (FireMIP) - classic - gfdl-esm4,533.1100053565077
1909-12-31 00:00:00,classic,historical,gfdl-esm4,historical (FireMIP) - classic - gfdl-esm4,534.6162351789169
1910-12-31 00:00:00,classic,historical,gfdl-esm4,historical (FireMIP) - classic - gfdl-esm4,537.2947263980508
1911-12-31 00:00:00,classic,historical,gfdl-esm4,historical (FireMIP) - classic - gfdl-esm4,561.0011243818554
1912-12-31 00:00:00,classic,historical,gfdl-esm4,historical (FireMIP) - classic - gfdl-esm4,555.7910562148664
1913-12-31 00:00:00,classic,historical,gfdl-esm4,historical (FireMIP) - classic - gfdl-esm4,506.0269896348878
1914-12-31 00:00:00,classic,historical,gfdl-esm4,historical (FireMIP) - classic - gfdl-esm4,525.3672880798262
1915-12-31 00:00:00,classic,historical,gfdl-esm4,historical (FireMIP) - classic - gfdl-esm4,582.6964742958451
1916-12-31 00:00:00,classic,historical,gfdl-esm4,historical (FireMIP) - classic - gfdl-esm4,578.0318376773994
1917-12-31 00:00:00,classic,historical,gfdl-esm4,historical (FireMIP) - classic - gfdl-esm4,514.5860171726752
1918-12-31 00:00:00,classic,historical,gfdl-esm4,historical (FireMIP) - classic - gfdl-esm4,553.8116492060204
1919-12-31 00:00:00,classic,historical,gfdl-esm4,historical (FireMIP) - classic - gfdl-esm4,573.3028394009621
1920-12-31 00:00:00,classic,historical,gfdl-esm4,historical (FireMIP) - classic - gfdl-esm4,542.3514599274492
1921-12-31 00:00:00,classic,historical,gfdl-esm4,historical (FireMIP) - classic - gfdl-esm4,544.9600552251949
1922-12-31 00:00:00,classic,historical,gfdl-esm4,historical (FireMIP) - classic - gfdl-esm4,584.1988885935043
1923-12-31 00:00:00,classic,historical,gfdl-esm4,historical (FireMIP) - classic - gfdl-esm4,588.3360141529478
1924-12-31 00:00:00,classic,historical,gfdl-esm4,historical (FireMIP) - classic - gfdl-esm4,483.2115702823623
1925-12-31 00:00:00,classic,historical,gfdl-esm4,historical (FireMIP) - classic - gfdl-esm4,554.3697269593935
1926-12-31 00:00:00,classic,historical,gfdl-esm4,historical (FireMIP) - classic - gfdl-esm4,527.788890776992
1927-12-31 00:00:00,classic,historical,gfdl-esm4,historical (FireMIP) - classic - gfdl-esm4,550.6713817977441
1928-12-31 00:00:00,classic,historical,gfdl-esm4,historical (FireMIP) - classic - gfdl-esm4,549.043296452519
1929-12-31 00:00:00,classic,historical,gfdl-esm4,historical (FireMIP) - classic - gfdl-esm4,613.9032679046305
1930-12-31 00:00:00,classic,historical,gfdl-esm4,historical (FireMIP) - classic - gfdl-esm4,540.6941728915414
1931-12-31 00:00:00,classic,historical,gfdl-esm4,historical (FireMIP) - classic - gfdl-esm4,560.9397076107829
1932-12-31 00:00:00,classic,historical,gfdl-esm4,historical (FireMIP) - classic - gfdl-esm4,600.458484821512
1933-12-31 00:00:00,classic,historical,gfdl-esm4,historical (FireMIP) - classic - gfdl-esm4,543.0746517139398
1934-12-31 00:00:00,classic,historical,gfdl-esm4,historical (FireMIP) - classic - gfdl-esm4,554.907774464761
1935-12-31 00:00:00,classic,historical,gfdl-esm4,historical (FireMIP) - classic - gfdl-esm4,557.0902514414255
1936-12-31 00:00:00,classic,historical,gfdl-esm4,historical (FireMIP) - classic - gfdl-esm4,552.032455191512
1937-12-31 00:00:00,classic,historical,gfdl-esm4,historical (FireMIP) - classic - gfdl-esm4,572.8811981137284
1938-12-31 00:00:00,classic,historical,gfdl-esm4,historical (FireMIP) - classic - gfdl-esm4,566.2506871681747
1939-12-31 00:00:00,classic,historical,gfdl-esm4,historical (FireMIP) - classic - gfdl-esm4,576.5922618725585
1940-12-31 00:00:00,classic,historical,gfdl-esm4,historical (FireMIP) - classic - gfdl-esm4,576.4241620826864
1941-12-31 00:00:00,classic,historical,gfdl-esm4,historical (FireMIP) - classic - gfdl-esm4,528.5493390272906
1942-12-31 00:00:00,classic,historical,gfdl-esm4,historical (FireMIP) - classic - gfdl-esm4,523.1159492031212
1943-12-31 00:00:00,classic,historical,gfdl-esm4,historical (FireMIP) - classic - gfdl-esm4,559.5114857199607
1944-12-31 00:00:00,classic,historical,gfdl-esm4,historical (FireMIP) - classic - gfdl-esm4,599.6308133683987
1945-12-31 00:00:00,classic,historical,gfdl-esm4,historical (FireMIP) - classic - gfdl-esm4,554.126047916793
1946-12-31 00:00:00,classic,historical,gfdl-esm4,historical (FireMIP) - classic - gfdl-esm4,606.5100927639596
1947-12-31 00:00:00,classic,historical,gfdl-esm4,historical (FireMIP) - classic - gfdl-esm4,581.0078807941189
1948-12-31 00:00:00,classic,historical,gfdl-esm4,historical (FireMIP) - classic - gfdl-esm4,560.6955339844536
1949-12-31 00:00:00,classic,historical,gfdl-esm4,historical (FireMIP) - classic - gfdl-esm4,550.5309911437861
1950-12-31 00:00:00,classic,historical,gfdl-esm4,historical (FireMIP) - classic - gfdl-esm4,598.5144002058995
1951-12-31 00:00:00,classic,historical,gfdl-esm4,historical (FireMIP) - classic - gfdl-esm4,552.7614566611015
1952-12-31 00:00:00,classic,historical,gfdl-esm4,historical (FireMIP) - classic - gfdl-esm4,526.4462844611124
1953-12-31 00:00:00,classic,historical,gfdl-esm4,historical (FireMIP) - classic - gfdl-esm4,599.6861813076599
1954-12-31 00:00:00,classic,historical,gfdl-esm4,historical (FireMIP) - classic - gfdl-esm4,566.6775097189383
1955-12-31 00:00:00,classic,historical,gfdl-esm4,historical (FireMIP) - classic - gfdl-esm4,587.9990687336589
1956-12-31 00:00:00,classic,historical,gfdl-esm4,historical (FireMIP) - classic - gfdl-esm4,509.4847911969203
1957-12-31 00:00:00,classic,historical,gfdl-esm4,historical (FireMIP) - classic - gfdl-esm4,610.056404566992
1958-12-31 00:00:00,classic,historical,gfdl-esm4,historical (FireMIP) - classic - gfdl-esm4,569.9397987767708
1959-12-31 00:00:00,classic,historical,gfdl-esm4,historical (FireMIP) - classic - gfdl-esm4,530.6764732852857
1960-12-31 00:00:00,classic,historical,gfdl-esm4,historical (FireMIP) - classic - gfdl-esm4,553.358065412857
1961-12-31 00:00:00,classic,historical,gfdl-esm4,historical (FireMIP) - classic - gfdl-esm4,531.3739557442392
1962-12-31 00:00:00,classic,historical,gfdl-esm4,historical (FireMIP) - classic - gfdl-esm4,559.4555882436508
1963-12-31 00:00:00,classic,historical,gfdl-esm4,historical (FireMIP) - classic - gfdl-esm4,576.5583713140289
1964-12-31 00:00:00,classic,historical,gfdl-esm4,historical (FireMIP) - classic - gfdl-esm4,563.8994701331698
1965-12-31 00:00:00,classic,historical,gfdl-esm4,historical (FireMIP) - classic - gfdl-esm4,503.1655144696299
1966-12-31 00:00:00,classic,historical,gfdl-esm4,historical (FireMIP) - classic - gfdl-esm4,579.1194215810948
1967-12-31 00:00:00,classic,historical,gfdl-esm4,historical (FireMIP) - classic - gfdl-esm4,613.673973330263
1968-12-31 00:00:00,classic,historical,gfdl-esm4,historical (FireMIP) - classic - gfdl-esm4,520.9230243885984
1969-12-31 00:00:00,classic,historical,gfdl-esm4,historical (FireMIP) - classic - gfdl-esm4,571.3919935189077
1970-12-31 00:00:00,classic,historical,gfdl-esm4,historical (FireMIP) - classic - gfdl-esm4,583.3241619568724
1971-12-31 00:00:00,classic,historical,gfdl-esm4,historical (FireMIP) - classic - gfdl-esm4,547.8228917238742
1972-12-31 00:00:00,classic,historical,gfdl-esm4,historical (FireMIP) - classic - gfdl-esm4,605.3264050362858
1973-12-31 00:00:00,classic,historical,gfdl-esm4,historical (FireMIP) - classic - gfdl-esm4,530.4310610673068
1974-12-31 00:00:00,classic,historical,gfdl-esm4,historical (FireMIP) - classic - gfdl-esm4,554.1150930564883
1975-12-31 00:00:00,classic,historical,gfdl-esm4,historical (FireMIP) - classic - gfdl-esm4,562.8555624840911
1976-12-31 00:00:00,classic,historical,gfdl-esm4,historical (FireMIP) - classic - gfdl-esm4,559.257352285669
1977-12-31 00:00:00,classic,historical,gfdl-esm4,historical (FireMIP) - classic - gfdl-esm4,539.6799027392923
1978-12-31 00:00:00,classic,historical,gfdl-esm4,historical (FireMIP) - classic - gfdl-esm4,565.3192758659076
1979-12-31 00:00:00,classic,historical,gfdl-esm4,historical (FireMIP) - classic - gfdl-esm4,538.7922899317908
1980-12-31 00:00:00,classic,historical,gfdl-esm4,historical (FireMIP) - classic - gfdl-esm4,583.745270343981
1981-12-31 00:00:00,classic,historical,gfdl-esm4,historical (FireMIP) - classic - gfdl-esm4,634.9522076429445
1982-12-31 00:00:00,classic,historical,gfdl-esm4,historical (FireMIP) - classic - gfdl-esm4,563.6356535179652
1983-12-31 00:00:00,classic,historical,gfdl-esm4,historical (FireMIP) - classic - gfdl-esm4,552.9353291681492
1984-12-31 00:00:00,classic,historical,gfdl-esm4,historical (FireMIP) - classic - gfdl-esm4,576.2071218899194
1985-12-31 00:00:00,classic,historical,gfdl-esm4,historical (FireMIP) - classic - gfdl-esm4,599.1988196892777
1986-12-31 00:00:00,classic,historical,gfdl-esm4,historical (FireMIP) - classic - gfdl-esm4,581.8349709539832
1987-12-31 00:00:00,classic,historical,gfdl-esm4,historical (FireMIP) - classic - gfdl-esm4,613.0064306157128
1988-12-31 00:00:00,classic,historical,gfdl-esm4,historical (FireMIP) - classic - gfdl-esm4,550.0771479638238
1989-12-31 00:00:00,classic,historical,gfdl-esm4,historical (FireMIP) - classic - gfdl-esm4,544.2444710431033
1990-12-31 00:00:00,classic,historical,gfdl-esm4,historical (FireMIP) - classic - gfdl-esm4,608.9376939401208
1991-12-31 00:00:00,classic,historical,gfdl-esm4,historical (FireMIP) - classic - gfdl-esm4,549.5265726200994
1992-12-31 00:00:00,classic,historical,gfdl-esm4,historical (FireMIP) - classic - gfdl-esm4,499.43210487895857
1993-12-31 00:00:00,classic,historical,gfdl-esm4,historical (FireMIP) - classic - gfdl-esm4,569.4777988421944
1994-12-31 00:00:00,classic,historical,gfdl-esm4,historical (FireMIP) - classic - gfdl-esm4,611.6134475521105
1995-12-31 00:00:00,classic,historical,gfdl-esm4,historical (FireMIP) - classic - gfdl-esm4,594.7116222881958
1996-12-31 00:00:00,classic,historical,gfdl-esm4,historical (FireMIP) - classic - gfdl-esm4,547.8665382847539
1997-12-31 00:00:00,classic,historical,gfdl-esm4,historical (FireMIP) - classic - gfdl-esm4,499.2719779746182
1998-12-31 00:00:00,classic,historical,gfdl-esm4,historical (FireMIP) - classic - gfdl-esm4,592.3914054546482
1999-12-31 00:00:00,classic,historical,gfdl-esm4,historical (FireMIP) - classic - gfdl-esm4,586.8828644987143
2000-12-31 00:00:00,classic,historical,gfdl-esm4,historical (FireMIP) - classic - gfdl-esm4,637.8468578775066
2001-12-31 00:00:00,classic,historical,gfdl-esm4,historical (FireMIP) - classic - gfdl-esm4,585.8009908751584
2002-12-31 00:00:00,classic,historical,gfdl-esm4,historical (FireMIP) - classic - gfdl-esm4,557.6076775953612
2003-12-31 00:00:00,classic,historical,gfdl-esm4,historical (FireMIP) - classic - gfdl-esm4,542.1585614045282
2004-12-31 00:00:00,classic,historical,gfdl-esm4,historical (FireMIP) - classic - gfdl-esm4,636.3263385342492
2005-12-31 00:00:00,classic,historical,gfdl-esm4,historical (FireMIP) - classic - gfdl-esm4,583.3871781089257
2006-12-31 00:00:00,classic,historical,gfdl-esm4,historical (FireMIP) - classic - gfdl-esm4,531.579975842322
2007-12-31 00:00:00,classic,historical,gfdl-esm4,historical (FireMIP) - classic - gfdl-esm4,577.253650545269
2008-12-31 00:00:00,classic,historical,gfdl-esm4,historical (FireMIP) - classic - gfdl-esm4,612.9397822015333
2009-12-31 00:00:00,classic,historical,gfdl-esm4,historical (FireMIP) - classic - gfdl-esm4,601.1729107635787
2010-12-31 00:00:00,classic,historical,gfdl-esm4,historical (FireMIP) - classic - gfdl-esm4,562.0319607705483
2011-12-31 00:00:00,classic,historical,gfdl-esm4,historical (FireMIP) - classic - gfdl-esm4,559.8259101294317
2012-12-31 00:00:00,classic,historical,gfdl-esm4,historical (FireMIP) - classic - gfdl-esm4,664.500235682618
2013-12-31 00:00:00,classic,historical,gfdl-esm4,historical (FireMIP) - classic - gfdl-esm4,602.7712479265175
2014-12-31 00:00:00,classic,historical,gfdl-esm4,historical (FireMIP) - classic - gfdl-esm4,578.8531553216554
2015-12-31 00:00:00,classic,ssp126,ukesm1-0-ll,ssp126 (FireMIP) - classic - ukesm1-0-ll,625.9649368104311
2016-12-31 00:00:00,classic,ssp126,ukesm1-0-ll,ssp126 (FireMIP) - classic - ukesm1-0-ll,554.1321229146854
2017-12-31 00:00:00,classic,ssp126,ukesm1-0-ll,ssp126 (FireMIP) - classic - ukesm1-0-ll,599.0336734653083
2018-12-31 00:00:00,classic,ssp126,ukesm1-0-ll,ssp126 (FireMIP) - classic - ukesm1-0-ll,582.7583002820159
2019-12-31 00:00:00,classic,ssp126,ukesm1-0-ll,ssp126 (FireMIP) - classic - ukesm1-0-ll,577.0847086644986
2020-12-31 00:00:00,classic,ssp126,ukesm1-0-ll,ssp126 (FireMIP) - classic - ukesm1-0-ll,622.5022006062967
2021-12-31 00:00:00,classic,ssp126,ukesm1-0-ll,ssp126 (FireMIP) - classic - ukesm1-0-ll,546.5266407099581
2022-12-31 00:00:00,classic,ssp126,ukesm1-0-ll,ssp126 (FireMIP) - classic - ukesm1-0-ll,574.3715410416839
2023-12-31 00:00:00,classic,ssp126,ukesm1-0-ll,ssp126 (FireMIP) - classic - ukesm1-0-ll,567.1093635172692
2024-12-31 00:00:00,classic,ssp126,ukesm1-0-ll,ssp126 (FireMIP) - classic - ukesm1-0-ll,583.7170838252911
2025-12-31 00:00:00,classic,ssp126,ukesm1-0-ll,ssp126 (FireMIP) - classic - ukesm1-0-ll,565.3146997922915
2026-12-31 00:00:00,classic,ssp126,ukesm1-0-ll,ssp126 (FireMIP) - classic - ukesm1-0-ll,585.6173045993525
2027-12-31 00:00:00,classic,ssp126,ukesm1-0-ll,ssp126 (FireMIP) - classic - ukesm1-0-ll,623.6257270921417
2028-12-31 00:00:00,classic,ssp126,ukesm1-0-ll,ssp126 (FireMIP) - classic - ukesm1-0-ll,553.010953750871
2029-12-31 00:00:00,classic,ssp126,ukesm1-0-ll,ssp126 (FireMIP) - classic - ukesm1-0-ll,535.3015791854435
2030-12-31 00:00:00,classic,ssp126,ukesm1-0-ll,ssp126 (FireMIP) - classic - ukesm1-0-ll,592.702446186733
2031-12-31 00:00:00,classic,ssp126,ukesm1-0-ll,ssp126 (FireMIP) - classic - ukesm1-0-ll,583.3845179281861
2032-12-31 00:00:00,classic,ssp126,ukesm1-0-ll,ssp126 (FireMIP) - classic - ukesm1-0-ll,581.9281599015734
2033-12-31 00:00:00,classic,ssp126,ukesm1-0-ll,ssp126 (FireMIP) - classic - ukesm1-0-ll,560.7136786076388
2034-12-31 00:00:00,classic,ssp126,ukesm1-0-ll,ssp126 (FireMIP) - classic - ukesm1-0-ll,619.7872858042748
2035-12-31 00:00:00,classic,ssp126,ukesm1-0-ll,ssp126 (FireMIP) - classic - ukesm1-0-ll,599.2723993178714
2036-12-31 00:00:00,classic,ssp126,ukesm1-0-ll,ssp126 (FireMIP) - classic - ukesm1-0-ll,560.5022814766013
2037-12-31 00:00:00,classic,ssp126,ukesm1-0-ll,ssp126 (FireMIP) - classic - ukesm1-0-ll,563.7849893624815
2038-12-31 00:00:00,classic,ssp126,ukesm1-0-ll,ssp126 (FireMIP) - classic - ukesm1-0-ll,577.6805738067607
2039-12-31 00:00:00,classic,ssp126,ukesm1-0-ll,ssp126 (FireMIP) - classic - ukesm1-0-ll,592.7101718172217
2040-12-31 00:00:00,classic,ssp126,ukesm1-0-ll,ssp126 (FireMIP) - classic - ukesm1-0-ll,628.7826423775513
2041-12-31 00:00:00,classic,ssp126,ukesm1-0-ll,ssp126 (FireMIP) - classic - ukesm1-0-ll,584.3901539100949
2042-12-31 00:00:00,classic,ssp126,ukesm1-0-ll,ssp126 (FireMIP) - classic - ukesm1-0-ll,576.1209250654362
2043-12-31 00:00:00,classic,ssp126,ukesm1-0-ll,ssp126 (FireMIP) - classic - ukesm1-0-ll,632.6179067006163
2044-12-31 00:00:00,classic,ssp126,ukesm1-0-ll,ssp126 (FireMIP) - classic - ukesm1-0-ll,616.3709218139456
2045-12-31 00:00:00,classic,ssp126,ukesm1-0-ll,ssp126 (FireMIP) - classic - ukesm1-0-ll,621.3563114971874
2046-12-31 00:00:00,classic,ssp126,ukesm1-0-ll,ssp126 (FireMIP) - classic - ukesm1-0-ll,551.5911802624687
2047-12-31 00:00:00,classic,ssp126,ukesm1-0-ll,ssp126 (FireMIP) - classic - ukesm1-0-ll,544.1405841791219
2048-12-31 00:00:00,classic,ssp126,ukesm1-0-ll,ssp126 (FireMIP) - classic - ukesm1-0-ll,581.7373173939958
2049-12-31 00:00:00,classic,ssp126,ukesm1-0-ll,ssp126 (FireMIP) - classic - ukesm1-0-ll,597.817702784189
2050-12-31 00:00:00,classic,ssp126,ukesm1-0-ll,ssp126 (FireMIP) - classic - ukesm1-0-ll,604.9397805345367
2051-12-31 00:00:00,classic,ssp126,ukesm1-0-ll,ssp126 (FireMIP) - classic - ukesm1-0-ll,617.6814729854217
2052-12-31 00:00:00,classic,ssp126,ukesm1-0-ll,ssp126 (FireMIP) - classic - ukesm1-0-ll,599.0826859261592
2053-12-31 00:00:00,classic,ssp126,ukesm1-0-ll,ssp126 (FireMIP) - classic - ukesm1-0-ll,591.1732035276015
2054-12-31 00:00:00,classic,ssp126,ukesm1-0-ll,ssp126 (FireMIP) - classic - ukesm1-0-ll,612.4246236514131
2055-12-31 00:00:00,classic,ssp126,ukesm1-0-ll,ssp126 (FireMIP) - classic - ukesm1-0-ll,559.3230738269189
2056-12-31 00:00:00,classic,ssp126,ukesm1-0-ll,ssp126 (FireMIP) - classic - ukesm1-0-ll,602.9172406872866
2057-12-31 00:00:00,classic,ssp126,ukesm1-0-ll,ssp126 (FireMIP) - classic - ukesm1-0-ll,608.130155153245
2058-12-31 00:00:00,classic,ssp126,ukesm1-0-ll,ssp126 (FireMIP) - classic - ukesm1-0-ll,586.3923580400459
2059-12-31 00:00:00,classic,ssp126,ukesm1-0-ll,ssp126 (FireMIP) - classic - ukesm1-0-ll,571.318576323133
2060-12-31 00:00:00,classic,ssp126,ukesm1-0-ll,ssp126 (FireMIP) - classic - ukesm1-0-ll,580.7269743808203
2061-12-31 00:00:00,classic,ssp126,ukesm1-0-ll,ssp126 (FireMIP) - classic - ukesm1-0-ll,601.5589179762387
2062-12-31 00:00:00,classic,ssp126,ukesm1-0-ll,ssp126 (FireMIP) - classic - ukesm1-0-ll,592.9609658502162
2063-12-31 00:00:00,classic,ssp126,ukesm1-0-ll,ssp126 (FireMIP) - classic - ukesm1-0-ll,589.7439062058016
2064-12-31 00:00:00,classic,ssp126,ukesm1-0-ll,ssp126 (FireMIP) - classic - ukesm1-0-ll,649.7266696009439
2065-12-31 00:00:00,classic,ssp126,ukesm1-0-ll,ssp126 (FireMIP) - classic - ukesm1-0-ll,584.6144548681812
2066-12-31 00:00:00,classic,ssp126,ukesm1-0-ll,ssp126 (FireMIP) - classic - ukesm1-0-ll,600.5210761358408
2067-12-31 00:00:00,classic,ssp126,ukesm1-0-ll,ssp126 (FireMIP) - classic - ukesm1-0-ll,625.3848267413748
2068-12-31 00:00:00,classic,ssp126,ukesm1-0-ll,ssp126 (FireMIP) - classic - ukesm1-0-ll,561.4644873918145
2069-12-31 00:00:00,classic,ssp126,ukesm1-0-ll,ssp126 (FireMIP) - classic - ukesm1-0-ll,625.4343531499785
2070-12-31 00:00:00,classic,ssp126,ukesm1-0-ll,ssp126 (FireMIP) - classic - ukesm1-0-ll,601.5438678223971
2071-12-31 00:00:00,classic,ssp126,ukesm1-0-ll,ssp126 (FireMIP) - classic - ukesm1-0-ll,580.2427588611808
2072-12-31 00:00:00,classic,ssp126,ukesm1-0-ll,ssp126 (FireMIP) - classic - ukesm1-0-ll,635.4481160837624
2073-12-31 00:00:00,classic,ssp126,ukesm1-0-ll,ssp126 (FireMIP) - classic - ukesm1-0-ll,646.3299399675669
2074-12-31 00:00:00,classic,ssp126,ukesm1-0-ll,ssp126 (FireMIP) - classic - ukesm1-0-ll,580.064380180998
2075-12-31 00:00:00,classic,ssp126,ukesm1-0-ll,ssp126 (FireMIP) - classic - ukesm1-0-ll,596.1993650326659
2076-12-31 00:00:00,classic,ssp126,ukesm1-0-ll,ssp126 (FireMIP) - classic - ukesm1-0-ll,594.6485740295697
2077-12-31 00:00:00,classic,ssp126,ukesm1-0-ll,ssp126 (FireMIP) - classic - ukesm1-0-ll,586.4007048000047
2078-12-31 00:00:00,classic,ssp126,ukesm1-0-ll,ssp126 (FireMIP) - classic - ukesm1-0-ll,591.9475989502516
2079-12-31 00:00:00,classic,ssp126,ukesm1-0-ll,ssp126 (FireMIP) - classic - ukesm1-0-ll,591.2169241332136
2080-12-31 00:00:00,classic,ssp126,ukesm1-0-ll,ssp126 (FireMIP) - classic - ukesm1-0-ll,607.5411093435949
2081-12-31 00:00:00,classic,ssp126,ukesm1-0-ll,ssp126 (FireMIP) - classic - ukesm1-0-ll,589.0138529800606
2082-12-31 00:00:00,classic,ssp126,ukesm1-0-ll,ssp126 (FireMIP) - classic - ukesm1-0-ll,612.6823266466029
2083-12-31 00:00:00,classic,ssp126,ukesm1-0-ll,ssp126 (FireMIP) - classic - ukesm1-0-ll,587.5347019732411
2084-12-31 00:00:00,classic,ssp126,ukesm1-0-ll,ssp126 (FireMIP) - classic - ukesm1-0-ll,614.0502141507799
2085-12-31 00:00:00,classic,ssp126,ukesm1-0-ll,ssp126 (FireMIP) - classic - ukesm1-0-ll,635.8663115566189
2086-12-31 00:00:00,classic,ssp126,ukesm1-0-ll,ssp126 (FireMIP) - classic - ukesm1-0-ll,589.8898048763664
2087-12-31 00:00:00,classic,ssp126,ukesm1-0-ll,ssp126 (FireMIP) - classic - ukesm1-0-ll,606.3573737017445
2088-12-31 00:00:00,classic,ssp126,ukesm1-0-ll,ssp126 (FireMIP) - classic - ukesm1-0-ll,645.5235172528588
2089-12-31 00:00:00,classic,ssp126,ukesm1-0-ll,ssp126 (FireMIP) - classic - ukesm1-0-ll,557.275821182264
2090-12-31 00:00:00,classic,ssp126,ukesm1-0-ll,ssp126 (FireMIP) - classic - ukesm1-0-ll,622.5848256042768
2091-12-31 00:00:00,classic,ssp126,ukesm1-0-ll,ssp126 (FireMIP) - classic - ukesm1-0-ll,643.5534500390908
2092-12-31 00:00:00,classic,ssp126,ukesm1-0-ll,ssp126 (FireMIP) - classic - ukesm1-0-ll,600.5379012057657
2093-12-31 00:00:00,classic,ssp126,ukesm1-0-ll,ssp126 (FireMIP) - classic - ukesm1-0-ll,564.0610653934255
2094-12-31 00:00:00,classic,ssp126,ukesm1-0-ll,ssp126 (FireMIP) - classic - ukesm1-0-ll,595.5363705999124
2095-12-31 00:00:00,classic,ssp126,ukesm1-0-ll,ssp126 (FireMIP) - classic - ukesm1-0-ll,589.4460130356091
2096-12-31 00:00:00,classic,ssp126,ukesm1-0-ll,ssp126 (FireMIP) - classic - ukesm1-0-ll,606.1037578331208
2097-12-31 00:00:00,classic,ssp126,ukesm1-0-ll,ssp126 (FireMIP) - classic - ukesm1-0-ll,587.915471643677
2098-12-31 00:00:00,classic,ssp126,ukesm1-0-ll,ssp126 (FireMIP) - classic - ukesm1-0-ll,611.1990856500051
2099-12-31 00:00:00,classic,ssp126,ukesm1-0-ll,ssp126 (FireMIP) - classic - ukesm1-0-ll,631.9456497776533
2100-12-31 00:00:00,classic,ssp126,ukesm1-0-ll,ssp126 (FireMIP) - classic - ukesm1-0-ll,623.59308312165
2015-12-31 00:00:00,classic,ssp126,gfdl-esm4,ssp126 (FireMIP) - classic - gfdl-esm4,581.2449891548775
2016-12-31 00:00:00,classic,ssp126,gfdl-esm4,ssp126 (FireMIP) - classic - gfdl-esm4,620.5791745407108
2017-12-31 00:00:00,classic,ssp126,gfdl-esm4,ssp126 (FireMIP) - classic - gfdl-esm4,623.0972863047341
2018-12-31 00:00:00,classic,ssp126,gfdl-esm4,ssp126 (FireMIP) - classic - gfdl-esm4,539.6537534535483
2019-12-31 00:00:00,classic,ssp126,gfdl-esm4,ssp126 (FireMIP) - classic - gfdl-esm4,590.8147232757199
2020-12-31 00:00:00,classic,ssp126,gfdl-esm4,ssp126 (FireMIP) - classic - gfdl-esm4,593.2416749884587
2021-12-31 00:00:00,classic,ssp126,gfdl-esm4,ssp126 (FireMIP) - classic - gfdl-esm4,631.981997608818
2022-12-31 00:00:00,classic,ssp126,gfdl-esm4,ssp126 (FireMIP) - classic - gfdl-esm4,581.758588645463
2023-12-31 00:00:00,classic,ssp126,gfdl-esm4,ssp126 (FireMIP) - classic - gfdl-esm4,602.8382577150907
2024-12-31 00:00:00,classic,ssp126,gfdl-esm4,ssp126 (FireMIP) - classic - gfdl-esm4,604.8157382349538
2025-12-31 00:00:00,classic,ssp126,gfdl-esm4,ssp126 (FireMIP) - classic - gfdl-esm4,621.0323537086127
2026-12-31 00:00:00,classic,ssp126,gfdl-esm4,ssp126 (FireMIP) - classic - gfdl-esm4,603.4497401881912
2027-12-31 00:00:00,classic,ssp126,gfdl-esm4,ssp126 (FireMIP) - classic - gfdl-esm4,583.3364361059851
2028-12-31 00:00:00,classic,ssp126,gfdl-esm4,ssp126 (FireMIP) - classic - gfdl-esm4,570.699882355233
2029-12-31 00:00:00,classic,ssp126,gfdl-esm4,ssp126 (FireMIP) - classic - gfdl-esm4,640.4674157912797
2030-12-31 00:00:00,classic,ssp126,gfdl-esm4,ssp126 (FireMIP) - classic - gfdl-esm4,594.2423503481147
2031-12-31 00:00:00,classic,ssp126,gfdl-esm4,ssp126 (FireMIP) - classic - gfdl-esm4,583.0656168978594
2032-12-31 00:00:00,classic,ssp126,gfdl-esm4,ssp126 (FireMIP) - classic - gfdl-esm4,605.9646223015546
2033-12-31 00:00:00,classic,ssp126,gfdl-esm4,ssp126 (FireMIP) - classic - gfdl-esm4,629.4240758709117
2034-12-31 00:00:00,classic,ssp126,gfdl-esm4,ssp126 (FireMIP) - classic - gfdl-esm4,591.4086554193162
2035-12-31 00:00:00,classic,ssp126,gfdl-esm4,ssp126 (FireMIP) - classic - gfdl-esm4,612.2787725416141
2036-12-31 00:00:00,classic,ssp126,gfdl-esm4,ssp126 (FireMIP) - classic - gfdl-esm4,626.2631109081686
2037-12-31 00:00:00,classic,ssp126,gfdl-esm4,ssp126 (FireMIP) - classic - gfdl-esm4,614.227041233035
2038-12-31 00:00:00,classic,ssp126,gfdl-esm4,ssp126 (FireMIP) - classic - gfdl-esm4,599.0738967009366
2039-12-31 00:00:00,classic,ssp126,gfdl-esm4,ssp126 (FireMIP) - classic - gfdl-esm4,633.9167068615852
2040-12-31 00:00:00,classic,ssp126,gfdl-esm4,ssp126 (FireMIP) - classic - gfdl-esm4,539.2422334670376
2041-12-31 00:00:00,classic,ssp126,gfdl-esm4,ssp126 (FireMIP) - classic - gfdl-esm4,626.252716332848
2042-12-31 00:00:00,classic,ssp126,gfdl-esm4,ssp126 (FireMIP) - classic - gfdl-esm4,582.6906761253882
2043-12-31 00:00:00,classic,ssp126,gfdl-esm4,ssp126 (FireMIP) - classic - gfdl-esm4,569.1659813163099
2044-12-31 00:00:00,classic,ssp126,gfdl-esm4,ssp126 (FireMIP) - classic - gfdl-esm4,601.2680524752749
2045-12-31 00:00:00,classic,ssp126,gfdl-esm4,ssp126 (FireMIP) - classic - gfdl-esm4,597.9319378913805
2046-12-31 00:00:00,classic,ssp126,gfdl-esm4,ssp126 (FireMIP) - classic - gfdl-esm4,681.9461891997015
2047-12-31 00:00:00,classic,ssp126,gfdl-esm4,ssp126 (FireMIP) - classic - gfdl-esm4,599.4757366526
2048-12-31 00:00:00,classic,ssp126,gfdl-esm4,ssp126 (FireMIP) - classic - gfdl-esm4,602.863946951349
2049-12-31 00:00:00,classic,ssp126,gfdl-esm4,ssp126 (FireMIP) - classic - gfdl-esm4,607.8711269575364
2050-12-31 00:00:00,classic,ssp126,gfdl-esm4,ssp126 (FireMIP) - classic - gfdl-esm4,578.1340139579316
2051-12-31 00:00:00,classic,ssp126,gfdl-esm4,ssp126 (FireMIP) - classic - gfdl-esm4,628.8196439632876
2052-12-31 00:00:00,classic,ssp126,gfdl-esm4,ssp126 (FireMIP) - classic - gfdl-esm4,613.1561588235877
2053-12-31 00:00:00,classic,ssp126,gfdl-esm4,ssp126 (FireMIP) - classic - gfdl-esm4,630.3797720510928
2054-12-31 00:00:00,classic,ssp126,gfdl-esm4,ssp126 (FireMIP) - classic - gfdl-esm4,661.5014211789462
2055-12-31 00:00:00,classic,ssp126,gfdl-esm4,ssp126 (FireMIP) - classic - gfdl-esm4,606.081364140722
2056-12-31 00:00:00,classic,ssp126,gfdl-esm4,ssp126 (FireMIP) - classic - gfdl-esm4,589.0035110015668
2057-12-31 00:00:00,classic,ssp126,gfdl-esm4,ssp126 (FireMIP) - classic - gfdl-esm4,592.6548625347399
2058-12-31 00:00:00,classic,ssp126,gfdl-esm4,ssp126 (FireMIP) - classic - gfdl-esm4,625.9584741701618
2059-12-31 00:00:00,classic,ssp126,gfdl-esm4,ssp126 (FireMIP) - classic - gfdl-esm4,646.8075943857335
2060-12-31 00:00:00,classic,ssp126,gfdl-esm4,ssp126 (FireMIP) - classic - gfdl-esm4,633.397541852367
2061-12-31 00:00:00,classic,ssp126,gfdl-esm4,ssp126 (FireMIP) - classic - gfdl-esm4,644.553261257208
2062-12-31 00:00:00,classic,ssp126,gfdl-esm4,ssp126 (FireMIP) - classic - gfdl-esm4,617.7185723547434
2063-12-31 00:00:00,classic,ssp126,gfdl-esm4,ssp126 (FireMIP) - classic - gfdl-esm4,619.9062678636684
2064-12-31 00:00:00,classic,ssp126,gfdl-esm4,ssp126 (FireMIP) - classic - gfdl-esm4,588.2489576500124
2065-12-31 00:00:00,classic,ssp126,gfdl-esm4,ssp126 (FireMIP) - classic - gfdl-esm4,561.8064274434372
2066-12-31 00:00:00,classic,ssp126,gfdl-esm4,ssp126 (FireMIP) - classic - gfdl-esm4,622.5899826263475
2067-12-31 00:00:00,classic,ssp126,gfdl-esm4,ssp126 (FireMIP) - classic - gfdl-esm4,599.5125791803638
2068-12-31 00:00:00,classic,ssp126,gfdl-esm4,ssp126 (FireMIP) - classic - gfdl-esm4,650.5534077077281
2069-12-31 00:00:00,classic,ssp126,gfdl-esm4,ssp126 (FireMIP) - classic - gfdl-esm4,598.6362575970729
2070-12-31 00:00:00,classic,ssp126,gfdl-esm4,ssp126 (FireMIP) - classic - gfdl-esm4,521.3398472502686
2071-12-31 00:00:00,classic,ssp126,gfdl-esm4,ssp126 (FireMIP) - classic - gfdl-esm4,624.0559576960021
2072-12-31 00:00:00,classic,ssp126,gfdl-esm4,ssp126 (FireMIP) - classic - gfdl-esm4,545.7977767165531
2073-12-31 00:00:00,classic,ssp126,gfdl-esm4,ssp126 (FireMIP) - classic - gfdl-esm4,620.9778161609485
2074-12-31 00:00:00,classic,ssp126,gfdl-esm4,ssp126 (FireMIP) - classic - gfdl-esm4,619.6581088517856
2075-12-31 00:00:00,classic,ssp126,gfdl-esm4,ssp126 (FireMIP) - classic - gfdl-esm4,623.778606021185
2076-12-31 00:00:00,classic,ssp126,gfdl-esm4,ssp126 (FireMIP) - classic - gfdl-esm4,611.8769768776418
2077-12-31 00:00:00,classic,ssp126,gfdl-esm4,ssp126 (FireMIP) - classic - gfdl-esm4,648.6009263993425
2078-12-31 00:00:00,classic,ssp126,gfdl-esm4,ssp126 (FireMIP) - classic - gfdl-esm4,585.0744477000284
2079-12-31 00:00:00,classic,ssp126,gfdl-esm4,ssp126 (FireMIP) - classic - gfdl-esm4,594.0461099900778
2080-12-31 00:00:00,classic,ssp126,gfdl-esm4,ssp126 (FireMIP) - classic - gfdl-esm4,620.9320573766162
2081-12-31 00:00:00,classic,ssp126,gfdl-esm4,ssp126 (FireMIP) - classic - gfdl-esm4,596.0898080707044
2082-12-31 00:00:00,classic,ssp126,gfdl-esm4,ssp126 (FireMIP) - classic - gfdl-esm4,599.6188588983713
2083-12-31 00:00:00,classic,ssp126,gfdl-esm4,ssp126 (FireMIP) - classic - gfdl-esm4,614.2809009919548
2084-12-31 00:00:00,classic,ssp126,gfdl-esm4,ssp126 (FireMIP) - classic - gfdl-esm4,569.2560261937489
2085-12-31 00:00:00,classic,ssp126,gfdl-esm4,ssp126 (FireMIP) - classic - gfdl-esm4,613.6732170955378
2086-12-31 00:00:00,classic,ssp126,gfdl-esm4,ssp126 (FireMIP) - classic - gfdl-esm4,665.9235425316949
2087-12-31 00:00:00,classic,ssp126,gfdl-esm4,ssp126 (FireMIP) - classic - gfdl-esm4,580.966189087717
2088-12-31 00:00:00,classic,ssp126,gfdl-esm4,ssp126 (FireMIP) - classic - gfdl-esm4,603.453892366653
2089-12-31 00:00:00,classic,ssp126,gfdl-esm4,ssp126 (FireMIP) - classic - gfdl-esm4,626.9124517814545
2090-12-31 00:00:00,classic,ssp126,gfdl-esm4,ssp126 (FireMIP) - classic - gfdl-esm4,649.0026301117622
2091-12-31 00:00:00,classic,ssp126,gfdl-esm4,ssp126 (FireMIP) - classic - gfdl-esm4,609.3076937189549
2092-12-31 00:00:00,classic,ssp126,gfdl-esm4,ssp126 (FireMIP) - classic - gfdl-esm4,624.74365091676
2093-12-31 00:00:00,classic,ssp126,gfdl-esm4,ssp126 (FireMIP) - classic - gfdl-esm4,622.8638917462343
2094-12-31 00:00:00,classic,ssp126,gfdl-esm4,ssp126 (FireMIP) - classic - gfdl-esm4,571.5173250816613
2095-12-31 00:00:00,classic,ssp126,gfdl-esm4,ssp126 (FireMIP) - classic - gfdl-esm4,616.5831846458888
2096-12-31 00:00:00,classic,ssp126,gfdl-esm4,ssp126 (FireMIP) - classic - gfdl-esm4,581.1029292897334
2097-12-31 00:00:00,classic,ssp126,gfdl-esm4,ssp126 (FireMIP) - classic - gfdl-esm4,588.1868987903264
2098-12-31 00:00:00,classic,ssp126,gfdl-esm4,ssp126 (FireMIP) - classic - gfdl-esm4,603.8763285075528
2099-12-31 00:00:00,classic,ssp126,gfdl-esm4,ssp126 (FireMIP) - classic - gfdl-esm4,646.9156519895785
2100-12-31 00:00:00,classic,ssp126,gfdl-esm4,ssp126 (FireMIP) - classic - gfdl-esm4,622.8721682459392
2015-12-31 00:00:00,classic,ssp370,ukesm1-0-ll,ssp370 (FireMIP) - classic - ukesm1-0-ll,574.6791429661654
2016-12-31 00:00:00,classic,ssp370,ukesm1-0-ll,ssp370 (FireMIP) - classic - ukesm1-0-ll,608.3310987490785
2017-12-31 00:00:00,classic,ssp370,ukesm1-0-ll,ssp370 (FireMIP) - classic - ukesm1-0-ll,528.2793711825781
2018-12-31 00:00:00,classic,ssp370,ukesm1-0-ll,ssp370 (FireMIP) - classic - ukesm1-0-ll,592.5170062514364
2019-12-31 00:00:00,classic,ssp370,ukesm1-0-ll,ssp370 (FireMIP) - classic - ukesm1-0-ll,555.1632783614267
2020-12-31 00:00:00,classic,ssp370,ukesm1-0-ll,ssp370 (FireMIP) - classic - ukesm1-0-ll,548.3328182668107
2021-12-31 00:00:00,classic,ssp370,ukesm1-0-ll,ssp370 (FireMIP) - classic - ukesm1-0-ll,550.3291535447074
2022-12-31 00:00:00,classic,ssp370,ukesm1-0-ll,ssp370 (FireMIP) - classic - ukesm1-0-ll,556.987535907602
2023-12-31 00:00:00,classic,ssp370,ukesm1-0-ll,ssp370 (FireMIP) - classic - ukesm1-0-ll,560.1920502462034
2024-12-31 00:00:00,classic,ssp370,ukesm1-0-ll,ssp370 (FireMIP) - classic - ukesm1-0-ll,595.9169198852671
2025-12-31 00:00:00,classic,ssp370,ukesm1-0-ll,ssp370 (FireMIP) - classic - ukesm1-0-ll,565.4821168584685
2026-12-31 00:00:00,classic,ssp370,ukesm1-0-ll,ssp370 (FireMIP) - classic - ukesm1-0-ll,585.0303699772925
2027-12-31 00:00:00,classic,ssp370,ukesm1-0-ll,ssp370 (FireMIP) - classic - ukesm1-0-ll,593.1549473888093
2028-12-31 00:00:00,classic,ssp370,ukesm1-0-ll,ssp370 (FireMIP) - classic - ukesm1-0-ll,592.1811183279817
2029-12-31 00:00:00,classic,ssp370,ukesm1-0-ll,ssp370 (FireMIP) - classic - ukesm1-0-ll,590.093493533253
2030-12-31 00:00:00,classic,ssp370,ukesm1-0-ll,ssp370 (FireMIP) - classic - ukesm1-0-ll,578.8372477348817
2031-12-31 00:00:00,classic,ssp370,ukesm1-0-ll,ssp370 (FireMIP) - classic - ukesm1-0-ll,645.9211657392849
2032-12-31 00:00:00,classic,ssp370,ukesm1-0-ll,ssp370 (FireMIP) - classic - ukesm1-0-ll,607.2905311963269
2033-12-31 00:00:00,classic,ssp370,ukesm1-0-ll,ssp370 (FireMIP) - classic - ukesm1-0-ll,614.7489982391729
2034-12-31 00:00:00,classic,ssp370,ukesm1-0-ll,ssp370 (FireMIP) - classic - ukesm1-0-ll,617.2527875485865
2035-12-31 00:00:00,classic,ssp370,ukesm1-0-ll,ssp370 (FireMIP) - classic - ukesm1-0-ll,566.4245275539969
2036-12-31 00:00:00,classic,ssp370,ukesm1-0-ll,ssp370 (FireMIP) - classic - ukesm1-0-ll,590.0405438716372
2037-12-31 00:00:00,classic,ssp370,ukesm1-0-ll,ssp370 (FireMIP) - classic - ukesm1-0-ll,608.4074480102655
2038-12-31 00:00:00,classic,ssp370,ukesm1-0-ll,ssp370 (FireMIP) - classic - ukesm1-0-ll,573.8155079880788
2039-12-31 00:00:00,classic,ssp370,ukesm1-0-ll,ssp370 (FireMIP) - classic - ukesm1-0-ll,611.5269955348678
2040-12-31 00:00:00,classic,ssp370,ukesm1-0-ll,ssp370 (FireMIP) - classic - ukesm1-0-ll,600.2878112406419
2041-12-31 00:00:00,classic,ssp370,ukesm1-0-ll,ssp370 (FireMIP) - classic - ukesm1-0-ll,603.7437204185321
2042-12-31 00:00:00,classic,ssp370,ukesm1-0-ll,ssp370 (FireMIP) - classic - ukesm1-0-ll,575.4416941487945
2043-12-31 00:00:00,classic,ssp370,ukesm1-0-ll,ssp370 (FireMIP) - classic - ukesm1-0-ll,629.9622737263046
2044-12-31 00:00:00,classic,ssp370,ukesm1-0-ll,ssp370 (FireMIP) - classic - ukesm1-0-ll,596.2242264256175
2045-12-31 00:00:00,classic,ssp370,ukesm1-0-ll,ssp370 (FireMIP) - classic - ukesm1-0-ll,586.5392974294065
2046-12-31 00:00:00,classic,ssp370,ukesm1-0-ll,ssp370 (FireMIP) - classic - ukesm1-0-ll,627.1061462737088
2047-12-31 00:00:00,classic,ssp370,ukesm1-0-ll,ssp370 (FireMIP) - classic - ukesm1-0-ll,585.7588931268556
2048-12-31 00:00:00,classic,ssp370,ukesm1-0-ll,ssp370 (FireMIP) - classic - ukesm1-0-ll,599.0210441935147
2049-12-31 00:00:00,classic,ssp370,ukesm1-0-ll,ssp370 (FireMIP) - classic - ukesm1-0-ll,625.4378374181638
2050-12-31 00:00:00,classic,ssp370,ukesm1-0-ll,ssp370 (FireMIP) - classic - ukesm1-0-ll,632.6077423850201
2051-12-31 00:00:00,classic,ssp370,ukesm1-0-ll,ssp370 (FireMIP) - classic - ukesm1-0-ll,602.005780117879
2052-12-31 00:00:00,classic,ssp370,ukesm1-0-ll,ssp370 (FireMIP) - classic - ukesm1-0-ll,615.6267508007546
2053-12-31 00:00:00,classic,ssp370,ukesm1-0-ll,ssp370 (FireMIP) - classic - ukesm1-0-ll,570.8330656946999
2054-12-31 00:00:00,classic,ssp370,ukesm1-0-ll,ssp370 (FireMIP) - classic - ukesm1-0-ll,603.7931360701754
2055-12-31 00:00:00,classic,ssp370,ukesm1-0-ll,ssp370 (FireMIP) - classic - ukesm1-0-ll,588.5281759715092
2056-12-31 00:00:00,classic,ssp370,ukesm1-0-ll,ssp370 (FireMIP) - classic - ukesm1-0-ll,595.3105134406732
2057-12-31 00:00:00,classic,ssp370,ukesm1-0-ll,ssp370 (FireMIP) - classic - ukesm1-0-ll,562.974508438043
2058-12-31 00:00:00,classic,ssp370,ukesm1-0-ll,ssp370 (FireMIP) - classic - ukesm1-0-ll,589.3065194781151
2059-12-31 00:00:00,classic,ssp370,ukesm1-0-ll,ssp370 (FireMIP) - classic - ukesm1-0-ll,631.2994696403615
2060-12-31 00:00:00,classic,ssp370,ukesm1-0-ll,ssp370 (FireMIP) - classic - ukesm1-0-ll,611.6759717343123
2061-12-31 00:00:00,classic,ssp370,ukesm1-0-ll,ssp370 (FireMIP) - classic - ukesm1-0-ll,630.8478118526681
2062-12-31 00:00:00,classic,ssp370,ukesm1-0-ll,ssp370 (FireMIP) - classic - ukesm1-0-ll,614.0718407943563
2063-12-31 00:00:00,classic,ssp370,ukesm1-0-ll,ssp370 (FireMIP) - classic - ukesm1-0-ll,626.585725511087
2064-12-31 00:00:00,classic,ssp370,ukesm1-0-ll,ssp370 (FireMIP) - classic - ukesm1-0-ll,620.2349522408484
2065-12-31 00:00:00,classic,ssp370,ukesm1-0-ll,ssp370 (FireMIP) - classic - ukesm1-0-ll,637.0263004841662
2066-12-31 00:00:00,classic,ssp370,ukesm1-0-ll,ssp370 (FireMIP) - classic - ukesm1-0-ll,671.8211044756468
2067-12-31 00:00:00,classic,ssp370,ukesm1-0-ll,ssp370 (FireMIP) - classic - ukesm1-0-ll,611.5482237813159
2068-12-31 00:00:00,classic,ssp370,ukesm1-0-ll,ssp370 (FireMIP) - classic - ukesm1-0-ll,630.2664622068119
2069-12-31 00:00:00,classic,ssp370,ukesm1-0-ll,ssp370 (FireMIP) - classic - ukesm1-0-ll,613.8562057389958
2070-12-31 00:00:00,classic,ssp370,ukesm1-0-ll,ssp370 (FireMIP) - classic - ukesm1-0-ll,608.4028621869664
2071-12-31 00:00:00,classic,ssp370,ukesm1-0-ll,ssp370 (FireMIP) - classic - ukesm1-0-ll,656.0129404092982
2072-12-31 00:00:00,classic,ssp370,ukesm1-0-ll,ssp370 (FireMIP) - classic - ukesm1-0-ll,627.0513707021752
2073-12-31 00:00:00,classic,ssp370,ukesm1-0-ll,ssp370 (FireMIP) - classic - ukesm1-0-ll,597.2545866006649
2074-12-31 00:00:00,classic,ssp370,ukesm1-0-ll,ssp370 (FireMIP) - classic - ukesm1-0-ll,617.6478661716135
2075-12-31 00:00:00,classic,ssp370,ukesm1-0-ll,ssp370 (FireMIP) - classic - ukesm1-0-ll,662.6857395159863
2076-12-31 00:00:00,classic,ssp370,ukesm1-0-ll,ssp370 (FireMIP) - classic - ukesm1-0-ll,628.4026154713589
2077-12-31 00:00:00,classic,ssp370,ukesm1-0-ll,ssp370 (FireMIP) - classic - ukesm1-0-ll,672.0484739411555
2078-12-31 00:00:00,classic,ssp370,ukesm1-0-ll,ssp370 (FireMIP) - classic - ukesm1-0-ll,648.3648052788955
2079-12-31 00:00:00,classic,ssp370,ukesm1-0-ll,ssp370 (FireMIP) - classic - ukesm1-0-ll,624.4750326836491
2080-12-31 00:00:00,classic,ssp370,ukesm1-0-ll,ssp370 (FireMIP) - classic - ukesm1-0-ll,656.2653994174756
2081-12-31 00:00:00,classic,ssp370,ukesm1-0-ll,ssp370 (FireMIP) - classic - ukesm1-0-ll,625.0246316288775
2082-12-31 00:00:00,classic,ssp370,ukesm1-0-ll,ssp370 (FireMIP) - classic - ukesm1-0-ll,630.7175863032674
2083-12-31 00:00:00,classic,ssp370,ukesm1-0-ll,ssp370 (FireMIP) - classic - ukesm1-0-ll,698.7618314950751
2084-12-31 00:00:00,classic,ssp370,ukesm1-0-ll,ssp370 (FireMIP) - classic - ukesm1-0-ll,655.0887231112999
2085-12-31 00:00:00,classic,ssp370,ukesm1-0-ll,ssp370 (FireMIP) - classic - ukesm1-0-ll,634.7950547671729
2086-12-31 00:00:00,classic,ssp370,ukesm1-0-ll,ssp370 (FireMIP) - classic - ukesm1-0-ll,613.2988969544903
2087-12-31 00:00:00,classic,ssp370,ukesm1-0-ll,ssp370 (FireMIP) - classic - ukesm1-0-ll,646.6419885047952
2088-12-31 00:00:00,classic,ssp370,ukesm1-0-ll,ssp370 (FireMIP) - classic - ukesm1-0-ll,625.4469824442804
2089-12-31 00:00:00,classic,ssp370,ukesm1-0-ll,ssp370 (FireMIP) - classic - ukesm1-0-ll,640.5771594922802
2090-12-31 00:00:00,classic,ssp370,ukesm1-0-ll,ssp370 (FireMIP) - classic - ukesm1-0-ll,654.2837634395213
2091-12-31 00:00:00,classic,ssp370,ukesm1-0-ll,ssp370 (FireMIP) - classic - ukesm1-0-ll,605.2228896171482
2092-12-31 00:00:00,classic,ssp370,ukesm1-0-ll,ssp370 (FireMIP) - classic - ukesm1-0-ll,643.4997356379178
2093-12-31 00:00:00,classic,ssp370,ukesm1-0-ll,ssp370 (FireMIP) - classic - ukesm1-0-ll,638.015012528821
2094-12-31 00:00:00,classic,ssp370,ukesm1-0-ll,ssp370 (FireMIP) - classic - ukesm1-0-ll,682.9903108762661
2095-12-31 00:00:00,classic,ssp370,ukesm1-0-ll,ssp370 (FireMIP) - classic - ukesm1-0-ll,625.048001683181
2096-12-31 00:00:00,classic,ssp370,ukesm1-0-ll,ssp370 (FireMIP) - classic - ukesm1-0-ll,654.1151898691106
2097-12-31 00:00:00,classic,ssp370,ukesm1-0-ll,ssp370 (FireMIP) - classic - ukesm1-0-ll,623.3871555989585
2098-12-31 00:00:00,classic,ssp370,ukesm1-0-ll,ssp370 (FireMIP) - classic - ukesm1-0-ll,650.8652698126821
2099-12-31 00:00:00,classic,ssp370,ukesm1-0-ll,ssp370 (FireMIP) - classic - ukesm1-0-ll,657.5602833215316
2100-12-31 00:00:00,classic,ssp370,ukesm1-0-ll,ssp370 (FireMIP) - classic - ukesm1-0-ll,626.828426506018
2015-12-31 00:00:00,classic,ssp370,gfdl-esm4,ssp370 (FireMIP) - classic - gfdl-esm4,582.5900445647366
2016-12-31 00:00:00,classic,ssp370,gfdl-esm4,ssp370 (FireMIP) - classic - gfdl-esm4,631.9422323236686
2017-12-31 00:00:00,classic,ssp370,gfdl-esm4,ssp370 (FireMIP) - classic - gfdl-esm4,647.7606589317498
2018-12-31 00:00:00,classic,ssp370,gfdl-esm4,ssp370 (FireMIP) - classic - gfdl-esm4,575.1077510096453
2019-12-31 00:00:00,classic,ssp370,gfdl-esm4,ssp370 (FireMIP) - classic - gfdl-esm4,549.7783927098277
2020-12-31 00:00:00,classic,ssp370,gfdl-esm4,ssp370 (FireMIP) - classic - gfdl-esm4,597.3568964674237
2021-12-31 00:00:00,classic,ssp370,gfdl-esm4,ssp370 (FireMIP) - classic - gfdl-esm4,637.7648706923902
2022-12-31 00:00:00,classic,ssp370,gfdl-esm4,ssp370 (FireMIP) - classic - gfdl-esm4,569.1885142277252
2023-12-31 00:00:00,classic,ssp370,gfdl-esm4,ssp370 (FireMIP) - classic - gfdl-esm4,559.5590907914228
2024-12-31 00:00:00,classic,ssp370,gfdl-esm4,ssp370 (FireMIP) - classic - gfdl-esm4,606.692977969794
2025-12-31 00:00:00,classic,ssp370,gfdl-esm4,ssp370 (FireMIP) - classic - gfdl-esm4,662.3930623482305
2026-12-31 00:00:00,classic,ssp370,gfdl-esm4,ssp370 (FireMIP) - classic - gfdl-esm4,570.7309831611416
2027-12-31 00:00:00,classic,ssp370,gfdl-esm4,ssp370 (FireMIP) - classic - gfdl-esm4,569.9714508681279
2028-12-31 00:00:00,classic,ssp370,gfdl-esm4,ssp370 (FireMIP) - classic - gfdl-esm4,626.1449199986364
2029-12-31 00:00:00,classic,ssp370,gfdl-esm4,ssp370 (FireMIP) - classic - gfdl-esm4,629.9060163988757
2030-12-31 00:00:00,classic,ssp370,gfdl-esm4,ssp370 (FireMIP) - classic - gfdl-esm4,584.4211761115947
2031-12-31 00:00:00,classic,ssp370,gfdl-esm4,ssp370 (FireMIP) - classic - gfdl-esm4,576.8231057108713
2032-12-31 00:00:00,classic,ssp370,gfdl-esm4,ssp370 (FireMIP) - classic - gfdl-esm4,616.0644772402437
2033-12-31 00:00:00,classic,ssp370,gfdl-esm4,ssp370 (FireMIP) - classic - gfdl-esm4,629.5091003468702
2034-12-31 00:00:00,classic,ssp370,gfdl-esm4,ssp370 (FireMIP) - classic - gfdl-esm4,592.4615908359107
2035-12-31 00:00:00,classic,ssp370,gfdl-esm4,ssp370 (FireMIP) - classic - gfdl-esm4,568.2976623060653
2036-12-31 00:00:00,classic,ssp370,gfdl-esm4,ssp370 (FireMIP) - classic - gfdl-esm4,628.1513514257837
2037-12-31 00:00:00,classic,ssp370,gfdl-esm4,ssp370 (FireMIP) - classic - gfdl-esm4,593.4037411957228
2038-12-31 00:00:00,classic,ssp370,gfdl-esm4,ssp370 (FireMIP) - classic - gfdl-esm4,591.5732296019775
2039-12-31 00:00:00,classic,ssp370,gfdl-esm4,ssp370 (FireMIP) - classic - gfdl-esm4,601.6095133933467
2040-12-31 00:00:00,classic,ssp370,gfdl-esm4,ssp370 (FireMIP) - classic - gfdl-esm4,591.4361481991536
2041-12-31 00:00:00,classic,ssp370,gfdl-esm4,ssp370 (FireMIP) - classic - gfdl-esm4,626.7679095280618
2042-12-31 00:00:00,classic,ssp370,gfdl-esm4,ssp370 (FireMIP) - classic - gfdl-esm4,616.0416494030592
2043-12-31 00:00:00,classic,ssp370,gfdl-esm4,ssp370 (FireMIP) - classic - gfdl-esm4,597.6983109325079
2044-12-31 00:00:00,classic,ssp370,gfdl-esm4,ssp370 (FireMIP) - classic - gfdl-esm4,615.1798625464692
2045-12-31 00:00:00,classic,ssp370,gfdl-esm4,ssp370 (FireMIP) - classic - gfdl-esm4,647.7625129355074
2046-12-31 00:00:00,classic,ssp370,gfdl-esm4,ssp370 (FireMIP) - classic - gfdl-esm4,588.0689047585076
2047-12-31 00:00:00,classic,ssp370,gfdl-esm4,ssp370 (FireMIP) - classic - gfdl-esm4,579.457801834539
2048-12-31 00:00:00,classic,ssp370,gfdl-esm4,ssp370 (FireMIP) - classic - gfdl-esm4,638.7964859666125
2049-12-31 00:00:00,classic,ssp370,gfdl-esm4,ssp370 (FireMIP) - classic - gfdl-esm4,558.8617042043073
2050-12-31 00:00:00,classic,ssp370,gfdl-esm4,ssp370 (FireMIP) - classic - gfdl-esm4,666.3679798778049
2051-12-31 00:00:00,classic,ssp370,gfdl-esm4,ssp370 (FireMIP) - classic - gfdl-esm4,673.9068279542045
2052-12-31 00:00:00,classic,ssp370,gfdl-esm4,ssp370 (FireMIP) - classic - gfdl-esm4,639.1543889412359
2053-12-31 00:00:00,classic,ssp370,gfdl-esm4,ssp370 (FireMIP) - classic - gfdl-esm4,601.5404174158674
2054-12-31 00:00:00,classic,ssp370,gfdl-esm4,ssp370 (FireMIP) - classic - gfdl-esm4,603.6211132990658
2055-12-31 00:00:00,classic,ssp370,gfdl-esm4,ssp370 (FireMIP) - classic - gfdl-esm4,605.2390071349491
2056-12-31 00:00:00,classic,ssp370,gfdl-esm4,ssp370 (FireMIP) - classic - gfdl-esm4,640.9818410822343
2057-12-31 00:00:00,classic,ssp370,gfdl-esm4,ssp370 (FireMIP) - classic - gfdl-esm4,624.3770492492662
2058-12-31 00:00:00,classic,ssp370,gfdl-esm4,ssp370 (FireMIP) - classic - gfdl-esm4,630.9599363584128
2059-12-31 00:00:00,classic,ssp370,gfdl-esm4,ssp370 (FireMIP) - classic - gfdl-esm4,548.2322708820874
2060-12-31 00:00:00,classic,ssp370,gfdl-esm4,ssp370 (FireMIP) - classic - gfdl-esm4,668.7522365325138
2061-12-31 00:00:00,classic,ssp370,gfdl-esm4,ssp370 (FireMIP) - classic - gfdl-esm4,630.0850286441827
2062-12-31 00:00:00,classic,ssp370,gfdl-esm4,ssp370 (FireMIP) - classic - gfdl-esm4,663.0066651901491
2063-12-31 00:00:00,classic,ssp370,gfdl-esm4,ssp370 (FireMIP) - classic - gfdl-esm4,595.1375255833981
2064-12-31 00:00:00,classic,ssp370,gfdl-esm4,ssp370 (FireMIP) - classic - gfdl-esm4,627.4823627696023
2065-12-31 00:00:00,classic,ssp370,gfdl-esm4,ssp370 (FireMIP) - classic - gfdl-esm4,609.864350485505
2066-12-31 00:00:00,classic,ssp370,gfdl-esm4,ssp370 (FireMIP) - classic - gfdl-esm4,601.1240290199448
2067-12-31 00:00:00,classic,ssp370,gfdl-esm4,ssp370 (FireMIP) - classic - gfdl-esm4,609.1960890395213
2068-12-31 00:00:00,classic,ssp370,gfdl-esm4,ssp370 (FireMIP) - classic - gfdl-esm4,655.5525227070126
2069-12-31 00:00:00,classic,ssp370,gfdl-esm4,ssp370 (FireMIP) - classic - gfdl-esm4,698.6442900718135
2070-12-31 00:00:00,classic,ssp370,gfdl-esm4,ssp370 (FireMIP) - classic - gfdl-esm4,600.3082786546489
2071-12-31 00:00:00,classic,ssp370,gfdl-esm4,ssp370 (FireMIP) - classic - gfdl-esm4,598.2770252090187
2072-12-31 00:00:00,classic,ssp370,gfdl-esm4,ssp370 (FireMIP) - classic - gfdl-esm4,683.6976987980324
2073-12-31 00:00:00,classic,ssp370,gfdl-esm4,ssp370 (FireMIP) - classic - gfdl-esm4,637.758603519585
2074-12-31 00:00:00,classic,ssp370,gfdl-esm4,ssp370 (FireMIP) - classic - gfdl-esm4,554.2999479009973
2075-12-31 00:00:00,classic,ssp370,gfdl-esm4,ssp370 (FireMIP) - classic - gfdl-esm4,610.272429775172
2076-12-31 00:00:00,classic,ssp370,gfdl-esm4,ssp370 (FireMIP) - classic - gfdl-esm4,622.0128604798389
2077-12-31 00:00:00,classic,ssp370,gfdl-esm4,ssp370 (FireMIP) - classic - gfdl-esm4,599.6581324575682
2078-12-31 00:00:00,classic,ssp370,gfdl-esm4,ssp370 (FireMIP) - classic - gfdl-esm4,656.5174756743553
2079-12-31 00:00:00,classic,ssp370,gfdl-esm4,ssp370 (FireMIP) - classic - gfdl-esm4,606.846088458029
2080-12-31 00:00:00,classic,ssp370,gfdl-esm4,ssp370 (FireMIP) - classic - gfdl-esm4,604.6811891263653
2081-12-31 00:00:00,classic,ssp370,gfdl-esm4,ssp370 (FireMIP) - classic - gfdl-esm4,640.9142630326547
2082-12-31 00:00:00,classic,ssp370,gfdl-esm4,ssp370 (FireMIP) - classic - gfdl-esm4,606.3206198047633
2083-12-31 00:00:00,classic,ssp370,gfdl-esm4,ssp370 (FireMIP) - classic - gfdl-esm4,619.1469106525803
2084-12-31 00:00:00,classic,ssp370,gfdl-esm4,ssp370 (FireMIP) - classic - gfdl-esm4,614.9831568869258
2085-12-31 00:00:00,classic,ssp370,gfdl-esm4,ssp370 (FireMIP) - classic - gfdl-esm4,665.3971581677789
2086-12-31 00:00:00,classic,ssp370,gfdl-esm4,ssp370 (FireMIP) - classic - gfdl-esm4,697.8176401856834
2087-12-31 00:00:00,classic,ssp370,gfdl-esm4,ssp370 (FireMIP) - classic - gfdl-esm4,608.4381724044321
2088-12-31 00:00:00,classic,ssp370,gfdl-esm4,ssp370 (FireMIP) - classic - gfdl-esm4,632.6853850374101
2089-12-31 00:00:00,classic,ssp370,gfdl-esm4,ssp370 (FireMIP) - classic - gfdl-esm4,595.9498358597788
2090-12-31 00:00:00,classic,ssp370,gfdl-esm4,ssp370 (FireMIP) - classic - gfdl-esm4,666.0670643134756
2091-12-31 00:00:00,classic,ssp370,gfdl-esm4,ssp370 (FireMIP) - classic - gfdl-esm4,593.4631914070224
2092-12-31 00:00:00,classic,ssp370,gfdl-esm4,ssp370 (FireMIP) - classic - gfdl-esm4,650.4629762643673
2093-12-31 00:00:00,classic,ssp370,gfdl-esm4,ssp370 (FireMIP) - classic - gfdl-esm4,680.3042283536655
2094-12-31 00:00:00,classic,ssp370,gfdl-esm4,ssp370 (FireMIP) - classic - gfdl-esm4,632.98254013693
2095-12-31 00:00:00,classic,ssp370,gfdl-esm4,ssp370 (FireMIP) - classic - gfdl-esm4,646.1135888954296
2096-12-31 00:00:00,classic,ssp370,gfdl-esm4,ssp370 (FireMIP) - classic - gfdl-esm4,693.0740352255149
2097-12-31 00:00:00,classic,ssp370,gfdl-esm4,ssp370 (FireMIP) - classic - gfdl-esm4,608.8629975280277
2098-12-31 00:00:00,classic,ssp370,gfdl-esm4,ssp370 (FireMIP) - classic - gfdl-esm4,638.6342633459648
2099-12-31 00:00:00,classic,ssp370,gfdl-esm4,ssp370 (FireMIP) - classic - gfdl-esm4,610.6267404800814
2100-12-31 00:00:00,classic,ssp370,gfdl-esm4,ssp370 (FireMIP) - classic - gfdl-esm4,682.3757346595409
2015-12-31 00:00:00,classic,ssp585,ukesm1-0-ll,ssp585 (FireMIP) - classic - ukesm1-0-ll,557.7645711008682
2016-12-31 00:00:00,classic,ssp585,ukesm1-0-ll,ssp585 (FireMIP) - classic - ukesm1-0-ll,608.4389489074616
2017-12-31 00:00:00,classic,ssp585,ukesm1-0-ll,ssp585 (FireMIP) - classic - ukesm1-0-ll,579.0085302167226
2018-12-31 00:00:00,classic,ssp585,ukesm1-0-ll,ssp585 (FireMIP) - classic - ukesm1-0-ll,575.1235711254388
2019-12-31 00:00:00,classic,ssp585,ukesm1-0-ll,ssp585 (FireMIP) - classic - ukesm1-0-ll,549.913324967849
2020-12-31 00:00:00,classic,ssp585,ukesm1-0-ll,ssp585 (FireMIP) - classic - ukesm1-0-ll,558.417758673142
2021-12-31 00:00:00,classic,ssp585,ukesm1-0-ll,ssp585 (FireMIP) - classic - ukesm1-0-ll,590.0923099236983
2022-12-31 00:00:00,classic,ssp585,ukesm1-0-ll,ssp585 (FireMIP) - classic - ukesm1-0-ll,547.3758850209862
2023-12-31 00:00:00,classic,ssp585,ukesm1-0-ll,ssp585 (FireMIP) - classic - ukesm1-0-ll,581.8687487622916
2024-12-31 00:00:00,classic,ssp585,ukesm1-0-ll,ssp585 (FireMIP) - classic - ukesm1-0-ll,580.9620648521077
2025-12-31 00:00:00,classic,ssp585,ukesm1-0-ll,ssp585 (FireMIP) - classic - ukesm1-0-ll,570.4032894758287
2026-12-31 00:00:00,classic,ssp585,ukesm1-0-ll,ssp585 (FireMIP) - classic - ukesm1-0-ll,548.9913237810464
2027-12-31 00:00:00,classic,ssp585,ukesm1-0-ll,ssp585 (FireMIP) - classic - ukesm1-0-ll,558.7470564738975
2028-12-31 00:00:00,classic,ssp585,ukesm1-0-ll,ssp585 (FireMIP) - classic - ukesm1-0-ll,531.6078608234066
2029-12-31 00:00:00,classic,ssp585,ukesm1-0-ll,ssp585 (FireMIP) - classic - ukesm1-0-ll,584.669653817639
2030-12-31 00:00:00,classic,ssp585,ukesm1-0-ll,ssp585 (FireMIP) - classic - ukesm1-0-ll,585.3327864318709
2031-12-31 00:00:00,classic,ssp585,ukesm1-0-ll,ssp585 (FireMIP) - classic - ukesm1-0-ll,590.312328473541
2032-12-31 00:00:00,classic,ssp585,ukesm1-0-ll,ssp585 (FireMIP) - classic - ukesm1-0-ll,590.3031159544342
2033-12-31 00:00:00,classic,ssp585,ukesm1-0-ll,ssp585 (FireMIP) - classic - ukesm1-0-ll,639.5846139676534
2034-12-31 00:00:00,classic,ssp585,ukesm1-0-ll,ssp585 (FireMIP) - classic - ukesm1-0-ll,600.8764324779153
2035-12-31 00:00:00,classic,ssp585,ukesm1-0-ll,ssp585 (FireMIP) - classic - ukesm1-0-ll,651.8217980305632
2036-12-31 00:00:00,classic,ssp585,ukesm1-0-ll,ssp585 (FireMIP) - classic - ukesm1-0-ll,581.0036728273905
2037-12-31 00:00:00,classic,ssp585,ukesm1-0-ll,ssp585 (FireMIP) - classic - ukesm1-0-ll,578.1777878586488
2038-12-31 00:00:00,classic,ssp585,ukesm1-0-ll,ssp585 (FireMIP) - classic - ukesm1-0-ll,621.9699106180173
2039-12-31 00:00:00,classic,ssp585,ukesm1-0-ll,ssp585 (FireMIP) - classic - ukesm1-0-ll,591.1144486068234
2040-12-31 00:00:00,classic,ssp585,ukesm1-0-ll,ssp585 (FireMIP) - classic - ukesm1-0-ll,608.7938016956133
2041-12-31 00:00:00,classic,ssp585,ukesm1-0-ll,ssp585 (FireMIP) - classic - ukesm1-0-ll,615.113870877465
2042-12-31 00:00:00,classic,ssp585,ukesm1-0-ll,ssp585 (FireMIP) - classic - ukesm1-0-ll,612.7496486490337
2043-12-31 00:00:00,classic,ssp585,ukesm1-0-ll,ssp585 (FireMIP) - classic - ukesm1-0-ll,595.3884350852491
2044-12-31 00:00:00,classic,ssp585,ukesm1-0-ll,ssp585 (FireMIP) - classic - ukesm1-0-ll,624.6442087455663
2045-12-31 00:00:00,classic,ssp585,ukesm1-0-ll,ssp585 (FireMIP) - classic - ukesm1-0-ll,597.917054294221
2046-12-31 00:00:00,classic,ssp585,ukesm1-0-ll,ssp585 (FireMIP) - classic - ukesm1-0-ll,574.7718390063125
2047-12-31 00:00:00,classic,ssp585,ukesm1-0-ll,ssp585 (FireMIP) - classic - ukesm1-0-ll,591.0236169243627
2048-12-31 00:00:00,classic,ssp585,ukesm1-0-ll,ssp585 (FireMIP) - classic - ukesm1-0-ll,592.0706315492099
2049-12-31 00:00:00,classic,ssp585,ukesm1-0-ll,ssp585 (FireMIP) - classic - ukesm1-0-ll,615.4264360536796
2050-12-31 00:00:00,classic,ssp585,ukesm1-0-ll,ssp585 (FireMIP) - classic - ukesm1-0-ll,596.6535992184415
2051-12-31 00:00:00,classic,ssp585,ukesm1-0-ll,ssp585 (FireMIP) - classic - ukesm1-0-ll,612.6015073721434
2052-12-31 00:00:00,classic,ssp585,ukesm1-0-ll,ssp585 (FireMIP) - classic - ukesm1-0-ll,571.853904147826
2053-12-31 00:00:00,classic,ssp585,ukesm1-0-ll,ssp585 (FireMIP) - classic - ukesm1-0-ll,617.2911169468917
2054-12-31 00:00:00,classic,ssp585,ukesm1-0-ll,ssp585 (FireMIP) - classic - ukesm1-0-ll,645.293005624956
2055-12-31 00:00:00,classic,ssp585,ukesm1-0-ll,ssp585 (FireMIP) - classic - ukesm1-0-ll,644.8183616936135
2056-12-31 00:00:00,classic,ssp585,ukesm1-0-ll,ssp585 (FireMIP) - classic - ukesm1-0-ll,595.9738274821029
2057-12-31 00:00:00,classic,ssp585,ukesm1-0-ll,ssp585 (FireMIP) - classic - ukesm1-0-ll,627.8876165143973
2058-12-31 00:00:00,classic,ssp585,ukesm1-0-ll,ssp585 (FireMIP) - classic - ukesm1-0-ll,601.278723518633
2059-12-31 00:00:00,classic,ssp585,ukesm1-0-ll,ssp585 (FireMIP) - classic - ukesm1-0-ll,622.3684077411533
2060-12-31 00:00:00,classic,ssp585,ukesm1-0-ll,ssp585 (FireMIP) - classic - ukesm1-0-ll,653.6068154405124
2061-12-31 00:00:00,classic,ssp585,ukesm1-0-ll,ssp585 (FireMIP) - classic - ukesm1-0-ll,628.9102856744124
2062-12-31 00:00:00,classic,ssp585,ukesm1-0-ll,ssp585 (FireMIP) - classic - ukesm1-0-ll,651.4380946321228
2063-12-31 00:00:00,classic,ssp585,ukesm1-0-ll,ssp585 (FireMIP) - classic - ukesm1-0-ll,624.0723651047091
2064-12-31 00:00:00,classic,ssp585,ukesm1-0-ll,ssp585 (FireMIP) - classic - ukesm1-0-ll,592.4519024900644
2065-12-31 00:00:00,classic,ssp585,ukesm1-0-ll,ssp585 (FireMIP) - classic - ukesm1-0-ll,600.8422769990507
2066-12-31 00:00:00,classic,ssp585,ukesm1-0-ll,ssp585 (FireMIP) - classic - ukesm1-0-ll,623.0953759488308
2067-12-31 00:00:00,classic,ssp585,ukesm1-0-ll,ssp585 (FireMIP) - classic - ukesm1-0-ll,596.6218588782892
2068-12-31 00:00:00,classic,ssp585,ukesm1-0-ll,ssp585 (FireMIP) - classic - ukesm1-0-ll,643.6260183759441
2069-12-31 00:00:00,classic,ssp585,ukesm1-0-ll,ssp585 (FireMIP) - classic - ukesm1-0-ll,673.6506492834637
2070-12-31 00:00:00,classic,ssp585,ukesm1-0-ll,ssp585 (FireMIP) - classic - ukesm1-0-ll,652.3719850448744
2071-12-31 00:00:00,classic,ssp585,ukesm1-0-ll,ssp585 (FireMIP) - classic - ukesm1-0-ll,655.0959299620475
2072-12-31 00:00:00,classic,ssp585,ukesm1-0-ll,ssp585 (FireMIP) - classic - ukesm1-0-ll,645.2130144597558
2073-12-31 00:00:00,classic,ssp585,ukesm1-0-ll,ssp585 (FireMIP) - classic - ukesm1-0-ll,616.2829371814879
2074-12-31 00:00:00,classic,ssp585,ukesm1-0-ll,ssp585 (FireMIP) - classic - ukesm1-0-ll,613.2889216751254
2075-12-31 00:00:00,classic,ssp585,ukesm1-0-ll,ssp585 (FireMIP) - classic - ukesm1-0-ll,651.8253034812641
2076-12-31 00:00:00,classic,ssp585,ukesm1-0-ll,ssp585 (FireMIP) - classic - ukesm1-0-ll,659.139268338207
2077-12-31 00:00:00,classic,ssp585,ukesm1-0-ll,ssp585 (FireMIP) - classic - ukesm1-0-ll,639.628048468338
2078-12-31 00:00:00,classic,ssp585,ukesm1-0-ll,ssp585 (FireMIP) - classic - ukesm1-0-ll,600.7449939764676
2079-12-31 00:00:00,classic,ssp585,ukesm1-0-ll,ssp585 (FireMIP) - classic - ukesm1-0-ll,610.726004224668
2080-12-31 00:00:00,classic,ssp585,ukesm1-0-ll,ssp585 (FireMIP) - classic - ukesm1-0-ll,644.2423966354137
2081-12-31 00:00:00,classic,ssp585,ukesm1-0-ll,ssp585 (FireMIP) - classic - ukesm1-0-ll,615.3657975798127
2082-12-31 00:00:00,classic,ssp585,ukesm1-0-ll,ssp585 (FireMIP) - classic - ukesm1-0-ll,670.9059695900139
2083-12-31 00:00:00,classic,ssp585,ukesm1-0-ll,ssp585 (FireMIP) - classic - ukesm1-0-ll,638.5127870638729
2084-12-31 00:00:00,classic,ssp585,ukesm1-0-ll,ssp585 (FireMIP) - classic - ukesm1-0-ll,624.8624459830721
2085-12-31 00:00:00,classic,ssp585,ukesm1-0-ll,ssp585 (FireMIP) - classic - ukesm1-0-ll,629.5373795875653
2086-12-31 00:00:00,classic,ssp585,ukesm1-0-ll,ssp585 (FireMIP) - classic - ukesm1-0-ll,685.6873511740185
2087-12-31 00:00:00,classic,ssp585,ukesm1-0-ll,ssp585 (FireMIP) - classic - ukesm1-0-ll,646.3625015537561
2088-12-31 00:00:00,classic,ssp585,ukesm1-0-ll,ssp585 (FireMIP) - classic - ukesm1-0-ll,636.1124639127281
2089-12-31 00:00:00,classic,ssp585,ukesm1-0-ll,ssp585 (FireMIP) - classic - ukesm1-0-ll,618.139704400328
2090-12-31 00:00:00,classic,ssp585,ukesm1-0-ll,ssp585 (FireMIP) - classic - ukesm1-0-ll,600.256794321315
2091-12-31 00:00:00,classic,ssp585,ukesm1-0-ll,ssp585 (FireMIP) - classic - ukesm1-0-ll,631.5299158371057
2092-12-31 00:00:00,classic,ssp585,ukesm1-0-ll,ssp585 (FireMIP) - classic - ukesm1-0-ll,662.3501733386485
2093-12-31 00:00:00,classic,ssp585,ukesm1-0-ll,ssp585 (FireMIP) - classic - ukesm1-0-ll,643.9050206625926
2094-12-31 00:00:00,classic,ssp585,ukesm1-0-ll,ssp585 (FireMIP) - classic - ukesm1-0-ll,633.6534443438322
2095-12-31 00:00:00,classic,ssp585,ukesm1-0-ll,ssp585 (FireMIP) - classic - ukesm1-0-ll,647.2761745689685
2096-12-31 00:00:00,classic,ssp585,ukesm1-0-ll,ssp585 (FireMIP) - classic - ukesm1-0-ll,653.6962040967595
2097-12-31 00:00:00,classic,ssp585,ukesm1-0-ll,ssp585 (FireMIP) - classic - ukesm1-0-ll,634.6981997212888
2098-12-31 00:00:00,classic,ssp585,ukesm1-0-ll,ssp585 (FireMIP) - classic - ukesm1-0-ll,611.7879102399372
2099-12-31 00:00:00,classic,ssp585,ukesm1-0-ll,ssp585 (FireMIP) - classic - ukesm1-0-ll,600.2014061556896
2100-12-31 00:00:00,classic,ssp585,ukesm1-0-ll,ssp585 (FireMIP) - classic - ukesm1-0-ll,695.4623753756513
2015-12-31 00:00:00,classic,ssp585,gfdl-esm4,ssp585 (FireMIP) - classic - gfdl-esm4,558.4032886238858
2016-12-31 00:00:00,classic,ssp585,gfdl-esm4,ssp585 (FireMIP) - classic - gfdl-esm4,585.6644640646067
2017-12-31 00:00:00,classic,ssp585,gfdl-esm4,ssp585 (FireMIP) - classic - gfdl-esm4,602.1037132382165
2018-12-31 00:00:00,classic,ssp585,gfdl-esm4,ssp585 (FireMIP) - classic - gfdl-esm4,591.5213619132047
2019-12-31 00:00:00,classic,ssp585,gfdl-esm4,ssp585 (FireMIP) - classic - gfdl-esm4,616.2786207132441
2020-12-31 00:00:00,classic,ssp585,gfdl-esm4,ssp585 (FireMIP) - classic - gfdl-esm4,585.0260918307503
2021-12-31 00:00:00,classic,ssp585,gfdl-esm4,ssp585 (FireMIP) - classic - gfdl-esm4,646.8702594490302
2022-12-31 00:00:00,classic,ssp585,gfdl-esm4,ssp585 (FireMIP) - classic - gfdl-esm4,606.9618287147267
2023-12-31 00:00:00,classic,ssp585,gfdl-esm4,ssp585 (FireMIP) - classic - gfdl-esm4,584.8476459498743
2024-12-31 00:00:00,classic,ssp585,gfdl-esm4,ssp585 (FireMIP) - classic - gfdl-esm4,595.253146159339
2025-12-31 00:00:00,classic,ssp585,gfdl-esm4,ssp585 (FireMIP) - classic - gfdl-esm4,590.7015219244535
2026-12-31 00:00:00,classic,ssp585,gfdl-esm4,ssp585 (FireMIP) - classic - gfdl-esm4,600.9249085442251
2027-12-31 00:00:00,classic,ssp585,gfdl-esm4,ssp585 (FireMIP) - classic - gfdl-esm4,572.5131834286507
2028-12-31 00:00:00,classic,ssp585,gfdl-esm4,ssp585 (FireMIP) - classic - gfdl-esm4,710.7361617369623
2029-12-31 00:00:00,classic,ssp585,gfdl-esm4,ssp585 (FireMIP) - classic - gfdl-esm4,604.7472272628507
2030-12-31 00:00:00,classic,ssp585,gfdl-esm4,ssp585 (FireMIP) - classic - gfdl-esm4,575.8766618970238
2031-12-31 00:00:00,classic,ssp585,gfdl-esm4,ssp585 (FireMIP) - classic - gfdl-esm4,609.0383963248204
2032-12-31 00:00:00,classic,ssp585,gfdl-esm4,ssp585 (FireMIP) - classic - gfdl-esm4,610.8444000038631
2033-12-31 00:00:00,classic,ssp585,gfdl-esm4,ssp585 (FireMIP) - classic - gfdl-esm4,615.2515432423514
2034-12-31 00:00:00,classic,ssp585,gfdl-esm4,ssp585 (FireMIP) - classic - gfdl-esm4,632.1600668548828
2035-12-31 00:00:00,classic,ssp585,gfdl-esm4,ssp585 (FireMIP) - classic - gfdl-esm4,590.7260491133709
2036-12-31 00:00:00,classic,ssp585,gfdl-esm4,ssp585 (FireMIP) - classic - gfdl-esm4,678.8216974457176
2037-12-31 00:00:00,classic,ssp585,gfdl-esm4,ssp585 (FireMIP) - classic - gfdl-esm4,611.4144481591492
2038-12-31 00:00:00,classic,ssp585,gfdl-esm4,ssp585 (FireMIP) - classic - gfdl-esm4,603.0434732005883
2039-12-31 00:00:00,classic,ssp585,gfdl-esm4,ssp585 (FireMIP) - classic - gfdl-esm4,652.6048512182929
2040-12-31 00:00:00,classic,ssp585,gfdl-esm4,ssp585 (FireMIP) - classic - gfdl-esm4,599.0850543383449
2041-12-31 00:00:00,classic,ssp585,gfdl-esm4,ssp585 (FireMIP) - classic - gfdl-esm4,608.2636935950828
2042-12-31 00:00:00,classic,ssp585,gfdl-esm4,ssp585 (FireMIP) - classic - gfdl-esm4,638.044237323446
2043-12-31 00:00:00,classic,ssp585,gfdl-esm4,ssp585 (FireMIP) - classic - gfdl-esm4,643.1389991759714
2044-12-31 00:00:00,classic,ssp585,gfdl-esm4,ssp585 (FireMIP) - classic - gfdl-esm4,654.1805276368744
2045-12-31 00:00:00,classic,ssp585,gfdl-esm4,ssp585 (FireMIP) - classic - gfdl-esm4,612.0924486288528
2046-12-31 00:00:00,classic,ssp585,gfdl-esm4,ssp585 (FireMIP) - classic - gfdl-esm4,620.6488123984477
2047-12-31 00:00:00,classic,ssp585,gfdl-esm4,ssp585 (FireMIP) - classic - gfdl-esm4,596.904368374582
2048-12-31 00:00:00,classic,ssp585,gfdl-esm4,ssp585 (FireMIP) - classic - gfdl-esm4,648.1453924631024
2049-12-31 00:00:00,classic,ssp585,gfdl-esm4,ssp585 (FireMIP) - classic - gfdl-esm4,674.9025820953962
2050-12-31 00:00:00,classic,ssp585,gfdl-esm4,ssp585 (FireMIP) - classic - gfdl-esm4,625.1673885062922
2051-12-31 00:00:00,classic,ssp585,gfdl-esm4,ssp585 (FireMIP) - classic - gfdl-esm4,612.6092610660427
2052-12-31 00:00:00,classic,ssp585,gfdl-esm4,ssp585 (FireMIP) - classic - gfdl-esm4,650.1304072841372
2053-12-31 00:00:00,classic,ssp585,gfdl-esm4,ssp585 (FireMIP) - classic - gfdl-esm4,638.221599297637
2054-12-31 00:00:00,classic,ssp585,gfdl-esm4,ssp585 (FireMIP) - classic - gfdl-esm4,638.4903829208139
2055-12-31 00:00:00,classic,ssp585,gfdl-esm4,ssp585 (FireMIP) - classic - gfdl-esm4,632.6033205096829
2056-12-31 00:00:00,classic,ssp585,gfdl-esm4,ssp585 (FireMIP) - classic - gfdl-esm4,572.019203329623
2057-12-31 00:00:00,classic,ssp585,gfdl-esm4,ssp585 (FireMIP) - classic - gfdl-esm4,656.3117743030672
2058-12-31 00:00:00,classic,ssp585,gfdl-esm4,ssp585 (FireMIP) - classic - gfdl-esm4,651.23390026291
2059-12-31 00:00:00,classic,ssp585,gfdl-esm4,ssp585 (FireMIP) - classic - gfdl-esm4,621.1540989959562
2060-12-31 00:00:00,classic,ssp585,gfdl-esm4,ssp585 (FireMIP) - classic - gfdl-esm4,629.9431319109397
2061-12-31 00:00:00,classic,ssp585,gfdl-esm4,ssp585 (FireMIP) - classic - gfdl-esm4,646.6200448796903
2062-12-31 00:00:00,classic,ssp585,gfdl-esm4,ssp585 (FireMIP) - classic - gfdl-esm4,682.8007123331331
2063-12-31 00:00:00,classic,ssp585,gfdl-esm4,ssp585 (FireMIP) - classic - gfdl-esm4,620.0508047227519
2064-12-31 00:00:00,classic,ssp585,gfdl-esm4,ssp585 (FireMIP) - classic - gfdl-esm4,684.5819846756955
2065-12-31 00:00:00,classic,ssp585,gfdl-esm4,ssp585 (FireMIP) - classic - gfdl-esm4,591.1242508131442
2066-12-31 00:00:00,classic,ssp585,gfdl-esm4,ssp585 (FireMIP) - classic - gfdl-esm4,649.4331582639323
2067-12-31 00:00:00,classic,ssp585,gfdl-esm4,ssp585 (FireMIP) - classic - gfdl-esm4,636.6222310878284
2068-12-31 00:00:00,classic,ssp585,gfdl-esm4,ssp585 (FireMIP) - classic - gfdl-esm4,629.0002880266035
2069-12-31 00:00:00,classic,ssp585,gfdl-esm4,ssp585 (FireMIP) - classic - gfdl-esm4,607.6892501708511
2070-12-31 00:00:00,classic,ssp585,gfdl-esm4,ssp585 (FireMIP) - classic - gfdl-esm4,661.373046715186
2071-12-31 00:00:00,classic,ssp585,gfdl-esm4,ssp585 (FireMIP) - classic - gfdl-esm4,655.6923432253326
2072-12-31 00:00:00,classic,ssp585,gfdl-esm4,ssp585 (FireMIP) - classic - gfdl-esm4,643.2510912103229
2073-12-31 00:00:00,classic,ssp585,gfdl-esm4,ssp585 (FireMIP) - classic - gfdl-esm4,705.5310577652116
2074-12-31 00:00:00,classic,ssp585,gfdl-esm4,ssp585 (FireMIP) - classic - gfdl-esm4,716.773119480873
2075-12-31 00:00:00,classic,ssp585,gfdl-esm4,ssp585 (FireMIP) - classic - gfdl-esm4,606.3378286399596
2076-12-31 00:00:00,classic,ssp585,gfdl-esm4,ssp585 (FireMIP) - classic - gfdl-esm4,572.9032658258881
2077-12-31 00:00:00,classic,ssp585,gfdl-esm4,ssp585 (FireMIP) - classic - gfdl-esm4,649.1839493780085
2078-12-31 00:00:00,classic,ssp585,gfdl-esm4,ssp585 (FireMIP) - classic - gfdl-esm4,603.2941442809278
2079-12-31 00:00:00,classic,ssp585,gfdl-esm4,ssp585 (FireMIP) - classic - gfdl-esm4,624.767179752734
2080-12-31 00:00:00,classic,ssp585,gfdl-esm4,ssp585 (FireMIP) - classic - gfdl-esm4,668.8521565510987
2081-12-31 00:00:00,classic,ssp585,gfdl-esm4,ssp585 (FireMIP) - classic - gfdl-esm4,720.1164509536308
2082-12-31 00:00:00,classic,ssp585,gfdl-esm4,ssp585 (FireMIP) - classic - gfdl-esm4,671.3596272064905
2083-12-31 00:00:00,classic,ssp585,gfdl-esm4,ssp585 (FireMIP) - classic - gfdl-esm4,619.9812340025451
2084-12-31 00:00:00,classic,ssp585,gfdl-esm4,ssp585 (FireMIP) - classic - gfdl-esm4,639.7896414846521
2085-12-31 00:00:00,classic,ssp585,gfdl-esm4,ssp585 (FireMIP) - classic - gfdl-esm4,584.4245722262372
2086-12-31 00:00:00,classic,ssp585,gfdl-esm4,ssp585 (FireMIP) - classic - gfdl-esm4,644.4880497575404
2087-12-31 00:00:00,classic,ssp585,gfdl-esm4,ssp585 (FireMIP) - classic - gfdl-esm4,615.6329882221169
2088-12-31 00:00:00,classic,ssp585,gfdl-esm4,ssp585 (FireMIP) - classic - gfdl-esm4,619.7714732921241
2089-12-31 00:00:00,classic,ssp585,gfdl-esm4,ssp585 (FireMIP) - classic - gfdl-esm4,649.2058227823408
2090-12-31 00:00:00,classic,ssp585,gfdl-esm4,ssp585 (FireMIP) - classic - gfdl-esm4,662.9082659905868
2091-12-31 00:00:00,classic,ssp585,gfdl-esm4,ssp585 (FireMIP) - classic - gfdl-esm4,688.8907952108572
2092-12-31 00:00:00,classic,ssp585,gfdl-esm4,ssp585 (FireMIP) - classic - gfdl-esm4,647.7279473570334
2093-12-31 00:00:00,classic,ssp585,gfdl-esm4,ssp585 (FireMIP) - classic - gfdl-esm4,686.7185739629854
2094-12-31 00:00:00,classic,ssp585,gfdl-esm4,ssp585 (FireMIP) - classic - gfdl-esm4,592.8038409101158
2095-12-31 00:00:00,classic,ssp585,gfdl-esm4,ssp585 (FireMIP) - classic - gfdl-esm4,621.3726291722184
2096-12-31 00:00:00,classic,ssp585,gfdl-esm4,ssp585 (FireMIP) - classic - gfdl-esm4,647.9493484564347
2097-12-31 00:00:00,classic,ssp585,gfdl-esm4,ssp585 (FireMIP) - classic - gfdl-esm4,664.073021232276
2098-12-31 00:00:00,classic,ssp585,gfdl-esm4,ssp585 (FireMIP) - classic - gfdl-esm4,711.4833306070891
2099-12-31 00:00:00,classic,ssp585,gfdl-esm4,ssp585 (FireMIP) - classic - gfdl-esm4,670.9837542568191
2100-12-31 00:00:00,classic,ssp585,gfdl-esm4,ssp585 (FireMIP) - classic - gfdl-esm4,571.9858867524675
1850-12-31 00:00:00,visit,historical,mpi-esm1-2-hr,historical (FireMIP) - visit - mpi-esm1-2-hr,389.88525390625
1851-12-31 00:00:00,visit,historical,mpi-esm1-2-hr,historical (FireMIP) - visit - mpi-esm1-2-hr,314.17474365234375
1852-12-31 00:00:00,visit,historical,mpi-esm1-2-hr,historical (FireMIP) - visit - mpi-esm1-2-hr,228.9085235595703
1853-12-31 00:00:00,visit,historical,mpi-esm1-2-hr,historical (FireMIP) - visit - mpi-esm1-2-hr,435.5224914550781
1854-12-31 00:00:00,visit,historical,mpi-esm1-2-hr,historical (FireMIP) - visit - mpi-esm1-2-hr,258.68988037109375
1855-12-31 00:00:00,visit,historical,mpi-esm1-2-hr,historical (FireMIP) - visit - mpi-esm1-2-hr,252.44505310058594
1856-12-31 00:00:00,visit,historical,mpi-esm1-2-hr,historical (FireMIP) - visit - mpi-esm1-2-hr,343.96728515625
1857-12-31 00:00:00,visit,historical,mpi-esm1-2-hr,historical (FireMIP) - visit - mpi-esm1-2-hr,429.2366638183594
1858-12-31 00:00:00,visit,historical,mpi-esm1-2-hr,historical (FireMIP) - visit - mpi-esm1-2-hr,295.1440124511719
1859-12-31 00:00:00,visit,historical,mpi-esm1-2-hr,historical (FireMIP) - visit - mpi-esm1-2-hr,231.3240203857422
1860-12-31 00:00:00,visit,historical,mpi-esm1-2-hr,historical (FireMIP) - visit - mpi-esm1-2-hr,248.75
1861-12-31 00:00:00,visit,historical,mpi-esm1-2-hr,historical (FireMIP) - visit - mpi-esm1-2-hr,298.5152282714844
1862-12-31 00:00:00,visit,historical,mpi-esm1-2-hr,historical (FireMIP) - visit - mpi-esm1-2-hr,353.9491882324219
1863-12-31 00:00:00,visit,historical,mpi-esm1-2-hr,historical (FireMIP) - visit - mpi-esm1-2-hr,403.1144714355469
1864-12-31 00:00:00,visit,historical,mpi-esm1-2-hr,historical (FireMIP) - visit - mpi-esm1-2-hr,266.9169006347656
1865-12-31 00:00:00,visit,historical,mpi-esm1-2-hr,historical (FireMIP) - visit - mpi-esm1-2-hr,241.56300354003906
1866-12-31 00:00:00,visit,historical,mpi-esm1-2-hr,historical (FireMIP) - visit - mpi-esm1-2-hr,273.7901916503906
1867-12-31 00:00:00,visit,historical,mpi-esm1-2-hr,historical (FireMIP) - visit - mpi-esm1-2-hr,324.9477233886719
1868-12-31 00:00:00,visit,historical,mpi-esm1-2-hr,historical (FireMIP) - visit - mpi-esm1-2-hr,331.549072265625
1869-12-31 00:00:00,visit,historical,mpi-esm1-2-hr,historical (FireMIP) - visit - mpi-esm1-2-hr,297.6127014160156
1870-12-31 00:00:00,visit,historical,mpi-esm1-2-hr,historical (FireMIP) - visit - mpi-esm1-2-hr,241.3394775390625
1871-12-31 00:00:00,visit,historical,mpi-esm1-2-hr,historical (FireMIP) - visit - mpi-esm1-2-hr,311.5755615234375
1872-12-31 00:00:00,visit,historical,mpi-esm1-2-hr,historical (FireMIP) - visit - mpi-esm1-2-hr,277.71185302734375
1873-12-31 00:00:00,visit,historical,mpi-esm1-2-hr,historical (FireMIP) - visit - mpi-esm1-2-hr,249.10247802734375
1874-12-31 00:00:00,visit,historical,mpi-esm1-2-hr,historical (FireMIP) - visit - mpi-esm1-2-hr,387.4696044921875
1875-12-31 00:00:00,visit,historical,mpi-esm1-2-hr,historical (FireMIP) - visit - mpi-esm1-2-hr,427.8739013671875
1876-12-31 00:00:00,visit,historical,mpi-esm1-2-hr,historical (FireMIP) - visit - mpi-esm1-2-hr,299.70556640625
1877-12-31 00:00:00,visit,historical,mpi-esm1-2-hr,historical (FireMIP) - visit - mpi-esm1-2-hr,299.0364074707031
1878-12-31 00:00:00,visit,historical,mpi-esm1-2-hr,historical (FireMIP) - visit - mpi-esm1-2-hr,258.2802734375
1879-12-31 00:00:00,visit,historical,mpi-esm1-2-hr,historical (FireMIP) - visit - mpi-esm1-2-hr,265.9063415527344
1880-12-31 00:00:00,visit,historical,mpi-esm1-2-hr,historical (FireMIP) - visit - mpi-esm1-2-hr,304.8177185058594
1881-12-31 00:00:00,visit,historical,mpi-esm1-2-hr,historical (FireMIP) - visit - mpi-esm1-2-hr,280.25146484375
1882-12-31 00:00:00,visit,historical,mpi-esm1-2-hr,historical (FireMIP) - visit - mpi-esm1-2-hr,241.4296112060547
1883-12-31 00:00:00,visit,historical,mpi-esm1-2-hr,historical (FireMIP) - visit - mpi-esm1-2-hr,285.614501953125
1884-12-31 00:00:00,visit,historical,mpi-esm1-2-hr,historical (FireMIP) - visit - mpi-esm1-2-hr,318.9643859863281
1885-12-31 00:00:00,visit,historical,mpi-esm1-2-hr,historical (FireMIP) - visit - mpi-esm1-2-hr,410.3036804199219
1886-12-31 00:00:00,visit,historical,mpi-esm1-2-hr,historical (FireMIP) - visit - mpi-esm1-2-hr,326.8267517089844
1887-12-31 00:00:00,visit,historical,mpi-esm1-2-hr,historical (FireMIP) - visit - mpi-esm1-2-hr,263.2601013183594
1888-12-31 00:00:00,visit,historical,mpi-esm1-2-hr,historical (FireMIP) - visit - mpi-esm1-2-hr,307.58837890625
1889-12-31 00:00:00,visit,historical,mpi-esm1-2-hr,historical (FireMIP) - visit - mpi-esm1-2-hr,379.3231506347656
1890-12-31 00:00:00,visit,historical,mpi-esm1-2-hr,historical (FireMIP) - visit - mpi-esm1-2-hr,254.4170379638672
1891-12-31 00:00:00,visit,historical,mpi-esm1-2-hr,historical (FireMIP) - visit - mpi-esm1-2-hr,244.30039978027344
1892-12-31 00:00:00,visit,historical,mpi-esm1-2-hr,historical (FireMIP) - visit - mpi-esm1-2-hr,339.90850830078125
1893-12-31 00:00:00,visit,historical,mpi-esm1-2-hr,historical (FireMIP) - visit - mpi-esm1-2-hr,285.8271789550781
1894-12-31 00:00:00,visit,historical,mpi-esm1-2-hr,historical (FireMIP) - visit - mpi-esm1-2-hr,307.2566223144531
1895-12-31 00:00:00,visit,historical,mpi-esm1-2-hr,historical (FireMIP) - visit - mpi-esm1-2-hr,282.6105041503906
1896-12-31 00:00:00,visit,historical,mpi-esm1-2-hr,historical (FireMIP) - visit - mpi-esm1-2-hr,286.9312438964844
1897-12-31 00:00:00,visit,historical,mpi-esm1-2-hr,historical (FireMIP) - visit - mpi-esm1-2-hr,283.3761901855469
1898-12-31 00:00:00,visit,historical,mpi-esm1-2-hr,historical (FireMIP) - visit - mpi-esm1-2-hr,300.7906799316406
1899-12-31 00:00:00,visit,historical,mpi-esm1-2-hr,historical (FireMIP) - visit - mpi-esm1-2-hr,267.8570556640625
1900-12-31 00:00:00,visit,historical,mpi-esm1-2-hr,historical (FireMIP) - visit - mpi-esm1-2-hr,247.18067932128906
1901-12-31 00:00:00,visit,historical,mpi-esm1-2-hr,historical (FireMIP) - visit - mpi-esm1-2-hr,396.2781982421875
1902-12-31 00:00:00,visit,historical,mpi-esm1-2-hr,historical (FireMIP) - visit - mpi-esm1-2-hr,324.74676513671875
1903-12-31 00:00:00,visit,historical,mpi-esm1-2-hr,historical (FireMIP) - visit - mpi-esm1-2-hr,265.6017150878906
1904-12-31 00:00:00,visit,historical,mpi-esm1-2-hr,historical (FireMIP) - visit - mpi-esm1-2-hr,351.9623107910156
1905-12-31 00:00:00,visit,historical,mpi-esm1-2-hr,historical (FireMIP) - visit - mpi-esm1-2-hr,306.7222595214844
1906-12-31 00:00:00,visit,historical,mpi-esm1-2-hr,historical (FireMIP) - visit - mpi-esm1-2-hr,238.80470275878906
1907-12-31 00:00:00,visit,historical,mpi-esm1-2-hr,historical (FireMIP) - visit - mpi-esm1-2-hr,350.3843994140625
1908-12-31 00:00:00,visit,historical,mpi-esm1-2-hr,historical (FireMIP) - visit - mpi-esm1-2-hr,341.5915832519531
1909-12-31 00:00:00,visit,historical,mpi-esm1-2-hr,historical (FireMIP) - visit - mpi-esm1-2-hr,483.7882080078125
1910-12-31 00:00:00,visit,historical,mpi-esm1-2-hr,historical (FireMIP) - visit - mpi-esm1-2-hr,292.8829040527344
1911-12-31 00:00:00,visit,historical,mpi-esm1-2-hr,historical (FireMIP) - visit - mpi-esm1-2-hr,304.5394592285156
1912-12-31 00:00:00,visit,historical,mpi-esm1-2-hr,historical (FireMIP) - visit - mpi-esm1-2-hr,313.1257629394531
1913-12-31 00:00:00,visit,historical,mpi-esm1-2-hr,historical (FireMIP) - visit - mpi-esm1-2-hr,314.1482849121094
1914-12-31 00:00:00,visit,historical,mpi-esm1-2-hr,historical (FireMIP) - visit - mpi-esm1-2-hr,302.9936828613281
1915-12-31 00:00:00,visit,historical,mpi-esm1-2-hr,historical (FireMIP) - visit - mpi-esm1-2-hr,277.6789855957031
1916-12-31 00:00:00,visit,historical,mpi-esm1-2-hr,historical (FireMIP) - visit - mpi-esm1-2-hr,258.1773376464844
1917-12-31 00:00:00,visit,historical,mpi-esm1-2-hr,historical (FireMIP) - visit - mpi-esm1-2-hr,318.0491638183594
1918-12-31 00:00:00,visit,historical,mpi-esm1-2-hr,historical (FireMIP) - visit - mpi-esm1-2-hr,358.9856262207031
1919-12-31 00:00:00,visit,historical,mpi-esm1-2-hr,historical (FireMIP) - visit - mpi-esm1-2-hr,241.18016052246094
1920-12-31 00:00:00,visit,historical,mpi-esm1-2-hr,historical (FireMIP) - visit - mpi-esm1-2-hr,312.1782531738281
1921-12-31 00:00:00,visit,historical,mpi-esm1-2-hr,historical (FireMIP) - visit - mpi-esm1-2-hr,382.8735046386719
1922-12-31 00:00:00,visit,historical,mpi-esm1-2-hr,historical (FireMIP) - visit - mpi-esm1-2-hr,274.6482238769531
1923-12-31 00:00:00,visit,historical,mpi-esm1-2-hr,historical (FireMIP) - visit - mpi-esm1-2-hr,314.6282958984375
1924-12-31 00:00:00,visit,historical,mpi-esm1-2-hr,historical (FireMIP) - visit - mpi-esm1-2-hr,282.16058349609375
1925-12-31 00:00:00,visit,historical,mpi-esm1-2-hr,historical (FireMIP) - visit - mpi-esm1-2-hr,348.4901123046875
1926-12-31 00:00:00,visit,historical,mpi-esm1-2-hr,historical (FireMIP) - visit - mpi-esm1-2-hr,333.3948669433594
1927-12-31 00:00:00,visit,historical,mpi-esm1-2-hr,historical (FireMIP) - visit - mpi-esm1-2-hr,285.331298828125
1928-12-31 00:00:00,visit,historical,mpi-esm1-2-hr,historical (FireMIP) - visit - mpi-esm1-2-hr,331.3199462890625
1929-12-31 00:00:00,visit,historical,mpi-esm1-2-hr,historical (FireMIP) - visit - mpi-esm1-2-hr,352.8133850097656
1930-12-31 00:00:00,visit,historical,mpi-esm1-2-hr,historical (FireMIP) - visit - mpi-esm1-2-hr,266.63580322265625
1931-12-31 00:00:00,visit,historical,mpi-esm1-2-hr,historical (FireMIP) - visit - mpi-esm1-2-hr,262.6280822753906
1932-12-31 00:00:00,visit,historical,mpi-esm1-2-hr,historical (FireMIP) - visit - mpi-esm1-2-hr,265.0892639160156
1933-12-31 00:00:00,visit,historical,mpi-esm1-2-hr,historical (FireMIP) - visit - mpi-esm1-2-hr,262.7232360839844
1934-12-31 00:00:00,visit,historical,mpi-esm1-2-hr,historical (FireMIP) - visit - mpi-esm1-2-hr,409.42236328125
1935-12-31 00:00:00,visit,historical,mpi-esm1-2-hr,historical (FireMIP) - visit - mpi-esm1-2-hr,279.2440490722656
1936-12-31 00:00:00,visit,historical,mpi-esm1-2-hr,historical (FireMIP) - visit - mpi-esm1-2-hr,309.2489318847656
1937-12-31 00:00:00,visit,historical,mpi-esm1-2-hr,historical (FireMIP) - visit - mpi-esm1-2-hr,347.1615905761719
1938-12-31 00:00:00,visit,historical,mpi-esm1-2-hr,historical (FireMIP) - visit - mpi-esm1-2-hr,327.8379211425781
1939-12-31 00:00:00,visit,historical,mpi-esm1-2-hr,historical (FireMIP) - visit - mpi-esm1-2-hr,274.961669921875
1940-12-31 00:00:00,visit,historical,mpi-esm1-2-hr,historical (FireMIP) - visit - mpi-esm1-2-hr,249.42286682128906
1941-12-31 00:00:00,visit,historical,mpi-esm1-2-hr,historical (FireMIP) - visit - mpi-esm1-2-hr,267.1997985839844
1942-12-31 00:00:00,visit,historical,mpi-esm1-2-hr,historical (FireMIP) - visit - mpi-esm1-2-hr,409.3817443847656
1943-12-31 00:00:00,visit,historical,mpi-esm1-2-hr,historical (FireMIP) - visit - mpi-esm1-2-hr,411.3616943359375
1944-12-31 00:00:00,visit,historical,mpi-esm1-2-hr,historical (FireMIP) - visit - mpi-esm1-2-hr,342.6001892089844
1945-12-31 00:00:00,visit,historical,mpi-esm1-2-hr,historical (FireMIP) - visit - mpi-esm1-2-hr,244.53387451171875
1946-12-31 00:00:00,visit,historical,mpi-esm1-2-hr,historical (FireMIP) - visit - mpi-esm1-2-hr,288.712890625
1947-12-31 00:00:00,visit,historical,mpi-esm1-2-hr,historical (FireMIP) - visit - mpi-esm1-2-hr,306.6942443847656
1948-12-31 00:00:00,visit,historical,mpi-esm1-2-hr,historical (FireMIP) - visit - mpi-esm1-2-hr,356.4147644042969
1949-12-31 00:00:00,visit,historical,mpi-esm1-2-hr,historical (FireMIP) - visit - mpi-esm1-2-hr,330.999755859375
1950-12-31 00:00:00,visit,historical,mpi-esm1-2-hr,historical (FireMIP) - visit - mpi-esm1-2-hr,325.3423767089844
1951-12-31 00:00:00,visit,historical,mpi-esm1-2-hr,historical (FireMIP) - visit - mpi-esm1-2-hr,264.2784729003906
1952-12-31 00:00:00,visit,historical,mpi-esm1-2-hr,historical (FireMIP) - visit - mpi-esm1-2-hr,363.5285339355469
1953-12-31 00:00:00,visit,historical,mpi-esm1-2-hr,historical (FireMIP) - visit - mpi-esm1-2-hr,316.4563293457031
1954-12-31 00:00:00,visit,historical,mpi-esm1-2-hr,historical (FireMIP) - visit - mpi-esm1-2-hr,274.5752258300781
1955-12-31 00:00:00,visit,historical,mpi-esm1-2-hr,historical (FireMIP) - visit - mpi-esm1-2-hr,254.4992218017578
1956-12-31 00:00:00,visit,historical,mpi-esm1-2-hr,historical (FireMIP) - visit - mpi-esm1-2-hr,387.0158996582031
1957-12-31 00:00:00,visit,historical,mpi-esm1-2-hr,historical (FireMIP) - visit - mpi-esm1-2-hr,323.2460021972656
1958-12-31 00:00:00,visit,historical,mpi-esm1-2-hr,historical (FireMIP) - visit - mpi-esm1-2-hr,315.665771484375
1959-12-31 00:00:00,visit,historical,mpi-esm1-2-hr,historical (FireMIP) - visit - mpi-esm1-2-hr,361.6472473144531
1960-12-31 00:00:00,visit,historical,mpi-esm1-2-hr,historical (FireMIP) - visit - mpi-esm1-2-hr,346.182373046875
1961-12-31 00:00:00,visit,historical,mpi-esm1-2-hr,historical (FireMIP) - visit - mpi-esm1-2-hr,402.7353820800781
1962-12-31 00:00:00,visit,historical,mpi-esm1-2-hr,historical (FireMIP) - visit - mpi-esm1-2-hr,384.883544921875
1963-12-31 00:00:00,visit,historical,mpi-esm1-2-hr,historical (FireMIP) - visit - mpi-esm1-2-hr,360.6158447265625
1964-12-31 00:00:00,visit,historical,mpi-esm1-2-hr,historical (FireMIP) - visit - mpi-esm1-2-hr,351.2880859375
1965-12-31 00:00:00,visit,historical,mpi-esm1-2-hr,historical (FireMIP) - visit - mpi-esm1-2-hr,380.8295593261719
1966-12-31 00:00:00,visit,historical,mpi-esm1-2-hr,historical (FireMIP) - visit - mpi-esm1-2-hr,288.0831298828125
1967-12-31 00:00:00,visit,historical,mpi-esm1-2-hr,historical (FireMIP) - visit - mpi-esm1-2-hr,255.1510009765625
1968-12-31 00:00:00,visit,historical,mpi-esm1-2-hr,historical (FireMIP) - visit - mpi-esm1-2-hr,308.4974670410156
1969-12-31 00:00:00,visit,historical,mpi-esm1-2-hr,historical (FireMIP) - visit - mpi-esm1-2-hr,323.6391296386719
1970-12-31 00:00:00,visit,historical,mpi-esm1-2-hr,historical (FireMIP) - visit - mpi-esm1-2-hr,356.2912292480469
1971-12-31 00:00:00,visit,historical,mpi-esm1-2-hr,historical (FireMIP) - visit - mpi-esm1-2-hr,404.4944763183594
1972-12-31 00:00:00,visit,historical,mpi-esm1-2-hr,historical (FireMIP) - visit - mpi-esm1-2-hr,400.5465393066406
1973-12-31 00:00:00,visit,historical,mpi-esm1-2-hr,historical (FireMIP) - visit - mpi-esm1-2-hr,304.783203125
1974-12-31 00:00:00,visit,historical,mpi-esm1-2-hr,historical (FireMIP) - visit - mpi-esm1-2-hr,281.08404541015625
1975-12-31 00:00:00,visit,historical,mpi-esm1-2-hr,historical (FireMIP) - visit - mpi-esm1-2-hr,282.5174865722656
1976-12-31 00:00:00,visit,historical,mpi-esm1-2-hr,historical (FireMIP) - visit - mpi-esm1-2-hr,325.4674377441406
1977-12-31 00:00:00,visit,historical,mpi-esm1-2-hr,historical (FireMIP) - visit - mpi-esm1-2-hr,329.8249816894531
1978-12-31 00:00:00,visit,historical,mpi-esm1-2-hr,historical (FireMIP) - visit - mpi-esm1-2-hr,279.0359191894531
1979-12-31 00:00:00,visit,historical,mpi-esm1-2-hr,historical (FireMIP) - visit - mpi-esm1-2-hr,297.3902587890625
1980-12-31 00:00:00,visit,historical,mpi-esm1-2-hr,historical (FireMIP) - visit - mpi-esm1-2-hr,451.9224548339844
1981-12-31 00:00:00,visit,historical,mpi-esm1-2-hr,historical (FireMIP) - visit - mpi-esm1-2-hr,299.6984558105469
1982-12-31 00:00:00,visit,historical,mpi-esm1-2-hr,historical (FireMIP) - visit - mpi-esm1-2-hr,274.9010925292969
1983-12-31 00:00:00,visit,historical,mpi-esm1-2-hr,historical (FireMIP) - visit - mpi-esm1-2-hr,310.0152893066406
1984-12-31 00:00:00,visit,historical,mpi-esm1-2-hr,historical (FireMIP) - visit - mpi-esm1-2-hr,319.0759582519531
1985-12-31 00:00:00,visit,historical,mpi-esm1-2-hr,historical (FireMIP) - visit - mpi-esm1-2-hr,317.0617370605469
1986-12-31 00:00:00,visit,historical,mpi-esm1-2-hr,historical (FireMIP) - visit - mpi-esm1-2-hr,347.9582824707031
1987-12-31 00:00:00,visit,historical,mpi-esm1-2-hr,historical (FireMIP) - visit - mpi-esm1-2-hr,322.86480712890625
1988-12-31 00:00:00,visit,historical,mpi-esm1-2-hr,historical (FireMIP) - visit - mpi-esm1-2-hr,275.20751953125
1989-12-31 00:00:00,visit,historical,mpi-esm1-2-hr,historical (FireMIP) - visit - mpi-esm1-2-hr,289.6473693847656
1990-12-31 00:00:00,visit,historical,mpi-esm1-2-hr,historical (FireMIP) - visit - mpi-esm1-2-hr,372.1393737792969
1991-12-31 00:00:00,visit,historical,mpi-esm1-2-hr,historical (FireMIP) - visit - mpi-esm1-2-hr,321.53167724609375
1992-12-31 00:00:00,visit,historical,mpi-esm1-2-hr,historical (FireMIP) - visit - mpi-esm1-2-hr,284.8947448730469
1993-12-31 00:00:00,visit,historical,mpi-esm1-2-hr,historical (FireMIP) - visit - mpi-esm1-2-hr,356.7909240722656
1994-12-31 00:00:00,visit,historical,mpi-esm1-2-hr,historical (FireMIP) - visit - mpi-esm1-2-hr,352.8314514160156
1995-12-31 00:00:00,visit,historical,mpi-esm1-2-hr,historical (FireMIP) - visit - mpi-esm1-2-hr,324.9763488769531
1996-12-31 00:00:00,visit,historical,mpi-esm1-2-hr,historical (FireMIP) - visit - mpi-esm1-2-hr,280.8365173339844
1997-12-31 00:00:00,visit,historical,mpi-esm1-2-hr,historical (FireMIP) - visit - mpi-esm1-2-hr,268.426025390625
1998-12-31 00:00:00,visit,historical,mpi-esm1-2-hr,historical (FireMIP) - visit - mpi-esm1-2-hr,379.2456359863281
1999-12-31 00:00:00,visit,historical,mpi-esm1-2-hr,historical (FireMIP) - visit - mpi-esm1-2-hr,407.13916015625
2000-12-31 00:00:00,visit,historical,mpi-esm1-2-hr,historical (FireMIP) - visit - mpi-esm1-2-hr,415.9622497558594
2001-12-31 00:00:00,visit,historical,mpi-esm1-2-hr,historical (FireMIP) - visit - mpi-esm1-2-hr,415.3583068847656
2002-12-31 00:00:00,visit,historical,mpi-esm1-2-hr,historical (FireMIP) - visit - mpi-esm1-2-hr,312.94775390625
2003-12-31 00:00:00,visit,historical,mpi-esm1-2-hr,historical (FireMIP) - visit - mpi-esm1-2-hr,343.3538818359375
2004-12-31 00:00:00,visit,historical,mpi-esm1-2-hr,historical (FireMIP) - visit - mpi-esm1-2-hr,368.5021667480469
2005-12-31 00:00:00,visit,historical,mpi-esm1-2-hr,historical (FireMIP) - visit - mpi-esm1-2-hr,346.9713134765625
2006-12-31 00:00:00,visit,historical,mpi-esm1-2-hr,historical (FireMIP) - visit - mpi-esm1-2-hr,389.4681396484375
2007-12-31 00:00:00,visit,historical,mpi-esm1-2-hr,historical (FireMIP) - visit - mpi-esm1-2-hr,387.39111328125
2008-12-31 00:00:00,visit,historical,mpi-esm1-2-hr,historical (FireMIP) - visit - mpi-esm1-2-hr,369.4136962890625
2009-12-31 00:00:00,visit,historical,mpi-esm1-2-hr,historical (FireMIP) - visit - mpi-esm1-2-hr,383.7384033203125
2010-12-31 00:00:00,visit,historical,mpi-esm1-2-hr,historical (FireMIP) - visit - mpi-esm1-2-hr,357.4551086425781
2011-12-31 00:00:00,visit,historical,mpi-esm1-2-hr,historical (FireMIP) - visit - mpi-esm1-2-hr,301.03533935546875
2012-12-31 00:00:00,visit,historical,mpi-esm1-2-hr,historical (FireMIP) - visit - mpi-esm1-2-hr,392.6787414550781
2013-12-31 00:00:00,visit,historical,mpi-esm1-2-hr,historical (FireMIP) - visit - mpi-esm1-2-hr,373.1484680175781
2014-12-31 00:00:00,visit,historical,mpi-esm1-2-hr,historical (FireMIP) - visit - mpi-esm1-2-hr,345.044677734375
1850-12-31 00:00:00,visit,historical,mri-esm2-0,historical (FireMIP) - visit - mri-esm2-0,295.7749938964844
1851-12-31 00:00:00,visit,historical,mri-esm2-0,historical (FireMIP) - visit - mri-esm2-0,426.3341369628906
1852-12-31 00:00:00,visit,historical,mri-esm2-0,historical (FireMIP) - visit - mri-esm2-0,322.2924499511719
1853-12-31 00:00:00,visit,historical,mri-esm2-0,historical (FireMIP) - visit - mri-esm2-0,317.390380859375
1854-12-31 00:00:00,visit,historical,mri-esm2-0,historical (FireMIP) - visit - mri-esm2-0,265.1745910644531
1855-12-31 00:00:00,visit,historical,mri-esm2-0,historical (FireMIP) - visit - mri-esm2-0,286.3539123535156
1856-12-31 00:00:00,visit,historical,mri-esm2-0,historical (FireMIP) - visit - mri-esm2-0,314.8185729980469
1857-12-31 00:00:00,visit,historical,mri-esm2-0,historical (FireMIP) - visit - mri-esm2-0,287.2330322265625
1858-12-31 00:00:00,visit,historical,mri-esm2-0,historical (FireMIP) - visit - mri-esm2-0,268.9342346191406
1859-12-31 00:00:00,visit,historical,mri-esm2-0,historical (FireMIP) - visit - mri-esm2-0,273.0495300292969
1860-12-31 00:00:00,visit,historical,mri-esm2-0,historical (FireMIP) - visit - mri-esm2-0,298.15765380859375
1861-12-31 00:00:00,visit,historical,mri-esm2-0,historical (FireMIP) - visit - mri-esm2-0,306.1761169433594
1862-12-31 00:00:00,visit,historical,mri-esm2-0,historical (FireMIP) - visit - mri-esm2-0,238.4337615966797
1863-12-31 00:00:00,visit,historical,mri-esm2-0,historical (FireMIP) - visit - mri-esm2-0,272.3518371582031
1864-12-31 00:00:00,visit,historical,mri-esm2-0,historical (FireMIP) - visit - mri-esm2-0,255.8183135986328
1865-12-31 00:00:00,visit,historical,mri-esm2-0,historical (FireMIP) - visit - mri-esm2-0,267.9366455078125
1866-12-31 00:00:00,visit,historical,mri-esm2-0,historical (FireMIP) - visit - mri-esm2-0,288.47662353515625
1867-12-31 00:00:00,visit,historical,mri-esm2-0,historical (FireMIP) - visit - mri-esm2-0,340.1879577636719
1868-12-31 00:00:00,visit,historical,mri-esm2-0,historical (FireMIP) - visit - mri-esm2-0,296.7012939453125
1869-12-31 00:00:00,visit,historical,mri-esm2-0,historical (FireMIP) - visit - mri-esm2-0,292.1304016113281
1870-12-31 00:00:00,visit,historical,mri-esm2-0,historical (FireMIP) - visit - mri-esm2-0,281.686767578125
1871-12-31 00:00:00,visit,historical,mri-esm2-0,historical (FireMIP) - visit - mri-esm2-0,345.5063781738281
1872-12-31 00:00:00,visit,historical,mri-esm2-0,historical (FireMIP) - visit - mri-esm2-0,261.7650451660156
1873-12-31 00:00:00,visit,historical,mri-esm2-0,historical (FireMIP) - visit - mri-esm2-0,295.2734375
1874-12-31 00:00:00,visit,historical,mri-esm2-0,historical (FireMIP) - visit - mri-esm2-0,300.9423522949219
1875-12-31 00:00:00,visit,historical,mri-esm2-0,historical (FireMIP) - visit - mri-esm2-0,276.44586181640625
1876-12-31 00:00:00,visit,historical,mri-esm2-0,historical (FireMIP) - visit - mri-esm2-0,301.0583190917969
1877-12-31 00:00:00,visit,historical,mri-esm2-0,historical (FireMIP) - visit - mri-esm2-0,303.3967590332031
1878-12-31 00:00:00,visit,historical,mri-esm2-0,historical (FireMIP) - visit - mri-esm2-0,333.1414489746094
1879-12-31 00:00:00,visit,historical,mri-esm2-0,historical (FireMIP) - visit - mri-esm2-0,285.224365234375
1880-12-31 00:00:00,visit,historical,mri-esm2-0,historical (FireMIP) - visit - mri-esm2-0,319.564697265625
1881-12-31 00:00:00,visit,historical,mri-esm2-0,historical (FireMIP) - visit - mri-esm2-0,327.2396545410156
1882-12-31 00:00:00,visit,historical,mri-esm2-0,historical (FireMIP) - visit - mri-esm2-0,265.94549560546875
1883-12-31 00:00:00,visit,historical,mri-esm2-0,historical (FireMIP) - visit - mri-esm2-0,262.9913024902344
1884-12-31 00:00:00,visit,historical,mri-esm2-0,historical (FireMIP) - visit - mri-esm2-0,304.4722595214844
1885-12-31 00:00:00,visit,historical,mri-esm2-0,historical (FireMIP) - visit - mri-esm2-0,281.0455322265625
1886-12-31 00:00:00,visit,historical,mri-esm2-0,historical (FireMIP) - visit - mri-esm2-0,335.8938903808594
1887-12-31 00:00:00,visit,historical,mri-esm2-0,historical (FireMIP) - visit - mri-esm2-0,284.65191650390625
1888-12-31 00:00:00,visit,historical,mri-esm2-0,historical (FireMIP) - visit - mri-esm2-0,389.104248046875
1889-12-31 00:00:00,visit,historical,mri-esm2-0,historical (FireMIP) - visit - mri-esm2-0,308.4976501464844
1890-12-31 00:00:00,visit,historical,mri-esm2-0,historical (FireMIP) - visit - mri-esm2-0,286.3410949707031
1891-12-31 00:00:00,visit,historical,mri-esm2-0,historical (FireMIP) - visit - mri-esm2-0,313.7663879394531
1892-12-31 00:00:00,visit,historical,mri-esm2-0,historical (FireMIP) - visit - mri-esm2-0,291.9678649902344
1893-12-31 00:00:00,visit,historical,mri-esm2-0,historical (FireMIP) - visit - mri-esm2-0,351.2960205078125
1894-12-31 00:00:00,visit,historical,mri-esm2-0,historical (FireMIP) - visit - mri-esm2-0,286.531005859375
1895-12-31 00:00:00,visit,historical,mri-esm2-0,historical (FireMIP) - visit - mri-esm2-0,289.4548645019531
1896-12-31 00:00:00,visit,historical,mri-esm2-0,historical (FireMIP) - visit - mri-esm2-0,417.3434143066406
1897-12-31 00:00:00,visit,historical,mri-esm2-0,historical (FireMIP) - visit - mri-esm2-0,338.94696044921875
1898-12-31 00:00:00,visit,historical,mri-esm2-0,historical (FireMIP) - visit - mri-esm2-0,355.8481140136719
1899-12-31 00:00:00,visit,historical,mri-esm2-0,historical (FireMIP) - visit - mri-esm2-0,294.8824768066406
1900-12-31 00:00:00,visit,historical,mri-esm2-0,historical (FireMIP) - visit - mri-esm2-0,308.89892578125
1901-12-31 00:00:00,visit,historical,mri-esm2-0,historical (FireMIP) - visit - mri-esm2-0,281.7908020019531
1902-12-31 00:00:00,visit,historical,mri-esm2-0,historical (FireMIP) - visit - mri-esm2-0,249.9833526611328
1903-12-31 00:00:00,visit,historical,mri-esm2-0,historical (FireMIP) - visit - mri-esm2-0,294.92938232421875
1904-12-31 00:00:00,visit,historical,mri-esm2-0,historical (FireMIP) - visit - mri-esm2-0,313.6462097167969
1905-12-31 00:00:00,visit,historical,mri-esm2-0,historical (FireMIP) - visit - mri-esm2-0,254.18565368652344
1906-12-31 00:00:00,visit,historical,mri-esm2-0,historical (FireMIP) - visit - mri-esm2-0,301.6961669921875
1907-12-31 00:00:00,visit,historical,mri-esm2-0,historical (FireMIP) - visit - mri-esm2-0,274.54766845703125
1908-12-31 00:00:00,visit,historical,mri-esm2-0,historical (FireMIP) - visit - mri-esm2-0,296.2125549316406
1909-12-31 00:00:00,visit,historical,mri-esm2-0,historical (FireMIP) - visit - mri-esm2-0,290.42510986328125
1910-12-31 00:00:00,visit,historical,mri-esm2-0,historical (FireMIP) - visit - mri-esm2-0,273.4769592285156
1911-12-31 00:00:00,visit,historical,mri-esm2-0,historical (FireMIP) - visit - mri-esm2-0,242.5905303955078
1912-12-31 00:00:00,visit,historical,mri-esm2-0,historical (FireMIP) - visit - mri-esm2-0,338.9941711425781
1913-12-31 00:00:00,visit,historical,mri-esm2-0,historical (FireMIP) - visit - mri-esm2-0,277.5616149902344
1914-12-31 00:00:00,visit,historical,mri-esm2-0,historical (FireMIP) - visit - mri-esm2-0,373.0203552246094
1915-12-31 00:00:00,visit,historical,mri-esm2-0,historical (FireMIP) - visit - mri-esm2-0,297.80517578125
1916-12-31 00:00:00,visit,historical,mri-esm2-0,historical (FireMIP) - visit - mri-esm2-0,279.9604797363281
1917-12-31 00:00:00,visit,historical,mri-esm2-0,historical (FireMIP) - visit - mri-esm2-0,293.7150573730469
1918-12-31 00:00:00,visit,historical,mri-esm2-0,historical (FireMIP) - visit - mri-esm2-0,338.6859130859375
1919-12-31 00:00:00,visit,historical,mri-esm2-0,historical (FireMIP) - visit - mri-esm2-0,310.8985900878906
1920-12-31 00:00:00,visit,historical,mri-esm2-0,historical (FireMIP) - visit - mri-esm2-0,323.8822326660156
1921-12-31 00:00:00,visit,historical,mri-esm2-0,historical (FireMIP) - visit - mri-esm2-0,341.9516296386719
1922-12-31 00:00:00,visit,historical,mri-esm2-0,historical (FireMIP) - visit - mri-esm2-0,284.50018310546875
1923-12-31 00:00:00,visit,historical,mri-esm2-0,historical (FireMIP) - visit - mri-esm2-0,244.3358612060547
1924-12-31 00:00:00,visit,historical,mri-esm2-0,historical (FireMIP) - visit - mri-esm2-0,327.6879577636719
1925-12-31 00:00:00,visit,historical,mri-esm2-0,historical (FireMIP) - visit - mri-esm2-0,297.8836669921875
1926-12-31 00:00:00,visit,historical,mri-esm2-0,historical (FireMIP) - visit - mri-esm2-0,347.2202453613281
1927-12-31 00:00:00,visit,historical,mri-esm2-0,historical (FireMIP) - visit - mri-esm2-0,298.58575439453125
1928-12-31 00:00:00,visit,historical,mri-esm2-0,historical (FireMIP) - visit - mri-esm2-0,327.4624938964844
1929-12-31 00:00:00,visit,historical,mri-esm2-0,historical (FireMIP) - visit - mri-esm2-0,373.99755859375
1930-12-31 00:00:00,visit,historical,mri-esm2-0,historical (FireMIP) - visit - mri-esm2-0,289.046630859375
1931-12-31 00:00:00,visit,historical,mri-esm2-0,historical (FireMIP) - visit - mri-esm2-0,269.3699035644531
1932-12-31 00:00:00,visit,historical,mri-esm2-0,historical (FireMIP) - visit - mri-esm2-0,369.2120056152344
1933-12-31 00:00:00,visit,historical,mri-esm2-0,historical (FireMIP) - visit - mri-esm2-0,335.42529296875
1934-12-31 00:00:00,visit,historical,mri-esm2-0,historical (FireMIP) - visit - mri-esm2-0,266.0857849121094
1935-12-31 00:00:00,visit,historical,mri-esm2-0,historical (FireMIP) - visit - mri-esm2-0,294.11553955078125
1936-12-31 00:00:00,visit,historical,mri-esm2-0,historical (FireMIP) - visit - mri-esm2-0,284.7419738769531
1937-12-31 00:00:00,visit,historical,mri-esm2-0,historical (FireMIP) - visit - mri-esm2-0,300.8153076171875
1938-12-31 00:00:00,visit,historical,mri-esm2-0,historical (FireMIP) - visit - mri-esm2-0,342.6195068359375
1939-12-31 00:00:00,visit,historical,mri-esm2-0,historical (FireMIP) - visit - mri-esm2-0,263.3956604003906
1940-12-31 00:00:00,visit,historical,mri-esm2-0,historical (FireMIP) - visit - mri-esm2-0,305.1838073730469
1941-12-31 00:00:00,visit,historical,mri-esm2-0,historical (FireMIP) - visit - mri-esm2-0,297.75897216796875
1942-12-31 00:00:00,visit,historical,mri-esm2-0,historical (FireMIP) - visit - mri-esm2-0,249.81687927246094
1943-12-31 00:00:00,visit,historical,mri-esm2-0,historical (FireMIP) - visit - mri-esm2-0,289.14599609375
1944-12-31 00:00:00,visit,historical,mri-esm2-0,historical (FireMIP) - visit - mri-esm2-0,347.5582275390625
1945-12-31 00:00:00,visit,historical,mri-esm2-0,historical (FireMIP) - visit - mri-esm2-0,285.5670471191406
1946-12-31 00:00:00,visit,historical,mri-esm2-0,historical (FireMIP) - visit - mri-esm2-0,375.7030029296875
1947-12-31 00:00:00,visit,historical,mri-esm2-0,historical (FireMIP) - visit - mri-esm2-0,390.2237243652344
1948-12-31 00:00:00,visit,historical,mri-esm2-0,historical (FireMIP) - visit - mri-esm2-0,316.9523010253906
1949-12-31 00:00:00,visit,historical,mri-esm2-0,historical (FireMIP) - visit - mri-esm2-0,344.9028015136719
1950-12-31 00:00:00,visit,historical,mri-esm2-0,historical (FireMIP) - visit - mri-esm2-0,357.5172424316406
1951-12-31 00:00:00,visit,historical,mri-esm2-0,historical (FireMIP) - visit - mri-esm2-0,265.64056396484375
1952-12-31 00:00:00,visit,historical,mri-esm2-0,historical (FireMIP) - visit - mri-esm2-0,265.2096862792969
1953-12-31 00:00:00,visit,historical,mri-esm2-0,historical (FireMIP) - visit - mri-esm2-0,368.2215270996094
1954-12-31 00:00:00,visit,historical,mri-esm2-0,historical (FireMIP) - visit - mri-esm2-0,288.5018615722656
1955-12-31 00:00:00,visit,historical,mri-esm2-0,historical (FireMIP) - visit - mri-esm2-0,328.3859558105469
1956-12-31 00:00:00,visit,historical,mri-esm2-0,historical (FireMIP) - visit - mri-esm2-0,273.5660095214844
1957-12-31 00:00:00,visit,historical,mri-esm2-0,historical (FireMIP) - visit - mri-esm2-0,315.2859191894531
1958-12-31 00:00:00,visit,historical,mri-esm2-0,historical (FireMIP) - visit - mri-esm2-0,334.7371826171875
1959-12-31 00:00:00,visit,historical,mri-esm2-0,historical (FireMIP) - visit - mri-esm2-0,439.3955078125
1960-12-31 00:00:00,visit,historical,mri-esm2-0,historical (FireMIP) - visit - mri-esm2-0,341.6502380371094
1961-12-31 00:00:00,visit,historical,mri-esm2-0,historical (FireMIP) - visit - mri-esm2-0,298.5134582519531
1962-12-31 00:00:00,visit,historical,mri-esm2-0,historical (FireMIP) - visit - mri-esm2-0,340.2333679199219
1963-12-31 00:00:00,visit,historical,mri-esm2-0,historical (FireMIP) - visit - mri-esm2-0,301.9306945800781
1964-12-31 00:00:00,visit,historical,mri-esm2-0,historical (FireMIP) - visit - mri-esm2-0,267.8652648925781
1965-12-31 00:00:00,visit,historical,mri-esm2-0,historical (FireMIP) - visit - mri-esm2-0,272.0740661621094
1966-12-31 00:00:00,visit,historical,mri-esm2-0,historical (FireMIP) - visit - mri-esm2-0,285.6061706542969
1967-12-31 00:00:00,visit,historical,mri-esm2-0,historical (FireMIP) - visit - mri-esm2-0,428.5289306640625
1968-12-31 00:00:00,visit,historical,mri-esm2-0,historical (FireMIP) - visit - mri-esm2-0,323.983154296875
1969-12-31 00:00:00,visit,historical,mri-esm2-0,historical (FireMIP) - visit - mri-esm2-0,286.8806457519531
1970-12-31 00:00:00,visit,historical,mri-esm2-0,historical (FireMIP) - visit - mri-esm2-0,309.3339538574219
1971-12-31 00:00:00,visit,historical,mri-esm2-0,historical (FireMIP) - visit - mri-esm2-0,313.1584167480469
1972-12-31 00:00:00,visit,historical,mri-esm2-0,historical (FireMIP) - visit - mri-esm2-0,352.3001708984375
1973-12-31 00:00:00,visit,historical,mri-esm2-0,historical (FireMIP) - visit - mri-esm2-0,327.8163757324219
1974-12-31 00:00:00,visit,historical,mri-esm2-0,historical (FireMIP) - visit - mri-esm2-0,322.1866149902344
1975-12-31 00:00:00,visit,historical,mri-esm2-0,historical (FireMIP) - visit - mri-esm2-0,241.80775451660156
1976-12-31 00:00:00,visit,historical,mri-esm2-0,historical (FireMIP) - visit - mri-esm2-0,281.1128234863281
1977-12-31 00:00:00,visit,historical,mri-esm2-0,historical (FireMIP) - visit - mri-esm2-0,317.9586486816406
1978-12-31 00:00:00,visit,historical,mri-esm2-0,historical (FireMIP) - visit - mri-esm2-0,410.1405029296875
1979-12-31 00:00:00,visit,historical,mri-esm2-0,historical (FireMIP) - visit - mri-esm2-0,252.3284912109375
1980-12-31 00:00:00,visit,historical,mri-esm2-0,historical (FireMIP) - visit - mri-esm2-0,328.0896911621094
1981-12-31 00:00:00,visit,historical,mri-esm2-0,historical (FireMIP) - visit - mri-esm2-0,317.98480224609375
1982-12-31 00:00:00,visit,historical,mri-esm2-0,historical (FireMIP) - visit - mri-esm2-0,383.3953857421875
1983-12-31 00:00:00,visit,historical,mri-esm2-0,historical (FireMIP) - visit - mri-esm2-0,302.7270812988281
1984-12-31 00:00:00,visit,historical,mri-esm2-0,historical (FireMIP) - visit - mri-esm2-0,303.8842468261719
1985-12-31 00:00:00,visit,historical,mri-esm2-0,historical (FireMIP) - visit - mri-esm2-0,389.978271484375
1986-12-31 00:00:00,visit,historical,mri-esm2-0,historical (FireMIP) - visit - mri-esm2-0,317.7321472167969
1987-12-31 00:00:00,visit,historical,mri-esm2-0,historical (FireMIP) - visit - mri-esm2-0,326.6015930175781
1988-12-31 00:00:00,visit,historical,mri-esm2-0,historical (FireMIP) - visit - mri-esm2-0,342.758544921875
1989-12-31 00:00:00,visit,historical,mri-esm2-0,historical (FireMIP) - visit - mri-esm2-0,367.9237976074219
1990-12-31 00:00:00,visit,historical,mri-esm2-0,historical (FireMIP) - visit - mri-esm2-0,317.45538330078125
1991-12-31 00:00:00,visit,historical,mri-esm2-0,historical (FireMIP) - visit - mri-esm2-0,288.2672424316406
1992-12-31 00:00:00,visit,historical,mri-esm2-0,historical (FireMIP) - visit - mri-esm2-0,290.2874450683594
1993-12-31 00:00:00,visit,historical,mri-esm2-0,historical (FireMIP) - visit - mri-esm2-0,428.703369140625
1994-12-31 00:00:00,visit,historical,mri-esm2-0,historical (FireMIP) - visit - mri-esm2-0,467.4386901855469
1995-12-31 00:00:00,visit,historical,mri-esm2-0,historical (FireMIP) - visit - mri-esm2-0,375.1783447265625
1996-12-31 00:00:00,visit,historical,mri-esm2-0,historical (FireMIP) - visit - mri-esm2-0,302.8640441894531
1997-12-31 00:00:00,visit,historical,mri-esm2-0,historical (FireMIP) - visit - mri-esm2-0,301.08856201171875
1998-12-31 00:00:00,visit,historical,mri-esm2-0,historical (FireMIP) - visit - mri-esm2-0,356.5906677246094
1999-12-31 00:00:00,visit,historical,mri-esm2-0,historical (FireMIP) - visit - mri-esm2-0,271.1771545410156
2000-12-31 00:00:00,visit,historical,mri-esm2-0,historical (FireMIP) - visit - mri-esm2-0,335.320068359375
2001-12-31 00:00:00,visit,historical,mri-esm2-0,historical (FireMIP) - visit - mri-esm2-0,334.2711486816406
2002-12-31 00:00:00,visit,historical,mri-esm2-0,historical (FireMIP) - visit - mri-esm2-0,347.4299621582031
2003-12-31 00:00:00,visit,historical,mri-esm2-0,historical (FireMIP) - visit - mri-esm2-0,366.3283386230469
2004-12-31 00:00:00,visit,historical,mri-esm2-0,historical (FireMIP) - visit - mri-esm2-0,441.0820007324219
2005-12-31 00:00:00,visit,historical,mri-esm2-0,historical (FireMIP) - visit - mri-esm2-0,331.46746826171875
2006-12-31 00:00:00,visit,historical,mri-esm2-0,historical (FireMIP) - visit - mri-esm2-0,317.3283996582031
2007-12-31 00:00:00,visit,historical,mri-esm2-0,historical (FireMIP) - visit - mri-esm2-0,325.0175476074219
2008-12-31 00:00:00,visit,historical,mri-esm2-0,historical (FireMIP) - visit - mri-esm2-0,360.13916015625
2009-12-31 00:00:00,visit,historical,mri-esm2-0,historical (FireMIP) - visit - mri-esm2-0,345.5336608886719
2010-12-31 00:00:00,visit,historical,mri-esm2-0,historical (FireMIP) - visit - mri-esm2-0,396.2004089355469
2011-12-31 00:00:00,visit,historical,mri-esm2-0,historical (FireMIP) - visit - mri-esm2-0,358.6144104003906
2012-12-31 00:00:00,visit,historical,mri-esm2-0,historical (FireMIP) - visit - mri-esm2-0,370.7983093261719
2013-12-31 00:00:00,visit,historical,mri-esm2-0,historical (FireMIP) - visit - mri-esm2-0,336.19952392578125
2014-12-31 00:00:00,visit,historical,mri-esm2-0,historical (FireMIP) - visit - mri-esm2-0,357.205322265625
1850-12-31 00:00:00,visit,historical,ukesm1-0-ll,historical (FireMIP) - visit - ukesm1-0-ll,300.3927917480469
1851-12-31 00:00:00,visit,historical,ukesm1-0-ll,historical (FireMIP) - visit - ukesm1-0-ll,327.29681396484375
1852-12-31 00:00:00,visit,historical,ukesm1-0-ll,historical (FireMIP) - visit - ukesm1-0-ll,453.9279479980469
1853-12-31 00:00:00,visit,historical,ukesm1-0-ll,historical (FireMIP) - visit - ukesm1-0-ll,305.9893493652344
1854-12-31 00:00:00,visit,historical,ukesm1-0-ll,historical (FireMIP) - visit - ukesm1-0-ll,278.5160827636719
1855-12-31 00:00:00,visit,historical,ukesm1-0-ll,historical (FireMIP) - visit - ukesm1-0-ll,228.4039764404297
1856-12-31 00:00:00,visit,historical,ukesm1-0-ll,historical (FireMIP) - visit - ukesm1-0-ll,332.5306701660156
1857-12-31 00:00:00,visit,historical,ukesm1-0-ll,historical (FireMIP) - visit - ukesm1-0-ll,384.936279296875
1858-12-31 00:00:00,visit,historical,ukesm1-0-ll,historical (FireMIP) - visit - ukesm1-0-ll,328.0392761230469
1859-12-31 00:00:00,visit,historical,ukesm1-0-ll,historical (FireMIP) - visit - ukesm1-0-ll,311.1671447753906
1860-12-31 00:00:00,visit,historical,ukesm1-0-ll,historical (FireMIP) - visit - ukesm1-0-ll,280.2319641113281
1861-12-31 00:00:00,visit,historical,ukesm1-0-ll,historical (FireMIP) - visit - ukesm1-0-ll,409.758056640625
1862-12-31 00:00:00,visit,historical,ukesm1-0-ll,historical (FireMIP) - visit - ukesm1-0-ll,393.8316345214844
1863-12-31 00:00:00,visit,historical,ukesm1-0-ll,historical (FireMIP) - visit - ukesm1-0-ll,277.49432373046875
1864-12-31 00:00:00,visit,historical,ukesm1-0-ll,historical (FireMIP) - visit - ukesm1-0-ll,331.931396484375
1865-12-31 00:00:00,visit,historical,ukesm1-0-ll,historical (FireMIP) - visit - ukesm1-0-ll,238.3702850341797
1866-12-31 00:00:00,visit,historical,ukesm1-0-ll,historical (FireMIP) - visit - ukesm1-0-ll,258.1808166503906
1867-12-31 00:00:00,visit,historical,ukesm1-0-ll,historical (FireMIP) - visit - ukesm1-0-ll,301.2033386230469
1868-12-31 00:00:00,visit,historical,ukesm1-0-ll,historical (FireMIP) - visit - ukesm1-0-ll,340.2851257324219
1869-12-31 00:00:00,visit,historical,ukesm1-0-ll,historical (FireMIP) - visit - ukesm1-0-ll,260.7003479003906
1870-12-31 00:00:00,visit,historical,ukesm1-0-ll,historical (FireMIP) - visit - ukesm1-0-ll,330.9830322265625
1871-12-31 00:00:00,visit,historical,ukesm1-0-ll,historical (FireMIP) - visit - ukesm1-0-ll,334.8549499511719
1872-12-31 00:00:00,visit,historical,ukesm1-0-ll,historical (FireMIP) - visit - ukesm1-0-ll,312.7023010253906
1873-12-31 00:00:00,visit,historical,ukesm1-0-ll,historical (FireMIP) - visit - ukesm1-0-ll,308.71966552734375
1874-12-31 00:00:00,visit,historical,ukesm1-0-ll,historical (FireMIP) - visit - ukesm1-0-ll,273.33953857421875
1875-12-31 00:00:00,visit,historical,ukesm1-0-ll,historical (FireMIP) - visit - ukesm1-0-ll,393.059326171875
1876-12-31 00:00:00,visit,historical,ukesm1-0-ll,historical (FireMIP) - visit - ukesm1-0-ll,265.2385559082031
1877-12-31 00:00:00,visit,historical,ukesm1-0-ll,historical (FireMIP) - visit - ukesm1-0-ll,405.3718566894531
1878-12-31 00:00:00,visit,historical,ukesm1-0-ll,historical (FireMIP) - visit - ukesm1-0-ll,328.15234375
1879-12-31 00:00:00,visit,historical,ukesm1-0-ll,historical (FireMIP) - visit - ukesm1-0-ll,302.3568115234375
1880-12-31 00:00:00,visit,historical,ukesm1-0-ll,historical (FireMIP) - visit - ukesm1-0-ll,262.9972229003906
1881-12-31 00:00:00,visit,historical,ukesm1-0-ll,historical (FireMIP) - visit - ukesm1-0-ll,359.6719055175781
1882-12-31 00:00:00,visit,historical,ukesm1-0-ll,historical (FireMIP) - visit - ukesm1-0-ll,371.4646301269531
1883-12-31 00:00:00,visit,historical,ukesm1-0-ll,historical (FireMIP) - visit - ukesm1-0-ll,297.0686950683594
1884-12-31 00:00:00,visit,historical,ukesm1-0-ll,historical (FireMIP) - visit - ukesm1-0-ll,281.1480712890625
1885-12-31 00:00:00,visit,historical,ukesm1-0-ll,historical (FireMIP) - visit - ukesm1-0-ll,304.59735107421875
1886-12-31 00:00:00,visit,historical,ukesm1-0-ll,historical (FireMIP) - visit - ukesm1-0-ll,289.0388488769531
1887-12-31 00:00:00,visit,historical,ukesm1-0-ll,historical (FireMIP) - visit - ukesm1-0-ll,321.3400573730469
1888-12-31 00:00:00,visit,historical,ukesm1-0-ll,historical (FireMIP) - visit - ukesm1-0-ll,434.5401916503906
1889-12-31 00:00:00,visit,historical,ukesm1-0-ll,historical (FireMIP) - visit - ukesm1-0-ll,297.1151428222656
1890-12-31 00:00:00,visit,historical,ukesm1-0-ll,historical (FireMIP) - visit - ukesm1-0-ll,252.8141326904297
1891-12-31 00:00:00,visit,historical,ukesm1-0-ll,historical (FireMIP) - visit - ukesm1-0-ll,337.3206481933594
1892-12-31 00:00:00,visit,historical,ukesm1-0-ll,historical (FireMIP) - visit - ukesm1-0-ll,306.5935363769531
1893-12-31 00:00:00,visit,historical,ukesm1-0-ll,historical (FireMIP) - visit - ukesm1-0-ll,326.8475036621094
1894-12-31 00:00:00,visit,historical,ukesm1-0-ll,historical (FireMIP) - visit - ukesm1-0-ll,291.1333923339844
1895-12-31 00:00:00,visit,historical,ukesm1-0-ll,historical (FireMIP) - visit - ukesm1-0-ll,268.5614318847656
1896-12-31 00:00:00,visit,historical,ukesm1-0-ll,historical (FireMIP) - visit - ukesm1-0-ll,337.61279296875
1897-12-31 00:00:00,visit,historical,ukesm1-0-ll,historical (FireMIP) - visit - ukesm1-0-ll,319.89251708984375
1898-12-31 00:00:00,visit,historical,ukesm1-0-ll,historical (FireMIP) - visit - ukesm1-0-ll,262.3126525878906
1899-12-31 00:00:00,visit,historical,ukesm1-0-ll,historical (FireMIP) - visit - ukesm1-0-ll,278.6125183105469
1900-12-31 00:00:00,visit,historical,ukesm1-0-ll,historical (FireMIP) - visit - ukesm1-0-ll,296.8888854980469
1901-12-31 00:00:00,visit,historical,ukesm1-0-ll,historical (FireMIP) - visit - ukesm1-0-ll,267.460205078125
1902-12-31 00:00:00,visit,historical,ukesm1-0-ll,historical (FireMIP) - visit - ukesm1-0-ll,311.7716369628906
1903-12-31 00:00:00,visit,historical,ukesm1-0-ll,historical (FireMIP) - visit - ukesm1-0-ll,368.2190246582031
1904-12-31 00:00:00,visit,historical,ukesm1-0-ll,historical (FireMIP) - visit - ukesm1-0-ll,356.3749694824219
1905-12-31 00:00:00,visit,historical,ukesm1-0-ll,historical (FireMIP) - visit - ukesm1-0-ll,297.5157775878906
1906-12-31 00:00:00,visit,historical,ukesm1-0-ll,historical (FireMIP) - visit - ukesm1-0-ll,270.1702880859375
1907-12-31 00:00:00,visit,historical,ukesm1-0-ll,historical (FireMIP) - visit - ukesm1-0-ll,358.4198913574219
1908-12-31 00:00:00,visit,historical,ukesm1-0-ll,historical (FireMIP) - visit - ukesm1-0-ll,372.819091796875
1909-12-31 00:00:00,visit,historical,ukesm1-0-ll,historical (FireMIP) - visit - ukesm1-0-ll,268.2676696777344
1910-12-31 00:00:00,visit,historical,ukesm1-0-ll,historical (FireMIP) - visit - ukesm1-0-ll,303.97296142578125
1911-12-31 00:00:00,visit,historical,ukesm1-0-ll,historical (FireMIP) - visit - ukesm1-0-ll,351.5011291503906
1912-12-31 00:00:00,visit,historical,ukesm1-0-ll,historical (FireMIP) - visit - ukesm1-0-ll,350.1964111328125
1913-12-31 00:00:00,visit,historical,ukesm1-0-ll,historical (FireMIP) - visit - ukesm1-0-ll,372.6083068847656
1914-12-31 00:00:00,visit,historical,ukesm1-0-ll,historical (FireMIP) - visit - ukesm1-0-ll,340.8523864746094
1915-12-31 00:00:00,visit,historical,ukesm1-0-ll,historical (FireMIP) - visit - ukesm1-0-ll,332.62451171875
1916-12-31 00:00:00,visit,historical,ukesm1-0-ll,historical (FireMIP) - visit - ukesm1-0-ll,290.8136901855469
1917-12-31 00:00:00,visit,historical,ukesm1-0-ll,historical (FireMIP) - visit - ukesm1-0-ll,290.410888671875
1918-12-31 00:00:00,visit,historical,ukesm1-0-ll,historical (FireMIP) - visit - ukesm1-0-ll,302.13555908203125
1919-12-31 00:00:00,visit,historical,ukesm1-0-ll,historical (FireMIP) - visit - ukesm1-0-ll,289.92425537109375
1920-12-31 00:00:00,visit,historical,ukesm1-0-ll,historical (FireMIP) - visit - ukesm1-0-ll,288.8945007324219
1921-12-31 00:00:00,visit,historical,ukesm1-0-ll,historical (FireMIP) - visit - ukesm1-0-ll,286.0938415527344
1922-12-31 00:00:00,visit,historical,ukesm1-0-ll,historical (FireMIP) - visit - ukesm1-0-ll,282.64337158203125
1923-12-31 00:00:00,visit,historical,ukesm1-0-ll,historical (FireMIP) - visit - ukesm1-0-ll,349.7420349121094
1924-12-31 00:00:00,visit,historical,ukesm1-0-ll,historical (FireMIP) - visit - ukesm1-0-ll,339.5900573730469
1925-12-31 00:00:00,visit,historical,ukesm1-0-ll,historical (FireMIP) - visit - ukesm1-0-ll,297.541748046875
1926-12-31 00:00:00,visit,historical,ukesm1-0-ll,historical (FireMIP) - visit - ukesm1-0-ll,363.8998107910156
1927-12-31 00:00:00,visit,historical,ukesm1-0-ll,historical (FireMIP) - visit - ukesm1-0-ll,315.1800842285156
1928-12-31 00:00:00,visit,historical,ukesm1-0-ll,historical (FireMIP) - visit - ukesm1-0-ll,385.4650573730469
1929-12-31 00:00:00,visit,historical,ukesm1-0-ll,historical (FireMIP) - visit - ukesm1-0-ll,343.9118957519531
1930-12-31 00:00:00,visit,historical,ukesm1-0-ll,historical (FireMIP) - visit - ukesm1-0-ll,297.4241943359375
1931-12-31 00:00:00,visit,historical,ukesm1-0-ll,historical (FireMIP) - visit - ukesm1-0-ll,282.0962829589844
1932-12-31 00:00:00,visit,historical,ukesm1-0-ll,historical (FireMIP) - visit - ukesm1-0-ll,298.7115173339844
1933-12-31 00:00:00,visit,historical,ukesm1-0-ll,historical (FireMIP) - visit - ukesm1-0-ll,313.7515563964844
1934-12-31 00:00:00,visit,historical,ukesm1-0-ll,historical (FireMIP) - visit - ukesm1-0-ll,289.5007019042969
1935-12-31 00:00:00,visit,historical,ukesm1-0-ll,historical (FireMIP) - visit - ukesm1-0-ll,292.0077819824219
1936-12-31 00:00:00,visit,historical,ukesm1-0-ll,historical (FireMIP) - visit - ukesm1-0-ll,282.4591979980469
1937-12-31 00:00:00,visit,historical,ukesm1-0-ll,historical (FireMIP) - visit - ukesm1-0-ll,280.2417297363281
1938-12-31 00:00:00,visit,historical,ukesm1-0-ll,historical (FireMIP) - visit - ukesm1-0-ll,296.9254150390625
1939-12-31 00:00:00,visit,historical,ukesm1-0-ll,historical (FireMIP) - visit - ukesm1-0-ll,304.9898376464844
1940-12-31 00:00:00,visit,historical,ukesm1-0-ll,historical (FireMIP) - visit - ukesm1-0-ll,365.28955078125
1941-12-31 00:00:00,visit,historical,ukesm1-0-ll,historical (FireMIP) - visit - ukesm1-0-ll,342.6470031738281
1942-12-31 00:00:00,visit,historical,ukesm1-0-ll,historical (FireMIP) - visit - ukesm1-0-ll,364.0325927734375
1943-12-31 00:00:00,visit,historical,ukesm1-0-ll,historical (FireMIP) - visit - ukesm1-0-ll,284.3017272949219
1944-12-31 00:00:00,visit,historical,ukesm1-0-ll,historical (FireMIP) - visit - ukesm1-0-ll,353.6850891113281
1945-12-31 00:00:00,visit,historical,ukesm1-0-ll,historical (FireMIP) - visit - ukesm1-0-ll,306.9288024902344
1946-12-31 00:00:00,visit,historical,ukesm1-0-ll,historical (FireMIP) - visit - ukesm1-0-ll,314.54742431640625
1947-12-31 00:00:00,visit,historical,ukesm1-0-ll,historical (FireMIP) - visit - ukesm1-0-ll,308.94476318359375
1948-12-31 00:00:00,visit,historical,ukesm1-0-ll,historical (FireMIP) - visit - ukesm1-0-ll,365.5910949707031
1949-12-31 00:00:00,visit,historical,ukesm1-0-ll,historical (FireMIP) - visit - ukesm1-0-ll,371.8321228027344
1950-12-31 00:00:00,visit,historical,ukesm1-0-ll,historical (FireMIP) - visit - ukesm1-0-ll,294.2738952636719
1951-12-31 00:00:00,visit,historical,ukesm1-0-ll,historical (FireMIP) - visit - ukesm1-0-ll,298.8805847167969
1952-12-31 00:00:00,visit,historical,ukesm1-0-ll,historical (FireMIP) - visit - ukesm1-0-ll,331.4576721191406
1953-12-31 00:00:00,visit,historical,ukesm1-0-ll,historical (FireMIP) - visit - ukesm1-0-ll,335.266357421875
1954-12-31 00:00:00,visit,historical,ukesm1-0-ll,historical (FireMIP) - visit - ukesm1-0-ll,289.5003356933594
1955-12-31 00:00:00,visit,historical,ukesm1-0-ll,historical (FireMIP) - visit - ukesm1-0-ll,278.7865295410156
1956-12-31 00:00:00,visit,historical,ukesm1-0-ll,historical (FireMIP) - visit - ukesm1-0-ll,315.2810363769531
1957-12-31 00:00:00,visit,historical,ukesm1-0-ll,historical (FireMIP) - visit - ukesm1-0-ll,379.0735778808594
1958-12-31 00:00:00,visit,historical,ukesm1-0-ll,historical (FireMIP) - visit - ukesm1-0-ll,410.5899963378906
1959-12-31 00:00:00,visit,historical,ukesm1-0-ll,historical (FireMIP) - visit - ukesm1-0-ll,299.8529357910156
1960-12-31 00:00:00,visit,historical,ukesm1-0-ll,historical (FireMIP) - visit - ukesm1-0-ll,306.0652160644531
1961-12-31 00:00:00,visit,historical,ukesm1-0-ll,historical (FireMIP) - visit - ukesm1-0-ll,300.3189697265625
1962-12-31 00:00:00,visit,historical,ukesm1-0-ll,historical (FireMIP) - visit - ukesm1-0-ll,293.9375305175781
1963-12-31 00:00:00,visit,historical,ukesm1-0-ll,historical (FireMIP) - visit - ukesm1-0-ll,263.266357421875
1964-12-31 00:00:00,visit,historical,ukesm1-0-ll,historical (FireMIP) - visit - ukesm1-0-ll,262.2513122558594
1965-12-31 00:00:00,visit,historical,ukesm1-0-ll,historical (FireMIP) - visit - ukesm1-0-ll,319.0245361328125
1966-12-31 00:00:00,visit,historical,ukesm1-0-ll,historical (FireMIP) - visit - ukesm1-0-ll,248.93890380859375
1967-12-31 00:00:00,visit,historical,ukesm1-0-ll,historical (FireMIP) - visit - ukesm1-0-ll,308.2944641113281
1968-12-31 00:00:00,visit,historical,ukesm1-0-ll,historical (FireMIP) - visit - ukesm1-0-ll,328.5608825683594
1969-12-31 00:00:00,visit,historical,ukesm1-0-ll,historical (FireMIP) - visit - ukesm1-0-ll,459.7944641113281
1970-12-31 00:00:00,visit,historical,ukesm1-0-ll,historical (FireMIP) - visit - ukesm1-0-ll,334.9056701660156
1971-12-31 00:00:00,visit,historical,ukesm1-0-ll,historical (FireMIP) - visit - ukesm1-0-ll,304.893310546875
1972-12-31 00:00:00,visit,historical,ukesm1-0-ll,historical (FireMIP) - visit - ukesm1-0-ll,312.87652587890625
1973-12-31 00:00:00,visit,historical,ukesm1-0-ll,historical (FireMIP) - visit - ukesm1-0-ll,322.87152099609375
1974-12-31 00:00:00,visit,historical,ukesm1-0-ll,historical (FireMIP) - visit - ukesm1-0-ll,352.2590637207031
1975-12-31 00:00:00,visit,historical,ukesm1-0-ll,historical (FireMIP) - visit - ukesm1-0-ll,359.9295654296875
1976-12-31 00:00:00,visit,historical,ukesm1-0-ll,historical (FireMIP) - visit - ukesm1-0-ll,334.4733581542969
1977-12-31 00:00:00,visit,historical,ukesm1-0-ll,historical (FireMIP) - visit - ukesm1-0-ll,320.7857666015625
1978-12-31 00:00:00,visit,historical,ukesm1-0-ll,historical (FireMIP) - visit - ukesm1-0-ll,391.1954650878906
1979-12-31 00:00:00,visit,historical,ukesm1-0-ll,historical (FireMIP) - visit - ukesm1-0-ll,328.6645812988281
1980-12-31 00:00:00,visit,historical,ukesm1-0-ll,historical (FireMIP) - visit - ukesm1-0-ll,285.2813720703125
1981-12-31 00:00:00,visit,historical,ukesm1-0-ll,historical (FireMIP) - visit - ukesm1-0-ll,378.6230163574219
1982-12-31 00:00:00,visit,historical,ukesm1-0-ll,historical (FireMIP) - visit - ukesm1-0-ll,357.7104797363281
1983-12-31 00:00:00,visit,historical,ukesm1-0-ll,historical (FireMIP) - visit - ukesm1-0-ll,464.107666015625
1984-12-31 00:00:00,visit,historical,ukesm1-0-ll,historical (FireMIP) - visit - ukesm1-0-ll,344.5626525878906
1985-12-31 00:00:00,visit,historical,ukesm1-0-ll,historical (FireMIP) - visit - ukesm1-0-ll,340.8438415527344
1986-12-31 00:00:00,visit,historical,ukesm1-0-ll,historical (FireMIP) - visit - ukesm1-0-ll,328.5505065917969
1987-12-31 00:00:00,visit,historical,ukesm1-0-ll,historical (FireMIP) - visit - ukesm1-0-ll,268.28271484375
1988-12-31 00:00:00,visit,historical,ukesm1-0-ll,historical (FireMIP) - visit - ukesm1-0-ll,282.6692199707031
1989-12-31 00:00:00,visit,historical,ukesm1-0-ll,historical (FireMIP) - visit - ukesm1-0-ll,310.3134460449219
1990-12-31 00:00:00,visit,historical,ukesm1-0-ll,historical (FireMIP) - visit - ukesm1-0-ll,319.4496154785156
1991-12-31 00:00:00,visit,historical,ukesm1-0-ll,historical (FireMIP) - visit - ukesm1-0-ll,282.51495361328125
1992-12-31 00:00:00,visit,historical,ukesm1-0-ll,historical (FireMIP) - visit - ukesm1-0-ll,331.0665588378906
1993-12-31 00:00:00,visit,historical,ukesm1-0-ll,historical (FireMIP) - visit - ukesm1-0-ll,327.2316589355469
1994-12-31 00:00:00,visit,historical,ukesm1-0-ll,historical (FireMIP) - visit - ukesm1-0-ll,337.19061279296875
1995-12-31 00:00:00,visit,historical,ukesm1-0-ll,historical (FireMIP) - visit - ukesm1-0-ll,343.4161682128906
1996-12-31 00:00:00,visit,historical,ukesm1-0-ll,historical (FireMIP) - visit - ukesm1-0-ll,402.9116516113281
1997-12-31 00:00:00,visit,historical,ukesm1-0-ll,historical (FireMIP) - visit - ukesm1-0-ll,311.9938659667969
1998-12-31 00:00:00,visit,historical,ukesm1-0-ll,historical (FireMIP) - visit - ukesm1-0-ll,480.2791442871094
1999-12-31 00:00:00,visit,historical,ukesm1-0-ll,historical (FireMIP) - visit - ukesm1-0-ll,319.41357421875
2000-12-31 00:00:00,visit,historical,ukesm1-0-ll,historical (FireMIP) - visit - ukesm1-0-ll,311.7142028808594
2001-12-31 00:00:00,visit,historical,ukesm1-0-ll,historical (FireMIP) - visit - ukesm1-0-ll,351.6098937988281
2002-12-31 00:00:00,visit,historical,ukesm1-0-ll,historical (FireMIP) - visit - ukesm1-0-ll,353.2552795410156
2003-12-31 00:00:00,visit,historical,ukesm1-0-ll,historical (FireMIP) - visit - ukesm1-0-ll,323.085693359375
2004-12-31 00:00:00,visit,historical,ukesm1-0-ll,historical (FireMIP) - visit - ukesm1-0-ll,417.0268859863281
2005-12-31 00:00:00,visit,historical,ukesm1-0-ll,historical (FireMIP) - visit - ukesm1-0-ll,377.34033203125
2006-12-31 00:00:00,visit,historical,ukesm1-0-ll,historical (FireMIP) - visit - ukesm1-0-ll,311.0598449707031
2007-12-31 00:00:00,visit,historical,ukesm1-0-ll,historical (FireMIP) - visit - ukesm1-0-ll,331.4046936035156
2008-12-31 00:00:00,visit,historical,ukesm1-0-ll,historical (FireMIP) - visit - ukesm1-0-ll,374.4813537597656
2009-12-31 00:00:00,visit,historical,ukesm1-0-ll,historical (FireMIP) - visit - ukesm1-0-ll,383.0542297363281
2010-12-31 00:00:00,visit,historical,ukesm1-0-ll,historical (FireMIP) - visit - ukesm1-0-ll,382.3641052246094
2011-12-31 00:00:00,visit,historical,ukesm1-0-ll,historical (FireMIP) - visit - ukesm1-0-ll,362.497314453125
2012-12-31 00:00:00,visit,historical,ukesm1-0-ll,historical (FireMIP) - visit - ukesm1-0-ll,366.3581848144531
2013-12-31 00:00:00,visit,historical,ukesm1-0-ll,historical (FireMIP) - visit - ukesm1-0-ll,323.28973388671875
2014-12-31 00:00:00,visit,historical,ukesm1-0-ll,historical (FireMIP) - visit - ukesm1-0-ll,348.8168029785156
1850-12-31 00:00:00,visit,historical,gfdl-esm4,historical (FireMIP) - visit - gfdl-esm4,247.500732421875
1851-12-31 00:00:00,visit,historical,gfdl-esm4,historical (FireMIP) - visit - gfdl-esm4,265.2273254394531
1852-12-31 00:00:00,visit,historical,gfdl-esm4,historical (FireMIP) - visit - gfdl-esm4,263.3971862792969
1853-12-31 00:00:00,visit,historical,gfdl-esm4,historical (FireMIP) - visit - gfdl-esm4,389.6878662109375
1854-12-31 00:00:00,visit,historical,gfdl-esm4,historical (FireMIP) - visit - gfdl-esm4,306.2674255371094
1855-12-31 00:00:00,visit,historical,gfdl-esm4,historical (FireMIP) - visit - gfdl-esm4,276.8016357421875
1856-12-31 00:00:00,visit,historical,gfdl-esm4,historical (FireMIP) - visit - gfdl-esm4,306.0650939941406
1857-12-31 00:00:00,visit,historical,gfdl-esm4,historical (FireMIP) - visit - gfdl-esm4,322.2355651855469
1858-12-31 00:00:00,visit,historical,gfdl-esm4,historical (FireMIP) - visit - gfdl-esm4,306.8257141113281
1859-12-31 00:00:00,visit,historical,gfdl-esm4,historical (FireMIP) - visit - gfdl-esm4,319.97552490234375
1860-12-31 00:00:00,visit,historical,gfdl-esm4,historical (FireMIP) - visit - gfdl-esm4,272.4631042480469
1861-12-31 00:00:00,visit,historical,gfdl-esm4,historical (FireMIP) - visit - gfdl-esm4,277.3432312011719
1862-12-31 00:00:00,visit,historical,gfdl-esm4,historical (FireMIP) - visit - gfdl-esm4,284.71649169921875
1863-12-31 00:00:00,visit,historical,gfdl-esm4,historical (FireMIP) - visit - gfdl-esm4,296.6986999511719
1864-12-31 00:00:00,visit,historical,gfdl-esm4,historical (FireMIP) - visit - gfdl-esm4,299.3001403808594
1865-12-31 00:00:00,visit,historical,gfdl-esm4,historical (FireMIP) - visit - gfdl-esm4,358.3136291503906
1866-12-31 00:00:00,visit,historical,gfdl-esm4,historical (FireMIP) - visit - gfdl-esm4,334.2575378417969
1867-12-31 00:00:00,visit,historical,gfdl-esm4,historical (FireMIP) - visit - gfdl-esm4,279.0891418457031
1868-12-31 00:00:00,visit,historical,gfdl-esm4,historical (FireMIP) - visit - gfdl-esm4,321.2954406738281
1869-12-31 00:00:00,visit,historical,gfdl-esm4,historical (FireMIP) - visit - gfdl-esm4,283.3824768066406
1870-12-31 00:00:00,visit,historical,gfdl-esm4,historical (FireMIP) - visit - gfdl-esm4,246.4923858642578
1871-12-31 00:00:00,visit,historical,gfdl-esm4,historical (FireMIP) - visit - gfdl-esm4,380.9168395996094
1872-12-31 00:00:00,visit,historical,gfdl-esm4,historical (FireMIP) - visit - gfdl-esm4,299.4129333496094
1873-12-31 00:00:00,visit,historical,gfdl-esm4,historical (FireMIP) - visit - gfdl-esm4,301.93017578125
1874-12-31 00:00:00,visit,historical,gfdl-esm4,historical (FireMIP) - visit - gfdl-esm4,299.1045227050781
1875-12-31 00:00:00,visit,historical,gfdl-esm4,historical (FireMIP) - visit - gfdl-esm4,338.8279113769531
1876-12-31 00:00:00,visit,historical,gfdl-esm4,historical (FireMIP) - visit - gfdl-esm4,284.7939147949219
1877-12-31 00:00:00,visit,historical,gfdl-esm4,historical (FireMIP) - visit - gfdl-esm4,313.0773620605469
1878-12-31 00:00:00,visit,historical,gfdl-esm4,historical (FireMIP) - visit - gfdl-esm4,280.4162902832031
1879-12-31 00:00:00,visit,historical,gfdl-esm4,historical (FireMIP) - visit - gfdl-esm4,345.0846862792969
1880-12-31 00:00:00,visit,historical,gfdl-esm4,historical (FireMIP) - visit - gfdl-esm4,382.270751953125
1881-12-31 00:00:00,visit,historical,gfdl-esm4,historical (FireMIP) - visit - gfdl-esm4,290.7089538574219
1882-12-31 00:00:00,visit,historical,gfdl-esm4,historical (FireMIP) - visit - gfdl-esm4,263.76519775390625
1883-12-31 00:00:00,visit,historical,gfdl-esm4,historical (FireMIP) - visit - gfdl-esm4,283.3087463378906
1884-12-31 00:00:00,visit,historical,gfdl-esm4,historical (FireMIP) - visit - gfdl-esm4,349.83544921875
1885-12-31 00:00:00,visit,historical,gfdl-esm4,historical (FireMIP) - visit - gfdl-esm4,338.3804016113281
1886-12-31 00:00:00,visit,historical,gfdl-esm4,historical (FireMIP) - visit - gfdl-esm4,231.21636962890625
1887-12-31 00:00:00,visit,historical,gfdl-esm4,historical (FireMIP) - visit - gfdl-esm4,259.58380126953125
1888-12-31 00:00:00,visit,historical,gfdl-esm4,historical (FireMIP) - visit - gfdl-esm4,342.9201965332031
1889-12-31 00:00:00,visit,historical,gfdl-esm4,historical (FireMIP) - visit - gfdl-esm4,242.13037109375
1890-12-31 00:00:00,visit,historical,gfdl-esm4,historical (FireMIP) - visit - gfdl-esm4,258.2183837890625
1891-12-31 00:00:00,visit,historical,gfdl-esm4,historical (FireMIP) - visit - gfdl-esm4,261.2129211425781
1892-12-31 00:00:00,visit,historical,gfdl-esm4,historical (FireMIP) - visit - gfdl-esm4,354.326904296875
1893-12-31 00:00:00,visit,historical,gfdl-esm4,historical (FireMIP) - visit - gfdl-esm4,305.8300476074219
1894-12-31 00:00:00,visit,historical,gfdl-esm4,historical (FireMIP) - visit - gfdl-esm4,321.7633972167969
1895-12-31 00:00:00,visit,historical,gfdl-esm4,historical (FireMIP) - visit - gfdl-esm4,277.3212890625
1896-12-31 00:00:00,visit,historical,gfdl-esm4,historical (FireMIP) - visit - gfdl-esm4,317.2320251464844
1897-12-31 00:00:00,visit,historical,gfdl-esm4,historical (FireMIP) - visit - gfdl-esm4,292.5909118652344
1898-12-31 00:00:00,visit,historical,gfdl-esm4,historical (FireMIP) - visit - gfdl-esm4,269.82763671875
1899-12-31 00:00:00,visit,historical,gfdl-esm4,historical (FireMIP) - visit - gfdl-esm4,333.8247375488281
1900-12-31 00:00:00,visit,historical,gfdl-esm4,historical (FireMIP) - visit - gfdl-esm4,387.4714660644531
1901-12-31 00:00:00,visit,historical,gfdl-esm4,historical (FireMIP) - visit - gfdl-esm4,289.5168762207031
1902-12-31 00:00:00,visit,historical,gfdl-esm4,historical (FireMIP) - visit - gfdl-esm4,293.2110900878906
1903-12-31 00:00:00,visit,historical,gfdl-esm4,historical (FireMIP) - visit - gfdl-esm4,275.1050109863281
1904-12-31 00:00:00,visit,historical,gfdl-esm4,historical (FireMIP) - visit - gfdl-esm4,351.8095703125
1905-12-31 00:00:00,visit,historical,gfdl-esm4,historical (FireMIP) - visit - gfdl-esm4,346.8112487792969
1906-12-31 00:00:00,visit,historical,gfdl-esm4,historical (FireMIP) - visit - gfdl-esm4,297.8334045410156
1907-12-31 00:00:00,visit,historical,gfdl-esm4,historical (FireMIP) - visit - gfdl-esm4,372.1887512207031
1908-12-31 00:00:00,visit,historical,gfdl-esm4,historical (FireMIP) - visit - gfdl-esm4,303.9890441894531
1909-12-31 00:00:00,visit,historical,gfdl-esm4,historical (FireMIP) - visit - gfdl-esm4,297.6019592285156
1910-12-31 00:00:00,visit,historical,gfdl-esm4,historical (FireMIP) - visit - gfdl-esm4,269.0771484375
1911-12-31 00:00:00,visit,historical,gfdl-esm4,historical (FireMIP) - visit - gfdl-esm4,286.5672607421875
1912-12-31 00:00:00,visit,historical,gfdl-esm4,historical (FireMIP) - visit - gfdl-esm4,273.0525817871094
1913-12-31 00:00:00,visit,historical,gfdl-esm4,historical (FireMIP) - visit - gfdl-esm4,253.330078125
1914-12-31 00:00:00,visit,historical,gfdl-esm4,historical (FireMIP) - visit - gfdl-esm4,325.1634826660156
1915-12-31 00:00:00,visit,historical,gfdl-esm4,historical (FireMIP) - visit - gfdl-esm4,349.5316467285156
1916-12-31 00:00:00,visit,historical,gfdl-esm4,historical (FireMIP) - visit - gfdl-esm4,319.0082702636719
1917-12-31 00:00:00,visit,historical,gfdl-esm4,historical (FireMIP) - visit - gfdl-esm4,283.3526916503906
1918-12-31 00:00:00,visit,historical,gfdl-esm4,historical (FireMIP) - visit - gfdl-esm4,336.4410705566406
1919-12-31 00:00:00,visit,historical,gfdl-esm4,historical (FireMIP) - visit - gfdl-esm4,356.1105651855469
1920-12-31 00:00:00,visit,historical,gfdl-esm4,historical (FireMIP) - visit - gfdl-esm4,275.5467834472656
1921-12-31 00:00:00,visit,historical,gfdl-esm4,historical (FireMIP) - visit - gfdl-esm4,230.15956115722656
1922-12-31 00:00:00,visit,historical,gfdl-esm4,historical (FireMIP) - visit - gfdl-esm4,303.56378173828125
1923-12-31 00:00:00,visit,historical,gfdl-esm4,historical (FireMIP) - visit - gfdl-esm4,386.0412902832031
1924-12-31 00:00:00,visit,historical,gfdl-esm4,historical (FireMIP) - visit - gfdl-esm4,292.2749938964844
1925-12-31 00:00:00,visit,historical,gfdl-esm4,historical (FireMIP) - visit - gfdl-esm4,280.4151306152344
1926-12-31 00:00:00,visit,historical,gfdl-esm4,historical (FireMIP) - visit - gfdl-esm4,300.5900573730469
1927-12-31 00:00:00,visit,historical,gfdl-esm4,historical (FireMIP) - visit - gfdl-esm4,286.3019714355469
1928-12-31 00:00:00,visit,historical,gfdl-esm4,historical (FireMIP) - visit - gfdl-esm4,370.1109924316406
1929-12-31 00:00:00,visit,historical,gfdl-esm4,historical (FireMIP) - visit - gfdl-esm4,479.1980285644531
1930-12-31 00:00:00,visit,historical,gfdl-esm4,historical (FireMIP) - visit - gfdl-esm4,299.5301818847656
1931-12-31 00:00:00,visit,historical,gfdl-esm4,historical (FireMIP) - visit - gfdl-esm4,302.3594665527344
1932-12-31 00:00:00,visit,historical,gfdl-esm4,historical (FireMIP) - visit - gfdl-esm4,361.6037292480469
1933-12-31 00:00:00,visit,historical,gfdl-esm4,historical (FireMIP) - visit - gfdl-esm4,270.9732666015625
1934-12-31 00:00:00,visit,historical,gfdl-esm4,historical (FireMIP) - visit - gfdl-esm4,336.2748107910156
1935-12-31 00:00:00,visit,historical,gfdl-esm4,historical (FireMIP) - visit - gfdl-esm4,366.5785217285156
1936-12-31 00:00:00,visit,historical,gfdl-esm4,historical (FireMIP) - visit - gfdl-esm4,269.2752380371094
1937-12-31 00:00:00,visit,historical,gfdl-esm4,historical (FireMIP) - visit - gfdl-esm4,321.3940734863281
1938-12-31 00:00:00,visit,historical,gfdl-esm4,historical (FireMIP) - visit - gfdl-esm4,345.780029296875
1939-12-31 00:00:00,visit,historical,gfdl-esm4,historical (FireMIP) - visit - gfdl-esm4,336.75189208984375
1940-12-31 00:00:00,visit,historical,gfdl-esm4,historical (FireMIP) - visit - gfdl-esm4,322.3644714355469
1941-12-31 00:00:00,visit,historical,gfdl-esm4,historical (FireMIP) - visit - gfdl-esm4,277.6006774902344
1942-12-31 00:00:00,visit,historical,gfdl-esm4,historical (FireMIP) - visit - gfdl-esm4,289.0207214355469
1943-12-31 00:00:00,visit,historical,gfdl-esm4,historical (FireMIP) - visit - gfdl-esm4,338.23992919921875
1944-12-31 00:00:00,visit,historical,gfdl-esm4,historical (FireMIP) - visit - gfdl-esm4,309.7649230957031
1945-12-31 00:00:00,visit,historical,gfdl-esm4,historical (FireMIP) - visit - gfdl-esm4,265.6119079589844
1946-12-31 00:00:00,visit,historical,gfdl-esm4,historical (FireMIP) - visit - gfdl-esm4,280.7479553222656
1947-12-31 00:00:00,visit,historical,gfdl-esm4,historical (FireMIP) - visit - gfdl-esm4,345.9107971191406
1948-12-31 00:00:00,visit,historical,gfdl-esm4,historical (FireMIP) - visit - gfdl-esm4,404.6034851074219
1949-12-31 00:00:00,visit,historical,gfdl-esm4,historical (FireMIP) - visit - gfdl-esm4,321.2259521484375
1950-12-31 00:00:00,visit,historical,gfdl-esm4,historical (FireMIP) - visit - gfdl-esm4,335.6753234863281
1951-12-31 00:00:00,visit,historical,gfdl-esm4,historical (FireMIP) - visit - gfdl-esm4,352.7339172363281
1952-12-31 00:00:00,visit,historical,gfdl-esm4,historical (FireMIP) - visit - gfdl-esm4,321.7781066894531
1953-12-31 00:00:00,visit,historical,gfdl-esm4,historical (FireMIP) - visit - gfdl-esm4,344.5763854980469
1954-12-31 00:00:00,visit,historical,gfdl-esm4,historical (FireMIP) - visit - gfdl-esm4,359.7640686035156
1955-12-31 00:00:00,visit,historical,gfdl-esm4,historical (FireMIP) - visit - gfdl-esm4,298.4697570800781
1956-12-31 00:00:00,visit,historical,gfdl-esm4,historical (FireMIP) - visit - gfdl-esm4,267.1601867675781
1957-12-31 00:00:00,visit,historical,gfdl-esm4,historical (FireMIP) - visit - gfdl-esm4,310.7665710449219
1958-12-31 00:00:00,visit,historical,gfdl-esm4,historical (FireMIP) - visit - gfdl-esm4,371.3758239746094
1959-12-31 00:00:00,visit,historical,gfdl-esm4,historical (FireMIP) - visit - gfdl-esm4,330.6087951660156
1960-12-31 00:00:00,visit,historical,gfdl-esm4,historical (FireMIP) - visit - gfdl-esm4,313.8703918457031
1961-12-31 00:00:00,visit,historical,gfdl-esm4,historical (FireMIP) - visit - gfdl-esm4,255.5041961669922
1962-12-31 00:00:00,visit,historical,gfdl-esm4,historical (FireMIP) - visit - gfdl-esm4,341.0082092285156
1963-12-31 00:00:00,visit,historical,gfdl-esm4,historical (FireMIP) - visit - gfdl-esm4,353.3654479980469
1964-12-31 00:00:00,visit,historical,gfdl-esm4,historical (FireMIP) - visit - gfdl-esm4,284.4537658691406
1965-12-31 00:00:00,visit,historical,gfdl-esm4,historical (FireMIP) - visit - gfdl-esm4,281.6819763183594
1966-12-31 00:00:00,visit,historical,gfdl-esm4,historical (FireMIP) - visit - gfdl-esm4,331.9772644042969
1967-12-31 00:00:00,visit,historical,gfdl-esm4,historical (FireMIP) - visit - gfdl-esm4,363.7445373535156
1968-12-31 00:00:00,visit,historical,gfdl-esm4,historical (FireMIP) - visit - gfdl-esm4,308.5894775390625
1969-12-31 00:00:00,visit,historical,gfdl-esm4,historical (FireMIP) - visit - gfdl-esm4,278.93865966796875
1970-12-31 00:00:00,visit,historical,gfdl-esm4,historical (FireMIP) - visit - gfdl-esm4,247.59288024902344
1971-12-31 00:00:00,visit,historical,gfdl-esm4,historical (FireMIP) - visit - gfdl-esm4,296.5156555175781
1972-12-31 00:00:00,visit,historical,gfdl-esm4,historical (FireMIP) - visit - gfdl-esm4,438.33544921875
1973-12-31 00:00:00,visit,historical,gfdl-esm4,historical (FireMIP) - visit - gfdl-esm4,378.6848449707031
1974-12-31 00:00:00,visit,historical,gfdl-esm4,historical (FireMIP) - visit - gfdl-esm4,318.1364440917969
1975-12-31 00:00:00,visit,historical,gfdl-esm4,historical (FireMIP) - visit - gfdl-esm4,354.4320373535156
1976-12-31 00:00:00,visit,historical,gfdl-esm4,historical (FireMIP) - visit - gfdl-esm4,365.3169250488281
1977-12-31 00:00:00,visit,historical,gfdl-esm4,historical (FireMIP) - visit - gfdl-esm4,340.5541076660156
1978-12-31 00:00:00,visit,historical,gfdl-esm4,historical (FireMIP) - visit - gfdl-esm4,278.06787109375
1979-12-31 00:00:00,visit,historical,gfdl-esm4,historical (FireMIP) - visit - gfdl-esm4,271.1432189941406
1980-12-31 00:00:00,visit,historical,gfdl-esm4,historical (FireMIP) - visit - gfdl-esm4,360.7795715332031
1981-12-31 00:00:00,visit,historical,gfdl-esm4,historical (FireMIP) - visit - gfdl-esm4,307.5977478027344
1982-12-31 00:00:00,visit,historical,gfdl-esm4,historical (FireMIP) - visit - gfdl-esm4,333.4548034667969
1983-12-31 00:00:00,visit,historical,gfdl-esm4,historical (FireMIP) - visit - gfdl-esm4,257.17095947265625
1984-12-31 00:00:00,visit,historical,gfdl-esm4,historical (FireMIP) - visit - gfdl-esm4,259.8527526855469
1985-12-31 00:00:00,visit,historical,gfdl-esm4,historical (FireMIP) - visit - gfdl-esm4,291.0541076660156
1986-12-31 00:00:00,visit,historical,gfdl-esm4,historical (FireMIP) - visit - gfdl-esm4,364.4245300292969
1987-12-31 00:00:00,visit,historical,gfdl-esm4,historical (FireMIP) - visit - gfdl-esm4,423.5298767089844
1988-12-31 00:00:00,visit,historical,gfdl-esm4,historical (FireMIP) - visit - gfdl-esm4,359.3949279785156
1989-12-31 00:00:00,visit,historical,gfdl-esm4,historical (FireMIP) - visit - gfdl-esm4,386.5160827636719
1990-12-31 00:00:00,visit,historical,gfdl-esm4,historical (FireMIP) - visit - gfdl-esm4,414.26123046875
1991-12-31 00:00:00,visit,historical,gfdl-esm4,historical (FireMIP) - visit - gfdl-esm4,345.4162902832031
1992-12-31 00:00:00,visit,historical,gfdl-esm4,historical (FireMIP) - visit - gfdl-esm4,276.8376159667969
1993-12-31 00:00:00,visit,historical,gfdl-esm4,historical (FireMIP) - visit - gfdl-esm4,294.0111389160156
1994-12-31 00:00:00,visit,historical,gfdl-esm4,historical (FireMIP) - visit - gfdl-esm4,372.2610778808594
1995-12-31 00:00:00,visit,historical,gfdl-esm4,historical (FireMIP) - visit - gfdl-esm4,346.5548400878906
1996-12-31 00:00:00,visit,historical,gfdl-esm4,historical (FireMIP) - visit - gfdl-esm4,358.1936340332031
1997-12-31 00:00:00,visit,historical,gfdl-esm4,historical (FireMIP) - visit - gfdl-esm4,286.429931640625
1998-12-31 00:00:00,visit,historical,gfdl-esm4,historical (FireMIP) - visit - gfdl-esm4,336.8285827636719
1999-12-31 00:00:00,visit,historical,gfdl-esm4,historical (FireMIP) - visit - gfdl-esm4,289.92376708984375
2000-12-31 00:00:00,visit,historical,gfdl-esm4,historical (FireMIP) - visit - gfdl-esm4,394.0445861816406
2001-12-31 00:00:00,visit,historical,gfdl-esm4,historical (FireMIP) - visit - gfdl-esm4,431.7516784667969
2002-12-31 00:00:00,visit,historical,gfdl-esm4,historical (FireMIP) - visit - gfdl-esm4,333.9201965332031
2003-12-31 00:00:00,visit,historical,gfdl-esm4,historical (FireMIP) - visit - gfdl-esm4,311.6083068847656
2004-12-31 00:00:00,visit,historical,gfdl-esm4,historical (FireMIP) - visit - gfdl-esm4,431.2839050292969
2005-12-31 00:00:00,visit,historical,gfdl-esm4,historical (FireMIP) - visit - gfdl-esm4,341.5797119140625
2006-12-31 00:00:00,visit,historical,gfdl-esm4,historical (FireMIP) - visit - gfdl-esm4,305.7506103515625
2007-12-31 00:00:00,visit,historical,gfdl-esm4,historical (FireMIP) - visit - gfdl-esm4,349.5968933105469
2008-12-31 00:00:00,visit,historical,gfdl-esm4,historical (FireMIP) - visit - gfdl-esm4,375.6917724609375
2009-12-31 00:00:00,visit,historical,gfdl-esm4,historical (FireMIP) - visit - gfdl-esm4,390.0841064453125
2010-12-31 00:00:00,visit,historical,gfdl-esm4,historical (FireMIP) - visit - gfdl-esm4,385.36376953125
2011-12-31 00:00:00,visit,historical,gfdl-esm4,historical (FireMIP) - visit - gfdl-esm4,281.7150573730469
2012-12-31 00:00:00,visit,historical,gfdl-esm4,historical (FireMIP) - visit - gfdl-esm4,369.0025329589844
2013-12-31 00:00:00,visit,historical,gfdl-esm4,historical (FireMIP) - visit - gfdl-esm4,374.6016845703125
2014-12-31 00:00:00,visit,historical,gfdl-esm4,historical (FireMIP) - visit - gfdl-esm4,362.4241638183594
1850-12-31 00:00:00,visit,historical,ipsl-cm6a-lr,historical (FireMIP) - visit - ipsl-cm6a-lr,281.66436767578125
1851-12-31 00:00:00,visit,historical,ipsl-cm6a-lr,historical (FireMIP) - visit - ipsl-cm6a-lr,298.89532470703125
1852-12-31 00:00:00,visit,historical,ipsl-cm6a-lr,historical (FireMIP) - visit - ipsl-cm6a-lr,307.4144592285156
1853-12-31 00:00:00,visit,historical,ipsl-cm6a-lr,historical (FireMIP) - visit - ipsl-cm6a-lr,381.9535217285156
1854-12-31 00:00:00,visit,historical,ipsl-cm6a-lr,historical (FireMIP) - visit - ipsl-cm6a-lr,294.7702331542969
1855-12-31 00:00:00,visit,historical,ipsl-cm6a-lr,historical (FireMIP) - visit - ipsl-cm6a-lr,256.1072082519531
1856-12-31 00:00:00,visit,historical,ipsl-cm6a-lr,historical (FireMIP) - visit - ipsl-cm6a-lr,341.8097229003906
1857-12-31 00:00:00,visit,historical,ipsl-cm6a-lr,historical (FireMIP) - visit - ipsl-cm6a-lr,286.8896179199219
1858-12-31 00:00:00,visit,historical,ipsl-cm6a-lr,historical (FireMIP) - visit - ipsl-cm6a-lr,226.1873016357422
1859-12-31 00:00:00,visit,historical,ipsl-cm6a-lr,historical (FireMIP) - visit - ipsl-cm6a-lr,269.5596923828125
1860-12-31 00:00:00,visit,historical,ipsl-cm6a-lr,historical (FireMIP) - visit - ipsl-cm6a-lr,249.6228790283203
1861-12-31 00:00:00,visit,historical,ipsl-cm6a-lr,historical (FireMIP) - visit - ipsl-cm6a-lr,331.30072021484375
1862-12-31 00:00:00,visit,historical,ipsl-cm6a-lr,historical (FireMIP) - visit - ipsl-cm6a-lr,256.8183898925781
1863-12-31 00:00:00,visit,historical,ipsl-cm6a-lr,historical (FireMIP) - visit - ipsl-cm6a-lr,265.5790100097656
1864-12-31 00:00:00,visit,historical,ipsl-cm6a-lr,historical (FireMIP) - visit - ipsl-cm6a-lr,278.35137939453125
1865-12-31 00:00:00,visit,historical,ipsl-cm6a-lr,historical (FireMIP) - visit - ipsl-cm6a-lr,312.5155334472656
1866-12-31 00:00:00,visit,historical,ipsl-cm6a-lr,historical (FireMIP) - visit - ipsl-cm6a-lr,336.6393127441406
1867-12-31 00:00:00,visit,historical,ipsl-cm6a-lr,historical (FireMIP) - visit - ipsl-cm6a-lr,372.7723083496094
1868-12-31 00:00:00,visit,historical,ipsl-cm6a-lr,historical (FireMIP) - visit - ipsl-cm6a-lr,270.529541015625
1869-12-31 00:00:00,visit,historical,ipsl-cm6a-lr,historical (FireMIP) - visit - ipsl-cm6a-lr,251.814208984375
1870-12-31 00:00:00,visit,historical,ipsl-cm6a-lr,historical (FireMIP) - visit - ipsl-cm6a-lr,349.1487731933594
1871-12-31 00:00:00,visit,historical,ipsl-cm6a-lr,historical (FireMIP) - visit - ipsl-cm6a-lr,365.5687561035156
1872-12-31 00:00:00,visit,historical,ipsl-cm6a-lr,historical (FireMIP) - visit - ipsl-cm6a-lr,263.1904602050781
1873-12-31 00:00:00,visit,historical,ipsl-cm6a-lr,historical (FireMIP) - visit - ipsl-cm6a-lr,297.1259460449219
1874-12-31 00:00:00,visit,historical,ipsl-cm6a-lr,historical (FireMIP) - visit - ipsl-cm6a-lr,321.6227111816406
1875-12-31 00:00:00,visit,historical,ipsl-cm6a-lr,historical (FireMIP) - visit - ipsl-cm6a-lr,238.83470153808594
1876-12-31 00:00:00,visit,historical,ipsl-cm6a-lr,historical (FireMIP) - visit - ipsl-cm6a-lr,267.1520690917969
1877-12-31 00:00:00,visit,historical,ipsl-cm6a-lr,historical (FireMIP) - visit - ipsl-cm6a-lr,349.0206298828125
1878-12-31 00:00:00,visit,historical,ipsl-cm6a-lr,historical (FireMIP) - visit - ipsl-cm6a-lr,234.7363739013672
1879-12-31 00:00:00,visit,historical,ipsl-cm6a-lr,historical (FireMIP) - visit - ipsl-cm6a-lr,270.5660400390625
1880-12-31 00:00:00,visit,historical,ipsl-cm6a-lr,historical (FireMIP) - visit - ipsl-cm6a-lr,313.5325012207031
1881-12-31 00:00:00,visit,historical,ipsl-cm6a-lr,historical (FireMIP) - visit - ipsl-cm6a-lr,338.0466613769531
1882-12-31 00:00:00,visit,historical,ipsl-cm6a-lr,historical (FireMIP) - visit - ipsl-cm6a-lr,296.9322814941406
1883-12-31 00:00:00,visit,historical,ipsl-cm6a-lr,historical (FireMIP) - visit - ipsl-cm6a-lr,253.2152099609375
1884-12-31 00:00:00,visit,historical,ipsl-cm6a-lr,historical (FireMIP) - visit - ipsl-cm6a-lr,276.9179382324219
1885-12-31 00:00:00,visit,historical,ipsl-cm6a-lr,historical (FireMIP) - visit - ipsl-cm6a-lr,302.8568420410156
1886-12-31 00:00:00,visit,historical,ipsl-cm6a-lr,historical (FireMIP) - visit - ipsl-cm6a-lr,264.7809753417969
1887-12-31 00:00:00,visit,historical,ipsl-cm6a-lr,historical (FireMIP) - visit - ipsl-cm6a-lr,265.78240966796875
1888-12-31 00:00:00,visit,historical,ipsl-cm6a-lr,historical (FireMIP) - visit - ipsl-cm6a-lr,309.61932373046875
1889-12-31 00:00:00,visit,historical,ipsl-cm6a-lr,historical (FireMIP) - visit - ipsl-cm6a-lr,263.13507080078125
1890-12-31 00:00:00,visit,historical,ipsl-cm6a-lr,historical (FireMIP) - visit - ipsl-cm6a-lr,306.9438171386719
1891-12-31 00:00:00,visit,historical,ipsl-cm6a-lr,historical (FireMIP) - visit - ipsl-cm6a-lr,414.7427673339844
1892-12-31 00:00:00,visit,historical,ipsl-cm6a-lr,historical (FireMIP) - visit - ipsl-cm6a-lr,331.7937316894531
1893-12-31 00:00:00,visit,historical,ipsl-cm6a-lr,historical (FireMIP) - visit - ipsl-cm6a-lr,245.6349639892578
1894-12-31 00:00:00,visit,historical,ipsl-cm6a-lr,historical (FireMIP) - visit - ipsl-cm6a-lr,275.4350891113281
1895-12-31 00:00:00,visit,historical,ipsl-cm6a-lr,historical (FireMIP) - visit - ipsl-cm6a-lr,298.63433837890625
1896-12-31 00:00:00,visit,historical,ipsl-cm6a-lr,historical (FireMIP) - visit - ipsl-cm6a-lr,280.0940856933594
1897-12-31 00:00:00,visit,historical,ipsl-cm6a-lr,historical (FireMIP) - visit - ipsl-cm6a-lr,258.32855224609375
1898-12-31 00:00:00,visit,historical,ipsl-cm6a-lr,historical (FireMIP) - visit - ipsl-cm6a-lr,292.0256042480469
1899-12-31 00:00:00,visit,historical,ipsl-cm6a-lr,historical (FireMIP) - visit - ipsl-cm6a-lr,406.7864074707031
1900-12-31 00:00:00,visit,historical,ipsl-cm6a-lr,historical (FireMIP) - visit - ipsl-cm6a-lr,341.3529968261719
1901-12-31 00:00:00,visit,historical,ipsl-cm6a-lr,historical (FireMIP) - visit - ipsl-cm6a-lr,304.0700988769531
1902-12-31 00:00:00,visit,historical,ipsl-cm6a-lr,historical (FireMIP) - visit - ipsl-cm6a-lr,235.8431396484375
1903-12-31 00:00:00,visit,historical,ipsl-cm6a-lr,historical (FireMIP) - visit - ipsl-cm6a-lr,294.7036437988281
1904-12-31 00:00:00,visit,historical,ipsl-cm6a-lr,historical (FireMIP) - visit - ipsl-cm6a-lr,360.7933349609375
1905-12-31 00:00:00,visit,historical,ipsl-cm6a-lr,historical (FireMIP) - visit - ipsl-cm6a-lr,303.9716491699219
1906-12-31 00:00:00,visit,historical,ipsl-cm6a-lr,historical (FireMIP) - visit - ipsl-cm6a-lr,339.2325134277344
1907-12-31 00:00:00,visit,historical,ipsl-cm6a-lr,historical (FireMIP) - visit - ipsl-cm6a-lr,291.3617248535156
1908-12-31 00:00:00,visit,historical,ipsl-cm6a-lr,historical (FireMIP) - visit - ipsl-cm6a-lr,238.5672149658203
1909-12-31 00:00:00,visit,historical,ipsl-cm6a-lr,historical (FireMIP) - visit - ipsl-cm6a-lr,334.89837646484375
1910-12-31 00:00:00,visit,historical,ipsl-cm6a-lr,historical (FireMIP) - visit - ipsl-cm6a-lr,254.48455810546875
1911-12-31 00:00:00,visit,historical,ipsl-cm6a-lr,historical (FireMIP) - visit - ipsl-cm6a-lr,264.50457763671875
1912-12-31 00:00:00,visit,historical,ipsl-cm6a-lr,historical (FireMIP) - visit - ipsl-cm6a-lr,281.8819885253906
1913-12-31 00:00:00,visit,historical,ipsl-cm6a-lr,historical (FireMIP) - visit - ipsl-cm6a-lr,348.4080505371094
1914-12-31 00:00:00,visit,historical,ipsl-cm6a-lr,historical (FireMIP) - visit - ipsl-cm6a-lr,258.5839538574219
1915-12-31 00:00:00,visit,historical,ipsl-cm6a-lr,historical (FireMIP) - visit - ipsl-cm6a-lr,354.6346130371094
1916-12-31 00:00:00,visit,historical,ipsl-cm6a-lr,historical (FireMIP) - visit - ipsl-cm6a-lr,350.9208068847656
1917-12-31 00:00:00,visit,historical,ipsl-cm6a-lr,historical (FireMIP) - visit - ipsl-cm6a-lr,324.4316711425781
1918-12-31 00:00:00,visit,historical,ipsl-cm6a-lr,historical (FireMIP) - visit - ipsl-cm6a-lr,268.0616760253906
1919-12-31 00:00:00,visit,historical,ipsl-cm6a-lr,historical (FireMIP) - visit - ipsl-cm6a-lr,310.47357177734375
1920-12-31 00:00:00,visit,historical,ipsl-cm6a-lr,historical (FireMIP) - visit - ipsl-cm6a-lr,389.2336120605469
1921-12-31 00:00:00,visit,historical,ipsl-cm6a-lr,historical (FireMIP) - visit - ipsl-cm6a-lr,345.12109375
1922-12-31 00:00:00,visit,historical,ipsl-cm6a-lr,historical (FireMIP) - visit - ipsl-cm6a-lr,251.9447479248047
1923-12-31 00:00:00,visit,historical,ipsl-cm6a-lr,historical (FireMIP) - visit - ipsl-cm6a-lr,263.5368957519531
1924-12-31 00:00:00,visit,historical,ipsl-cm6a-lr,historical (FireMIP) - visit - ipsl-cm6a-lr,397.1303405761719
1925-12-31 00:00:00,visit,historical,ipsl-cm6a-lr,historical (FireMIP) - visit - ipsl-cm6a-lr,278.3298034667969
1926-12-31 00:00:00,visit,historical,ipsl-cm6a-lr,historical (FireMIP) - visit - ipsl-cm6a-lr,288.24072265625
1927-12-31 00:00:00,visit,historical,ipsl-cm6a-lr,historical (FireMIP) - visit - ipsl-cm6a-lr,287.2716979980469
1928-12-31 00:00:00,visit,historical,ipsl-cm6a-lr,historical (FireMIP) - visit - ipsl-cm6a-lr,260.90960693359375
1929-12-31 00:00:00,visit,historical,ipsl-cm6a-lr,historical (FireMIP) - visit - ipsl-cm6a-lr,302.5978698730469
1930-12-31 00:00:00,visit,historical,ipsl-cm6a-lr,historical (FireMIP) - visit - ipsl-cm6a-lr,299.1653747558594
1931-12-31 00:00:00,visit,historical,ipsl-cm6a-lr,historical (FireMIP) - visit - ipsl-cm6a-lr,318.731201171875
1932-12-31 00:00:00,visit,historical,ipsl-cm6a-lr,historical (FireMIP) - visit - ipsl-cm6a-lr,325.53033447265625
1933-12-31 00:00:00,visit,historical,ipsl-cm6a-lr,historical (FireMIP) - visit - ipsl-cm6a-lr,424.4719543457031
1934-12-31 00:00:00,visit,historical,ipsl-cm6a-lr,historical (FireMIP) - visit - ipsl-cm6a-lr,388.0528869628906
1935-12-31 00:00:00,visit,historical,ipsl-cm6a-lr,historical (FireMIP) - visit - ipsl-cm6a-lr,302.3333740234375
1936-12-31 00:00:00,visit,historical,ipsl-cm6a-lr,historical (FireMIP) - visit - ipsl-cm6a-lr,291.1775817871094
1937-12-31 00:00:00,visit,historical,ipsl-cm6a-lr,historical (FireMIP) - visit - ipsl-cm6a-lr,241.11305236816406
1938-12-31 00:00:00,visit,historical,ipsl-cm6a-lr,historical (FireMIP) - visit - ipsl-cm6a-lr,286.1718444824219
1939-12-31 00:00:00,visit,historical,ipsl-cm6a-lr,historical (FireMIP) - visit - ipsl-cm6a-lr,252.0591278076172
1940-12-31 00:00:00,visit,historical,ipsl-cm6a-lr,historical (FireMIP) - visit - ipsl-cm6a-lr,264.2330627441406
1941-12-31 00:00:00,visit,historical,ipsl-cm6a-lr,historical (FireMIP) - visit - ipsl-cm6a-lr,294.1635437011719
1942-12-31 00:00:00,visit,historical,ipsl-cm6a-lr,historical (FireMIP) - visit - ipsl-cm6a-lr,426.3853454589844
1943-12-31 00:00:00,visit,historical,ipsl-cm6a-lr,historical (FireMIP) - visit - ipsl-cm6a-lr,279.048583984375
1944-12-31 00:00:00,visit,historical,ipsl-cm6a-lr,historical (FireMIP) - visit - ipsl-cm6a-lr,298.78509521484375
1945-12-31 00:00:00,visit,historical,ipsl-cm6a-lr,historical (FireMIP) - visit - ipsl-cm6a-lr,252.93048095703125
1946-12-31 00:00:00,visit,historical,ipsl-cm6a-lr,historical (FireMIP) - visit - ipsl-cm6a-lr,249.5498046875
1947-12-31 00:00:00,visit,historical,ipsl-cm6a-lr,historical (FireMIP) - visit - ipsl-cm6a-lr,347.1194152832031
1948-12-31 00:00:00,visit,historical,ipsl-cm6a-lr,historical (FireMIP) - visit - ipsl-cm6a-lr,303.1865539550781
1949-12-31 00:00:00,visit,historical,ipsl-cm6a-lr,historical (FireMIP) - visit - ipsl-cm6a-lr,278.8941650390625
1950-12-31 00:00:00,visit,historical,ipsl-cm6a-lr,historical (FireMIP) - visit - ipsl-cm6a-lr,308.9815368652344
1951-12-31 00:00:00,visit,historical,ipsl-cm6a-lr,historical (FireMIP) - visit - ipsl-cm6a-lr,351.0260314941406
1952-12-31 00:00:00,visit,historical,ipsl-cm6a-lr,historical (FireMIP) - visit - ipsl-cm6a-lr,451.9684753417969
1953-12-31 00:00:00,visit,historical,ipsl-cm6a-lr,historical (FireMIP) - visit - ipsl-cm6a-lr,261.7983703613281
1954-12-31 00:00:00,visit,historical,ipsl-cm6a-lr,historical (FireMIP) - visit - ipsl-cm6a-lr,274.5108337402344
1955-12-31 00:00:00,visit,historical,ipsl-cm6a-lr,historical (FireMIP) - visit - ipsl-cm6a-lr,279.2783508300781
1956-12-31 00:00:00,visit,historical,ipsl-cm6a-lr,historical (FireMIP) - visit - ipsl-cm6a-lr,327.808349609375
1957-12-31 00:00:00,visit,historical,ipsl-cm6a-lr,historical (FireMIP) - visit - ipsl-cm6a-lr,272.29376220703125
1958-12-31 00:00:00,visit,historical,ipsl-cm6a-lr,historical (FireMIP) - visit - ipsl-cm6a-lr,297.72076416015625
1959-12-31 00:00:00,visit,historical,ipsl-cm6a-lr,historical (FireMIP) - visit - ipsl-cm6a-lr,285.82110595703125
1960-12-31 00:00:00,visit,historical,ipsl-cm6a-lr,historical (FireMIP) - visit - ipsl-cm6a-lr,331.4433288574219
1961-12-31 00:00:00,visit,historical,ipsl-cm6a-lr,historical (FireMIP) - visit - ipsl-cm6a-lr,374.8947448730469
1962-12-31 00:00:00,visit,historical,ipsl-cm6a-lr,historical (FireMIP) - visit - ipsl-cm6a-lr,271.7261657714844
1963-12-31 00:00:00,visit,historical,ipsl-cm6a-lr,historical (FireMIP) - visit - ipsl-cm6a-lr,381.04541015625
1964-12-31 00:00:00,visit,historical,ipsl-cm6a-lr,historical (FireMIP) - visit - ipsl-cm6a-lr,337.7217712402344
1965-12-31 00:00:00,visit,historical,ipsl-cm6a-lr,historical (FireMIP) - visit - ipsl-cm6a-lr,404.2911071777344
1966-12-31 00:00:00,visit,historical,ipsl-cm6a-lr,historical (FireMIP) - visit - ipsl-cm6a-lr,285.4150085449219
1967-12-31 00:00:00,visit,historical,ipsl-cm6a-lr,historical (FireMIP) - visit - ipsl-cm6a-lr,291.3215637207031
1968-12-31 00:00:00,visit,historical,ipsl-cm6a-lr,historical (FireMIP) - visit - ipsl-cm6a-lr,317.3451843261719
1969-12-31 00:00:00,visit,historical,ipsl-cm6a-lr,historical (FireMIP) - visit - ipsl-cm6a-lr,364.5018005371094
1970-12-31 00:00:00,visit,historical,ipsl-cm6a-lr,historical (FireMIP) - visit - ipsl-cm6a-lr,286.8605651855469
1971-12-31 00:00:00,visit,historical,ipsl-cm6a-lr,historical (FireMIP) - visit - ipsl-cm6a-lr,273.928466796875
1972-12-31 00:00:00,visit,historical,ipsl-cm6a-lr,historical (FireMIP) - visit - ipsl-cm6a-lr,341.9390869140625
1973-12-31 00:00:00,visit,historical,ipsl-cm6a-lr,historical (FireMIP) - visit - ipsl-cm6a-lr,319.1871032714844
1974-12-31 00:00:00,visit,historical,ipsl-cm6a-lr,historical (FireMIP) - visit - ipsl-cm6a-lr,300.8205261230469
1975-12-31 00:00:00,visit,historical,ipsl-cm6a-lr,historical (FireMIP) - visit - ipsl-cm6a-lr,322.4433898925781
1976-12-31 00:00:00,visit,historical,ipsl-cm6a-lr,historical (FireMIP) - visit - ipsl-cm6a-lr,350.0310363769531
1977-12-31 00:00:00,visit,historical,ipsl-cm6a-lr,historical (FireMIP) - visit - ipsl-cm6a-lr,291.5711975097656
1978-12-31 00:00:00,visit,historical,ipsl-cm6a-lr,historical (FireMIP) - visit - ipsl-cm6a-lr,288.7080383300781
1979-12-31 00:00:00,visit,historical,ipsl-cm6a-lr,historical (FireMIP) - visit - ipsl-cm6a-lr,323.073974609375
1980-12-31 00:00:00,visit,historical,ipsl-cm6a-lr,historical (FireMIP) - visit - ipsl-cm6a-lr,340.0181579589844
1981-12-31 00:00:00,visit,historical,ipsl-cm6a-lr,historical (FireMIP) - visit - ipsl-cm6a-lr,314.8237609863281
1982-12-31 00:00:00,visit,historical,ipsl-cm6a-lr,historical (FireMIP) - visit - ipsl-cm6a-lr,260.3380432128906
1983-12-31 00:00:00,visit,historical,ipsl-cm6a-lr,historical (FireMIP) - visit - ipsl-cm6a-lr,283.7477111816406
1984-12-31 00:00:00,visit,historical,ipsl-cm6a-lr,historical (FireMIP) - visit - ipsl-cm6a-lr,321.7516784667969
1985-12-31 00:00:00,visit,historical,ipsl-cm6a-lr,historical (FireMIP) - visit - ipsl-cm6a-lr,291.5310974121094
1986-12-31 00:00:00,visit,historical,ipsl-cm6a-lr,historical (FireMIP) - visit - ipsl-cm6a-lr,297.123779296875
1987-12-31 00:00:00,visit,historical,ipsl-cm6a-lr,historical (FireMIP) - visit - ipsl-cm6a-lr,388.6333923339844
1988-12-31 00:00:00,visit,historical,ipsl-cm6a-lr,historical (FireMIP) - visit - ipsl-cm6a-lr,479.6178283691406
1989-12-31 00:00:00,visit,historical,ipsl-cm6a-lr,historical (FireMIP) - visit - ipsl-cm6a-lr,379.111083984375
1990-12-31 00:00:00,visit,historical,ipsl-cm6a-lr,historical (FireMIP) - visit - ipsl-cm6a-lr,310.79266357421875
1991-12-31 00:00:00,visit,historical,ipsl-cm6a-lr,historical (FireMIP) - visit - ipsl-cm6a-lr,306.6586608886719
1992-12-31 00:00:00,visit,historical,ipsl-cm6a-lr,historical (FireMIP) - visit - ipsl-cm6a-lr,314.3678283691406
1993-12-31 00:00:00,visit,historical,ipsl-cm6a-lr,historical (FireMIP) - visit - ipsl-cm6a-lr,452.0080261230469
1994-12-31 00:00:00,visit,historical,ipsl-cm6a-lr,historical (FireMIP) - visit - ipsl-cm6a-lr,326.34332275390625
1995-12-31 00:00:00,visit,historical,ipsl-cm6a-lr,historical (FireMIP) - visit - ipsl-cm6a-lr,318.53582763671875
1996-12-31 00:00:00,visit,historical,ipsl-cm6a-lr,historical (FireMIP) - visit - ipsl-cm6a-lr,389.2730712890625
1997-12-31 00:00:00,visit,historical,ipsl-cm6a-lr,historical (FireMIP) - visit - ipsl-cm6a-lr,340.7154235839844
1998-12-31 00:00:00,visit,historical,ipsl-cm6a-lr,historical (FireMIP) - visit - ipsl-cm6a-lr,274.3507385253906
1999-12-31 00:00:00,visit,historical,ipsl-cm6a-lr,historical (FireMIP) - visit - ipsl-cm6a-lr,318.1232604980469
2000-12-31 00:00:00,visit,historical,ipsl-cm6a-lr,historical (FireMIP) - visit - ipsl-cm6a-lr,356.3807373046875
2001-12-31 00:00:00,visit,historical,ipsl-cm6a-lr,historical (FireMIP) - visit - ipsl-cm6a-lr,338.1103210449219
2002-12-31 00:00:00,visit,historical,ipsl-cm6a-lr,historical (FireMIP) - visit - ipsl-cm6a-lr,285.3133850097656
2003-12-31 00:00:00,visit,historical,ipsl-cm6a-lr,historical (FireMIP) - visit - ipsl-cm6a-lr,280.6147155761719
2004-12-31 00:00:00,visit,historical,ipsl-cm6a-lr,historical (FireMIP) - visit - ipsl-cm6a-lr,309.12298583984375
2005-12-31 00:00:00,visit,historical,ipsl-cm6a-lr,historical (FireMIP) - visit - ipsl-cm6a-lr,423.1982116699219
2006-12-31 00:00:00,visit,historical,ipsl-cm6a-lr,historical (FireMIP) - visit - ipsl-cm6a-lr,342.6524963378906
2007-12-31 00:00:00,visit,historical,ipsl-cm6a-lr,historical (FireMIP) - visit - ipsl-cm6a-lr,304.88140869140625
2008-12-31 00:00:00,visit,historical,ipsl-cm6a-lr,historical (FireMIP) - visit - ipsl-cm6a-lr,344.247802734375
2009-12-31 00:00:00,visit,historical,ipsl-cm6a-lr,historical (FireMIP) - visit - ipsl-cm6a-lr,392.5295715332031
2010-12-31 00:00:00,visit,historical,ipsl-cm6a-lr,historical (FireMIP) - visit - ipsl-cm6a-lr,501.794921875
2011-12-31 00:00:00,visit,historical,ipsl-cm6a-lr,historical (FireMIP) - visit - ipsl-cm6a-lr,313.3548583984375
2012-12-31 00:00:00,visit,historical,ipsl-cm6a-lr,historical (FireMIP) - visit - ipsl-cm6a-lr,315.9554748535156
2013-12-31 00:00:00,visit,historical,ipsl-cm6a-lr,historical (FireMIP) - visit - ipsl-cm6a-lr,325.0278015136719
2014-12-31 00:00:00,visit,historical,ipsl-cm6a-lr,historical (FireMIP) - visit - ipsl-cm6a-lr,330.2386474609375
2015-12-31 00:00:00,visit,ssp126,mpi-esm1-2-hr,ssp126 (FireMIP) - visit - mpi-esm1-2-hr,324.9481506347656
2016-12-31 00:00:00,visit,ssp126,mpi-esm1-2-hr,ssp126 (FireMIP) - visit - mpi-esm1-2-hr,340.6622619628906
2017-12-31 00:00:00,visit,ssp126,mpi-esm1-2-hr,ssp126 (FireMIP) - visit - mpi-esm1-2-hr,396.5435485839844
2018-12-31 00:00:00,visit,ssp126,mpi-esm1-2-hr,ssp126 (FireMIP) - visit - mpi-esm1-2-hr,413.4884338378906
2019-12-31 00:00:00,visit,ssp126,mpi-esm1-2-hr,ssp126 (FireMIP) - visit - mpi-esm1-2-hr,367.3629455566406
2020-12-31 00:00:00,visit,ssp126,mpi-esm1-2-hr,ssp126 (FireMIP) - visit - mpi-esm1-2-hr,316.94451904296875
2021-12-31 00:00:00,visit,ssp126,mpi-esm1-2-hr,ssp126 (FireMIP) - visit - mpi-esm1-2-hr,341.7371520996094
2022-12-31 00:00:00,visit,ssp126,mpi-esm1-2-hr,ssp126 (FireMIP) - visit - mpi-esm1-2-hr,417.9394226074219
2023-12-31 00:00:00,visit,ssp126,mpi-esm1-2-hr,ssp126 (FireMIP) - visit - mpi-esm1-2-hr,336.0351867675781
2024-12-31 00:00:00,visit,ssp126,mpi-esm1-2-hr,ssp126 (FireMIP) - visit - mpi-esm1-2-hr,349.0378112792969
2025-12-31 00:00:00,visit,ssp126,mpi-esm1-2-hr,ssp126 (FireMIP) - visit - mpi-esm1-2-hr,357.7930603027344
2026-12-31 00:00:00,visit,ssp126,mpi-esm1-2-hr,ssp126 (FireMIP) - visit - mpi-esm1-2-hr,344.9761657714844
2027-12-31 00:00:00,visit,ssp126,mpi-esm1-2-hr,ssp126 (FireMIP) - visit - mpi-esm1-2-hr,329.3955383300781
2028-12-31 00:00:00,visit,ssp126,mpi-esm1-2-hr,ssp126 (FireMIP) - visit - mpi-esm1-2-hr,402.4476623535156
2029-12-31 00:00:00,visit,ssp126,mpi-esm1-2-hr,ssp126 (FireMIP) - visit - mpi-esm1-2-hr,569.5823974609375
2030-12-31 00:00:00,visit,ssp126,mpi-esm1-2-hr,ssp126 (FireMIP) - visit - mpi-esm1-2-hr,357.6336364746094
2031-12-31 00:00:00,visit,ssp126,mpi-esm1-2-hr,ssp126 (FireMIP) - visit - mpi-esm1-2-hr,351.3218078613281
2032-12-31 00:00:00,visit,ssp126,mpi-esm1-2-hr,ssp126 (FireMIP) - visit - mpi-esm1-2-hr,494.3077392578125
2033-12-31 00:00:00,visit,ssp126,mpi-esm1-2-hr,ssp126 (FireMIP) - visit - mpi-esm1-2-hr,411.4444580078125
2034-12-31 00:00:00,visit,ssp126,mpi-esm1-2-hr,ssp126 (FireMIP) - visit - mpi-esm1-2-hr,429.75732421875
2035-12-31 00:00:00,visit,ssp126,mpi-esm1-2-hr,ssp126 (FireMIP) - visit - mpi-esm1-2-hr,466.775390625
2036-12-31 00:00:00,visit,ssp126,mpi-esm1-2-hr,ssp126 (FireMIP) - visit - mpi-esm1-2-hr,323.4886169433594
2037-12-31 00:00:00,visit,ssp126,mpi-esm1-2-hr,ssp126 (FireMIP) - visit - mpi-esm1-2-hr,320.007568359375
2038-12-31 00:00:00,visit,ssp126,mpi-esm1-2-hr,ssp126 (FireMIP) - visit - mpi-esm1-2-hr,465.090087890625
2039-12-31 00:00:00,visit,ssp126,mpi-esm1-2-hr,ssp126 (FireMIP) - visit - mpi-esm1-2-hr,378.3841857910156
2040-12-31 00:00:00,visit,ssp126,mpi-esm1-2-hr,ssp126 (FireMIP) - visit - mpi-esm1-2-hr,420.6739807128906
2041-12-31 00:00:00,visit,ssp126,mpi-esm1-2-hr,ssp126 (FireMIP) - visit - mpi-esm1-2-hr,391.1729431152344
2042-12-31 00:00:00,visit,ssp126,mpi-esm1-2-hr,ssp126 (FireMIP) - visit - mpi-esm1-2-hr,376.1593322753906
2043-12-31 00:00:00,visit,ssp126,mpi-esm1-2-hr,ssp126 (FireMIP) - visit - mpi-esm1-2-hr,417.33984375
2044-12-31 00:00:00,visit,ssp126,mpi-esm1-2-hr,ssp126 (FireMIP) - visit - mpi-esm1-2-hr,458.330322265625
2045-12-31 00:00:00,visit,ssp126,mpi-esm1-2-hr,ssp126 (FireMIP) - visit - mpi-esm1-2-hr,392.4891357421875
2046-12-31 00:00:00,visit,ssp126,mpi-esm1-2-hr,ssp126 (FireMIP) - visit - mpi-esm1-2-hr,322.5639343261719
2047-12-31 00:00:00,visit,ssp126,mpi-esm1-2-hr,ssp126 (FireMIP) - visit - mpi-esm1-2-hr,328.3440246582031
2048-12-31 00:00:00,visit,ssp126,mpi-esm1-2-hr,ssp126 (FireMIP) - visit - mpi-esm1-2-hr,301.5616149902344
2049-12-31 00:00:00,visit,ssp126,mpi-esm1-2-hr,ssp126 (FireMIP) - visit - mpi-esm1-2-hr,397.174072265625
2050-12-31 00:00:00,visit,ssp126,mpi-esm1-2-hr,ssp126 (FireMIP) - visit - mpi-esm1-2-hr,497.7319030761719
2051-12-31 00:00:00,visit,ssp126,mpi-esm1-2-hr,ssp126 (FireMIP) - visit - mpi-esm1-2-hr,359.6481018066406
2052-12-31 00:00:00,visit,ssp126,mpi-esm1-2-hr,ssp126 (FireMIP) - visit - mpi-esm1-2-hr,380.9729309082031
2053-12-31 00:00:00,visit,ssp126,mpi-esm1-2-hr,ssp126 (FireMIP) - visit - mpi-esm1-2-hr,393.0711975097656
2054-12-31 00:00:00,visit,ssp126,mpi-esm1-2-hr,ssp126 (FireMIP) - visit - mpi-esm1-2-hr,502.1159362792969
2055-12-31 00:00:00,visit,ssp126,mpi-esm1-2-hr,ssp126 (FireMIP) - visit - mpi-esm1-2-hr,414.9549865722656
2056-12-31 00:00:00,visit,ssp126,mpi-esm1-2-hr,ssp126 (FireMIP) - visit - mpi-esm1-2-hr,467.1419372558594
2057-12-31 00:00:00,visit,ssp126,mpi-esm1-2-hr,ssp126 (FireMIP) - visit - mpi-esm1-2-hr,412.333251953125
2058-12-31 00:00:00,visit,ssp126,mpi-esm1-2-hr,ssp126 (FireMIP) - visit - mpi-esm1-2-hr,393.9734191894531
2059-12-31 00:00:00,visit,ssp126,mpi-esm1-2-hr,ssp126 (FireMIP) - visit - mpi-esm1-2-hr,445.3708801269531
2060-12-31 00:00:00,visit,ssp126,mpi-esm1-2-hr,ssp126 (FireMIP) - visit - mpi-esm1-2-hr,431.2182312011719
2061-12-31 00:00:00,visit,ssp126,mpi-esm1-2-hr,ssp126 (FireMIP) - visit - mpi-esm1-2-hr,354.9420471191406
2062-12-31 00:00:00,visit,ssp126,mpi-esm1-2-hr,ssp126 (FireMIP) - visit - mpi-esm1-2-hr,395.680908203125
2063-12-31 00:00:00,visit,ssp126,mpi-esm1-2-hr,ssp126 (FireMIP) - visit - mpi-esm1-2-hr,404.5901184082031
2064-12-31 00:00:00,visit,ssp126,mpi-esm1-2-hr,ssp126 (FireMIP) - visit - mpi-esm1-2-hr,436.8885498046875
2065-12-31 00:00:00,visit,ssp126,mpi-esm1-2-hr,ssp126 (FireMIP) - visit - mpi-esm1-2-hr,507.1573791503906
2066-12-31 00:00:00,visit,ssp126,mpi-esm1-2-hr,ssp126 (FireMIP) - visit - mpi-esm1-2-hr,379.5813903808594
2067-12-31 00:00:00,visit,ssp126,mpi-esm1-2-hr,ssp126 (FireMIP) - visit - mpi-esm1-2-hr,479.5794677734375
2068-12-31 00:00:00,visit,ssp126,mpi-esm1-2-hr,ssp126 (FireMIP) - visit - mpi-esm1-2-hr,465.1795959472656
2069-12-31 00:00:00,visit,ssp126,mpi-esm1-2-hr,ssp126 (FireMIP) - visit - mpi-esm1-2-hr,327.8783264160156
2070-12-31 00:00:00,visit,ssp126,mpi-esm1-2-hr,ssp126 (FireMIP) - visit - mpi-esm1-2-hr,380.7789611816406
2071-12-31 00:00:00,visit,ssp126,mpi-esm1-2-hr,ssp126 (FireMIP) - visit - mpi-esm1-2-hr,455.3449401855469
2072-12-31 00:00:00,visit,ssp126,mpi-esm1-2-hr,ssp126 (FireMIP) - visit - mpi-esm1-2-hr,392.8789978027344
2073-12-31 00:00:00,visit,ssp126,mpi-esm1-2-hr,ssp126 (FireMIP) - visit - mpi-esm1-2-hr,399.3169250488281
2074-12-31 00:00:00,visit,ssp126,mpi-esm1-2-hr,ssp126 (FireMIP) - visit - mpi-esm1-2-hr,426.6683349609375
2075-12-31 00:00:00,visit,ssp126,mpi-esm1-2-hr,ssp126 (FireMIP) - visit - mpi-esm1-2-hr,497.3748779296875
2076-12-31 00:00:00,visit,ssp126,mpi-esm1-2-hr,ssp126 (FireMIP) - visit - mpi-esm1-2-hr,460.8475341796875
2077-12-31 00:00:00,visit,ssp126,mpi-esm1-2-hr,ssp126 (FireMIP) - visit - mpi-esm1-2-hr,407.0706481933594
2078-12-31 00:00:00,visit,ssp126,mpi-esm1-2-hr,ssp126 (FireMIP) - visit - mpi-esm1-2-hr,427.739013671875
2079-12-31 00:00:00,visit,ssp126,mpi-esm1-2-hr,ssp126 (FireMIP) - visit - mpi-esm1-2-hr,482.7177734375
2080-12-31 00:00:00,visit,ssp126,mpi-esm1-2-hr,ssp126 (FireMIP) - visit - mpi-esm1-2-hr,438.5649108886719
2081-12-31 00:00:00,visit,ssp126,mpi-esm1-2-hr,ssp126 (FireMIP) - visit - mpi-esm1-2-hr,399.4279479980469
2082-12-31 00:00:00,visit,ssp126,mpi-esm1-2-hr,ssp126 (FireMIP) - visit - mpi-esm1-2-hr,405.45703125
2083-12-31 00:00:00,visit,ssp126,mpi-esm1-2-hr,ssp126 (FireMIP) - visit - mpi-esm1-2-hr,382.2403869628906
2084-12-31 00:00:00,visit,ssp126,mpi-esm1-2-hr,ssp126 (FireMIP) - visit - mpi-esm1-2-hr,371.9396057128906
2085-12-31 00:00:00,visit,ssp126,mpi-esm1-2-hr,ssp126 (FireMIP) - visit - mpi-esm1-2-hr,336.7903137207031
2086-12-31 00:00:00,visit,ssp126,mpi-esm1-2-hr,ssp126 (FireMIP) - visit - mpi-esm1-2-hr,421.9495849609375
2087-12-31 00:00:00,visit,ssp126,mpi-esm1-2-hr,ssp126 (FireMIP) - visit - mpi-esm1-2-hr,406.4500732421875
2088-12-31 00:00:00,visit,ssp126,mpi-esm1-2-hr,ssp126 (FireMIP) - visit - mpi-esm1-2-hr,404.9227294921875
2089-12-31 00:00:00,visit,ssp126,mpi-esm1-2-hr,ssp126 (FireMIP) - visit - mpi-esm1-2-hr,469.4176940917969
2090-12-31 00:00:00,visit,ssp126,mpi-esm1-2-hr,ssp126 (FireMIP) - visit - mpi-esm1-2-hr,397.4874267578125
2091-12-31 00:00:00,visit,ssp126,mpi-esm1-2-hr,ssp126 (FireMIP) - visit - mpi-esm1-2-hr,347.6534729003906
2092-12-31 00:00:00,visit,ssp126,mpi-esm1-2-hr,ssp126 (FireMIP) - visit - mpi-esm1-2-hr,434.6549987792969
2093-12-31 00:00:00,visit,ssp126,mpi-esm1-2-hr,ssp126 (FireMIP) - visit - mpi-esm1-2-hr,412.1493225097656
2094-12-31 00:00:00,visit,ssp126,mpi-esm1-2-hr,ssp126 (FireMIP) - visit - mpi-esm1-2-hr,459.6418151855469
2095-12-31 00:00:00,visit,ssp126,mpi-esm1-2-hr,ssp126 (FireMIP) - visit - mpi-esm1-2-hr,484.9156494140625
2096-12-31 00:00:00,visit,ssp126,mpi-esm1-2-hr,ssp126 (FireMIP) - visit - mpi-esm1-2-hr,396.7718505859375
2097-12-31 00:00:00,visit,ssp126,mpi-esm1-2-hr,ssp126 (FireMIP) - visit - mpi-esm1-2-hr,336.13446044921875
2098-12-31 00:00:00,visit,ssp126,mpi-esm1-2-hr,ssp126 (FireMIP) - visit - mpi-esm1-2-hr,420.8316955566406
2099-12-31 00:00:00,visit,ssp126,mpi-esm1-2-hr,ssp126 (FireMIP) - visit - mpi-esm1-2-hr,337.5464782714844
2100-12-31 00:00:00,visit,ssp126,mpi-esm1-2-hr,ssp126 (FireMIP) - visit - mpi-esm1-2-hr,466.0557861328125
2015-12-31 00:00:00,visit,ssp126,mri-esm2-0,ssp126 (FireMIP) - visit - mri-esm2-0,334.06201171875
2016-12-31 00:00:00,visit,ssp126,mri-esm2-0,ssp126 (FireMIP) - visit - mri-esm2-0,353.7127380371094
2017-12-31 00:00:00,visit,ssp126,mri-esm2-0,ssp126 (FireMIP) - visit - mri-esm2-0,328.0430908203125
2018-12-31 00:00:00,visit,ssp126,mri-esm2-0,ssp126 (FireMIP) - visit - mri-esm2-0,306.1731262207031
2019-12-31 00:00:00,visit,ssp126,mri-esm2-0,ssp126 (FireMIP) - visit - mri-esm2-0,341.3880615234375
2020-12-31 00:00:00,visit,ssp126,mri-esm2-0,ssp126 (FireMIP) - visit - mri-esm2-0,404.1930847167969
2021-12-31 00:00:00,visit,ssp126,mri-esm2-0,ssp126 (FireMIP) - visit - mri-esm2-0,414.546142578125
2022-12-31 00:00:00,visit,ssp126,mri-esm2-0,ssp126 (FireMIP) - visit - mri-esm2-0,348.2318115234375
2023-12-31 00:00:00,visit,ssp126,mri-esm2-0,ssp126 (FireMIP) - visit - mri-esm2-0,404.5650329589844
2024-12-31 00:00:00,visit,ssp126,mri-esm2-0,ssp126 (FireMIP) - visit - mri-esm2-0,374.6629333496094
2025-12-31 00:00:00,visit,ssp126,mri-esm2-0,ssp126 (FireMIP) - visit - mri-esm2-0,296.6962585449219
2026-12-31 00:00:00,visit,ssp126,mri-esm2-0,ssp126 (FireMIP) - visit - mri-esm2-0,447.6745300292969
2027-12-31 00:00:00,visit,ssp126,mri-esm2-0,ssp126 (FireMIP) - visit - mri-esm2-0,401.8005065917969
2028-12-31 00:00:00,visit,ssp126,mri-esm2-0,ssp126 (FireMIP) - visit - mri-esm2-0,348.852783203125
2029-12-31 00:00:00,visit,ssp126,mri-esm2-0,ssp126 (FireMIP) - visit - mri-esm2-0,358.053466796875
2030-12-31 00:00:00,visit,ssp126,mri-esm2-0,ssp126 (FireMIP) - visit - mri-esm2-0,369.0878601074219
2031-12-31 00:00:00,visit,ssp126,mri-esm2-0,ssp126 (FireMIP) - visit - mri-esm2-0,415.9375305175781
2032-12-31 00:00:00,visit,ssp126,mri-esm2-0,ssp126 (FireMIP) - visit - mri-esm2-0,418.6949157714844
2033-12-31 00:00:00,visit,ssp126,mri-esm2-0,ssp126 (FireMIP) - visit - mri-esm2-0,388.1914367675781
2034-12-31 00:00:00,visit,ssp126,mri-esm2-0,ssp126 (FireMIP) - visit - mri-esm2-0,389.7051696777344
2035-12-31 00:00:00,visit,ssp126,mri-esm2-0,ssp126 (FireMIP) - visit - mri-esm2-0,422.7908020019531
2036-12-31 00:00:00,visit,ssp126,mri-esm2-0,ssp126 (FireMIP) - visit - mri-esm2-0,376.5112609863281
2037-12-31 00:00:00,visit,ssp126,mri-esm2-0,ssp126 (FireMIP) - visit - mri-esm2-0,424.5490417480469
2038-12-31 00:00:00,visit,ssp126,mri-esm2-0,ssp126 (FireMIP) - visit - mri-esm2-0,474.5940856933594
2039-12-31 00:00:00,visit,ssp126,mri-esm2-0,ssp126 (FireMIP) - visit - mri-esm2-0,405.4510498046875
2040-12-31 00:00:00,visit,ssp126,mri-esm2-0,ssp126 (FireMIP) - visit - mri-esm2-0,337.7021789550781
2041-12-31 00:00:00,visit,ssp126,mri-esm2-0,ssp126 (FireMIP) - visit - mri-esm2-0,400.2183837890625
2042-12-31 00:00:00,visit,ssp126,mri-esm2-0,ssp126 (FireMIP) - visit - mri-esm2-0,381.2831115722656
2043-12-31 00:00:00,visit,ssp126,mri-esm2-0,ssp126 (FireMIP) - visit - mri-esm2-0,390.2055358886719
2044-12-31 00:00:00,visit,ssp126,mri-esm2-0,ssp126 (FireMIP) - visit - mri-esm2-0,482.2857360839844
2045-12-31 00:00:00,visit,ssp126,mri-esm2-0,ssp126 (FireMIP) - visit - mri-esm2-0,387.4579772949219
2046-12-31 00:00:00,visit,ssp126,mri-esm2-0,ssp126 (FireMIP) - visit - mri-esm2-0,307.8812561035156
2047-12-31 00:00:00,visit,ssp126,mri-esm2-0,ssp126 (FireMIP) - visit - mri-esm2-0,368.4043884277344
2048-12-31 00:00:00,visit,ssp126,mri-esm2-0,ssp126 (FireMIP) - visit - mri-esm2-0,442.6797180175781
2049-12-31 00:00:00,visit,ssp126,mri-esm2-0,ssp126 (FireMIP) - visit - mri-esm2-0,416.7593078613281
2050-12-31 00:00:00,visit,ssp126,mri-esm2-0,ssp126 (FireMIP) - visit - mri-esm2-0,462.8619384765625
2051-12-31 00:00:00,visit,ssp126,mri-esm2-0,ssp126 (FireMIP) - visit - mri-esm2-0,337.42291259765625
2052-12-31 00:00:00,visit,ssp126,mri-esm2-0,ssp126 (FireMIP) - visit - mri-esm2-0,415.0172424316406
2053-12-31 00:00:00,visit,ssp126,mri-esm2-0,ssp126 (FireMIP) - visit - mri-esm2-0,519.3869018554688
2054-12-31 00:00:00,visit,ssp126,mri-esm2-0,ssp126 (FireMIP) - visit - mri-esm2-0,435.0740966796875
2055-12-31 00:00:00,visit,ssp126,mri-esm2-0,ssp126 (FireMIP) - visit - mri-esm2-0,370.5790100097656
2056-12-31 00:00:00,visit,ssp126,mri-esm2-0,ssp126 (FireMIP) - visit - mri-esm2-0,411.9190979003906
2057-12-31 00:00:00,visit,ssp126,mri-esm2-0,ssp126 (FireMIP) - visit - mri-esm2-0,430.7884216308594
2058-12-31 00:00:00,visit,ssp126,mri-esm2-0,ssp126 (FireMIP) - visit - mri-esm2-0,437.9850769042969
2059-12-31 00:00:00,visit,ssp126,mri-esm2-0,ssp126 (FireMIP) - visit - mri-esm2-0,368.3966064453125
2060-12-31 00:00:00,visit,ssp126,mri-esm2-0,ssp126 (FireMIP) - visit - mri-esm2-0,461.52880859375
2061-12-31 00:00:00,visit,ssp126,mri-esm2-0,ssp126 (FireMIP) - visit - mri-esm2-0,432.9513244628906
2062-12-31 00:00:00,visit,ssp126,mri-esm2-0,ssp126 (FireMIP) - visit - mri-esm2-0,407.8431701660156
2063-12-31 00:00:00,visit,ssp126,mri-esm2-0,ssp126 (FireMIP) - visit - mri-esm2-0,347.9096374511719
2064-12-31 00:00:00,visit,ssp126,mri-esm2-0,ssp126 (FireMIP) - visit - mri-esm2-0,439.4881286621094
2065-12-31 00:00:00,visit,ssp126,mri-esm2-0,ssp126 (FireMIP) - visit - mri-esm2-0,578.7804565429688
2066-12-31 00:00:00,visit,ssp126,mri-esm2-0,ssp126 (FireMIP) - visit - mri-esm2-0,452.5259704589844
2067-12-31 00:00:00,visit,ssp126,mri-esm2-0,ssp126 (FireMIP) - visit - mri-esm2-0,541.4799194335938
2068-12-31 00:00:00,visit,ssp126,mri-esm2-0,ssp126 (FireMIP) - visit - mri-esm2-0,439.5348205566406
2069-12-31 00:00:00,visit,ssp126,mri-esm2-0,ssp126 (FireMIP) - visit - mri-esm2-0,375.4903259277344
2070-12-31 00:00:00,visit,ssp126,mri-esm2-0,ssp126 (FireMIP) - visit - mri-esm2-0,420.8046875
2071-12-31 00:00:00,visit,ssp126,mri-esm2-0,ssp126 (FireMIP) - visit - mri-esm2-0,435.098388671875
2072-12-31 00:00:00,visit,ssp126,mri-esm2-0,ssp126 (FireMIP) - visit - mri-esm2-0,424.4815979003906
2073-12-31 00:00:00,visit,ssp126,mri-esm2-0,ssp126 (FireMIP) - visit - mri-esm2-0,418.141845703125
2074-12-31 00:00:00,visit,ssp126,mri-esm2-0,ssp126 (FireMIP) - visit - mri-esm2-0,400.3543395996094
2075-12-31 00:00:00,visit,ssp126,mri-esm2-0,ssp126 (FireMIP) - visit - mri-esm2-0,387.8077697753906
2076-12-31 00:00:00,visit,ssp126,mri-esm2-0,ssp126 (FireMIP) - visit - mri-esm2-0,498.43994140625
2077-12-31 00:00:00,visit,ssp126,mri-esm2-0,ssp126 (FireMIP) - visit - mri-esm2-0,499.1475524902344
2078-12-31 00:00:00,visit,ssp126,mri-esm2-0,ssp126 (FireMIP) - visit - mri-esm2-0,386.4544372558594
2079-12-31 00:00:00,visit,ssp126,mri-esm2-0,ssp126 (FireMIP) - visit - mri-esm2-0,377.5699768066406
2080-12-31 00:00:00,visit,ssp126,mri-esm2-0,ssp126 (FireMIP) - visit - mri-esm2-0,370.3549499511719
2081-12-31 00:00:00,visit,ssp126,mri-esm2-0,ssp126 (FireMIP) - visit - mri-esm2-0,461.4447021484375
2082-12-31 00:00:00,visit,ssp126,mri-esm2-0,ssp126 (FireMIP) - visit - mri-esm2-0,387.5599670410156
2083-12-31 00:00:00,visit,ssp126,mri-esm2-0,ssp126 (FireMIP) - visit - mri-esm2-0,357.0254821777344
2084-12-31 00:00:00,visit,ssp126,mri-esm2-0,ssp126 (FireMIP) - visit - mri-esm2-0,384.280517578125
2085-12-31 00:00:00,visit,ssp126,mri-esm2-0,ssp126 (FireMIP) - visit - mri-esm2-0,435.60693359375
2086-12-31 00:00:00,visit,ssp126,mri-esm2-0,ssp126 (FireMIP) - visit - mri-esm2-0,451.7477111816406
2087-12-31 00:00:00,visit,ssp126,mri-esm2-0,ssp126 (FireMIP) - visit - mri-esm2-0,383.3438720703125
2088-12-31 00:00:00,visit,ssp126,mri-esm2-0,ssp126 (FireMIP) - visit - mri-esm2-0,364.2940673828125
2089-12-31 00:00:00,visit,ssp126,mri-esm2-0,ssp126 (FireMIP) - visit - mri-esm2-0,382.4215087890625
2090-12-31 00:00:00,visit,ssp126,mri-esm2-0,ssp126 (FireMIP) - visit - mri-esm2-0,419.5872497558594
2091-12-31 00:00:00,visit,ssp126,mri-esm2-0,ssp126 (FireMIP) - visit - mri-esm2-0,394.7772216796875
2092-12-31 00:00:00,visit,ssp126,mri-esm2-0,ssp126 (FireMIP) - visit - mri-esm2-0,447.0882568359375
2093-12-31 00:00:00,visit,ssp126,mri-esm2-0,ssp126 (FireMIP) - visit - mri-esm2-0,352.7919006347656
2094-12-31 00:00:00,visit,ssp126,mri-esm2-0,ssp126 (FireMIP) - visit - mri-esm2-0,382.8743591308594
2095-12-31 00:00:00,visit,ssp126,mri-esm2-0,ssp126 (FireMIP) - visit - mri-esm2-0,410.003662109375
2096-12-31 00:00:00,visit,ssp126,mri-esm2-0,ssp126 (FireMIP) - visit - mri-esm2-0,505.0538330078125
2097-12-31 00:00:00,visit,ssp126,mri-esm2-0,ssp126 (FireMIP) - visit - mri-esm2-0,392.7185363769531
2098-12-31 00:00:00,visit,ssp126,mri-esm2-0,ssp126 (FireMIP) - visit - mri-esm2-0,432.9725341796875
2099-12-31 00:00:00,visit,ssp126,mri-esm2-0,ssp126 (FireMIP) - visit - mri-esm2-0,433.4076232910156
2100-12-31 00:00:00,visit,ssp126,mri-esm2-0,ssp126 (FireMIP) - visit - mri-esm2-0,438.5216369628906
2015-12-31 00:00:00,visit,ssp126,ukesm1-0-ll,ssp126 (FireMIP) - visit - ukesm1-0-ll,335.8333740234375
2016-12-31 00:00:00,visit,ssp126,ukesm1-0-ll,ssp126 (FireMIP) - visit - ukesm1-0-ll,337.4180603027344
2017-12-31 00:00:00,visit,ssp126,ukesm1-0-ll,ssp126 (FireMIP) - visit - ukesm1-0-ll,357.177001953125
2018-12-31 00:00:00,visit,ssp126,ukesm1-0-ll,ssp126 (FireMIP) - visit - ukesm1-0-ll,370.3543395996094
2019-12-31 00:00:00,visit,ssp126,ukesm1-0-ll,ssp126 (FireMIP) - visit - ukesm1-0-ll,399.6878662109375
2020-12-31 00:00:00,visit,ssp126,ukesm1-0-ll,ssp126 (FireMIP) - visit - ukesm1-0-ll,373.9886474609375
2021-12-31 00:00:00,visit,ssp126,ukesm1-0-ll,ssp126 (FireMIP) - visit - ukesm1-0-ll,376.3412170410156
2022-12-31 00:00:00,visit,ssp126,ukesm1-0-ll,ssp126 (FireMIP) - visit - ukesm1-0-ll,372.9605407714844
2023-12-31 00:00:00,visit,ssp126,ukesm1-0-ll,ssp126 (FireMIP) - visit - ukesm1-0-ll,302.6841735839844
2024-12-31 00:00:00,visit,ssp126,ukesm1-0-ll,ssp126 (FireMIP) - visit - ukesm1-0-ll,363.7213439941406
2025-12-31 00:00:00,visit,ssp126,ukesm1-0-ll,ssp126 (FireMIP) - visit - ukesm1-0-ll,362.3694763183594
2026-12-31 00:00:00,visit,ssp126,ukesm1-0-ll,ssp126 (FireMIP) - visit - ukesm1-0-ll,396.0955810546875
2027-12-31 00:00:00,visit,ssp126,ukesm1-0-ll,ssp126 (FireMIP) - visit - ukesm1-0-ll,341.29620361328125
2028-12-31 00:00:00,visit,ssp126,ukesm1-0-ll,ssp126 (FireMIP) - visit - ukesm1-0-ll,406.2792663574219
2029-12-31 00:00:00,visit,ssp126,ukesm1-0-ll,ssp126 (FireMIP) - visit - ukesm1-0-ll,360.3877868652344
2030-12-31 00:00:00,visit,ssp126,ukesm1-0-ll,ssp126 (FireMIP) - visit - ukesm1-0-ll,402.3214416503906
2031-12-31 00:00:00,visit,ssp126,ukesm1-0-ll,ssp126 (FireMIP) - visit - ukesm1-0-ll,363.2413024902344
2032-12-31 00:00:00,visit,ssp126,ukesm1-0-ll,ssp126 (FireMIP) - visit - ukesm1-0-ll,417.1876220703125
2033-12-31 00:00:00,visit,ssp126,ukesm1-0-ll,ssp126 (FireMIP) - visit - ukesm1-0-ll,368.2318420410156
2034-12-31 00:00:00,visit,ssp126,ukesm1-0-ll,ssp126 (FireMIP) - visit - ukesm1-0-ll,427.6152038574219
2035-12-31 00:00:00,visit,ssp126,ukesm1-0-ll,ssp126 (FireMIP) - visit - ukesm1-0-ll,472.0750732421875
2036-12-31 00:00:00,visit,ssp126,ukesm1-0-ll,ssp126 (FireMIP) - visit - ukesm1-0-ll,485.4269104003906
2037-12-31 00:00:00,visit,ssp126,ukesm1-0-ll,ssp126 (FireMIP) - visit - ukesm1-0-ll,475.4848327636719
2038-12-31 00:00:00,visit,ssp126,ukesm1-0-ll,ssp126 (FireMIP) - visit - ukesm1-0-ll,385.0618591308594
2039-12-31 00:00:00,visit,ssp126,ukesm1-0-ll,ssp126 (FireMIP) - visit - ukesm1-0-ll,393.6085510253906
2040-12-31 00:00:00,visit,ssp126,ukesm1-0-ll,ssp126 (FireMIP) - visit - ukesm1-0-ll,392.2589111328125
2041-12-31 00:00:00,visit,ssp126,ukesm1-0-ll,ssp126 (FireMIP) - visit - ukesm1-0-ll,381.2450866699219
2042-12-31 00:00:00,visit,ssp126,ukesm1-0-ll,ssp126 (FireMIP) - visit - ukesm1-0-ll,361.1434326171875
2043-12-31 00:00:00,visit,ssp126,ukesm1-0-ll,ssp126 (FireMIP) - visit - ukesm1-0-ll,516.3876953125
2044-12-31 00:00:00,visit,ssp126,ukesm1-0-ll,ssp126 (FireMIP) - visit - ukesm1-0-ll,368.6656494140625
2045-12-31 00:00:00,visit,ssp126,ukesm1-0-ll,ssp126 (FireMIP) - visit - ukesm1-0-ll,527.5901489257812
2046-12-31 00:00:00,visit,ssp126,ukesm1-0-ll,ssp126 (FireMIP) - visit - ukesm1-0-ll,470.113037109375
2047-12-31 00:00:00,visit,ssp126,ukesm1-0-ll,ssp126 (FireMIP) - visit - ukesm1-0-ll,398.537109375
2048-12-31 00:00:00,visit,ssp126,ukesm1-0-ll,ssp126 (FireMIP) - visit - ukesm1-0-ll,340.95037841796875
2049-12-31 00:00:00,visit,ssp126,ukesm1-0-ll,ssp126 (FireMIP) - visit - ukesm1-0-ll,371.0234375
2050-12-31 00:00:00,visit,ssp126,ukesm1-0-ll,ssp126 (FireMIP) - visit - ukesm1-0-ll,398.8638916015625
2051-12-31 00:00:00,visit,ssp126,ukesm1-0-ll,ssp126 (FireMIP) - visit - ukesm1-0-ll,455.0289306640625
2052-12-31 00:00:00,visit,ssp126,ukesm1-0-ll,ssp126 (FireMIP) - visit - ukesm1-0-ll,372.8412170410156
2053-12-31 00:00:00,visit,ssp126,ukesm1-0-ll,ssp126 (FireMIP) - visit - ukesm1-0-ll,525.8980102539062
2054-12-31 00:00:00,visit,ssp126,ukesm1-0-ll,ssp126 (FireMIP) - visit - ukesm1-0-ll,437.0028381347656
2055-12-31 00:00:00,visit,ssp126,ukesm1-0-ll,ssp126 (FireMIP) - visit - ukesm1-0-ll,475.5250549316406
2056-12-31 00:00:00,visit,ssp126,ukesm1-0-ll,ssp126 (FireMIP) - visit - ukesm1-0-ll,426.4298095703125
2057-12-31 00:00:00,visit,ssp126,ukesm1-0-ll,ssp126 (FireMIP) - visit - ukesm1-0-ll,443.0699157714844
2058-12-31 00:00:00,visit,ssp126,ukesm1-0-ll,ssp126 (FireMIP) - visit - ukesm1-0-ll,480.4678649902344
2059-12-31 00:00:00,visit,ssp126,ukesm1-0-ll,ssp126 (FireMIP) - visit - ukesm1-0-ll,470.7363586425781
2060-12-31 00:00:00,visit,ssp126,ukesm1-0-ll,ssp126 (FireMIP) - visit - ukesm1-0-ll,471.77978515625
2061-12-31 00:00:00,visit,ssp126,ukesm1-0-ll,ssp126 (FireMIP) - visit - ukesm1-0-ll,454.5744323730469
2062-12-31 00:00:00,visit,ssp126,ukesm1-0-ll,ssp126 (FireMIP) - visit - ukesm1-0-ll,396.7890319824219
2063-12-31 00:00:00,visit,ssp126,ukesm1-0-ll,ssp126 (FireMIP) - visit - ukesm1-0-ll,464.6448059082031
2064-12-31 00:00:00,visit,ssp126,ukesm1-0-ll,ssp126 (FireMIP) - visit - ukesm1-0-ll,486.0804443359375
2065-12-31 00:00:00,visit,ssp126,ukesm1-0-ll,ssp126 (FireMIP) - visit - ukesm1-0-ll,369.4236145019531
2066-12-31 00:00:00,visit,ssp126,ukesm1-0-ll,ssp126 (FireMIP) - visit - ukesm1-0-ll,424.865234375
2067-12-31 00:00:00,visit,ssp126,ukesm1-0-ll,ssp126 (FireMIP) - visit - ukesm1-0-ll,579.2316284179688
2068-12-31 00:00:00,visit,ssp126,ukesm1-0-ll,ssp126 (FireMIP) - visit - ukesm1-0-ll,357.4281921386719
2069-12-31 00:00:00,visit,ssp126,ukesm1-0-ll,ssp126 (FireMIP) - visit - ukesm1-0-ll,426.5687255859375
2070-12-31 00:00:00,visit,ssp126,ukesm1-0-ll,ssp126 (FireMIP) - visit - ukesm1-0-ll,471.5338439941406
2071-12-31 00:00:00,visit,ssp126,ukesm1-0-ll,ssp126 (FireMIP) - visit - ukesm1-0-ll,406.2454833984375
2072-12-31 00:00:00,visit,ssp126,ukesm1-0-ll,ssp126 (FireMIP) - visit - ukesm1-0-ll,467.2851257324219
2073-12-31 00:00:00,visit,ssp126,ukesm1-0-ll,ssp126 (FireMIP) - visit - ukesm1-0-ll,450.4968566894531
2074-12-31 00:00:00,visit,ssp126,ukesm1-0-ll,ssp126 (FireMIP) - visit - ukesm1-0-ll,583.6571655273438
2075-12-31 00:00:00,visit,ssp126,ukesm1-0-ll,ssp126 (FireMIP) - visit - ukesm1-0-ll,408.8856201171875
2076-12-31 00:00:00,visit,ssp126,ukesm1-0-ll,ssp126 (FireMIP) - visit - ukesm1-0-ll,401.0700378417969
2077-12-31 00:00:00,visit,ssp126,ukesm1-0-ll,ssp126 (FireMIP) - visit - ukesm1-0-ll,420.0948791503906
2078-12-31 00:00:00,visit,ssp126,ukesm1-0-ll,ssp126 (FireMIP) - visit - ukesm1-0-ll,471.9684143066406
2079-12-31 00:00:00,visit,ssp126,ukesm1-0-ll,ssp126 (FireMIP) - visit - ukesm1-0-ll,506.3186340332031
2080-12-31 00:00:00,visit,ssp126,ukesm1-0-ll,ssp126 (FireMIP) - visit - ukesm1-0-ll,489.3349304199219
2081-12-31 00:00:00,visit,ssp126,ukesm1-0-ll,ssp126 (FireMIP) - visit - ukesm1-0-ll,437.3858947753906
2082-12-31 00:00:00,visit,ssp126,ukesm1-0-ll,ssp126 (FireMIP) - visit - ukesm1-0-ll,496.2993469238281
2083-12-31 00:00:00,visit,ssp126,ukesm1-0-ll,ssp126 (FireMIP) - visit - ukesm1-0-ll,378.2348937988281
2084-12-31 00:00:00,visit,ssp126,ukesm1-0-ll,ssp126 (FireMIP) - visit - ukesm1-0-ll,385.1736145019531
2085-12-31 00:00:00,visit,ssp126,ukesm1-0-ll,ssp126 (FireMIP) - visit - ukesm1-0-ll,379.0954284667969
2086-12-31 00:00:00,visit,ssp126,ukesm1-0-ll,ssp126 (FireMIP) - visit - ukesm1-0-ll,419.6358337402344
2087-12-31 00:00:00,visit,ssp126,ukesm1-0-ll,ssp126 (FireMIP) - visit - ukesm1-0-ll,373.037109375
2088-12-31 00:00:00,visit,ssp126,ukesm1-0-ll,ssp126 (FireMIP) - visit - ukesm1-0-ll,476.36572265625
2089-12-31 00:00:00,visit,ssp126,ukesm1-0-ll,ssp126 (FireMIP) - visit - ukesm1-0-ll,422.9522399902344
2090-12-31 00:00:00,visit,ssp126,ukesm1-0-ll,ssp126 (FireMIP) - visit - ukesm1-0-ll,477.1319580078125
2091-12-31 00:00:00,visit,ssp126,ukesm1-0-ll,ssp126 (FireMIP) - visit - ukesm1-0-ll,535.6024780273438
2092-12-31 00:00:00,visit,ssp126,ukesm1-0-ll,ssp126 (FireMIP) - visit - ukesm1-0-ll,488.1188049316406
2093-12-31 00:00:00,visit,ssp126,ukesm1-0-ll,ssp126 (FireMIP) - visit - ukesm1-0-ll,500.4981689453125
2094-12-31 00:00:00,visit,ssp126,ukesm1-0-ll,ssp126 (FireMIP) - visit - ukesm1-0-ll,458.9403381347656
2095-12-31 00:00:00,visit,ssp126,ukesm1-0-ll,ssp126 (FireMIP) - visit - ukesm1-0-ll,441.935546875
2096-12-31 00:00:00,visit,ssp126,ukesm1-0-ll,ssp126 (FireMIP) - visit - ukesm1-0-ll,378.9696044921875
2097-12-31 00:00:00,visit,ssp126,ukesm1-0-ll,ssp126 (FireMIP) - visit - ukesm1-0-ll,443.577880859375
2098-12-31 00:00:00,visit,ssp126,ukesm1-0-ll,ssp126 (FireMIP) - visit - ukesm1-0-ll,415.6236572265625
2099-12-31 00:00:00,visit,ssp126,ukesm1-0-ll,ssp126 (FireMIP) - visit - ukesm1-0-ll,487.7292175292969
2100-12-31 00:00:00,visit,ssp126,ukesm1-0-ll,ssp126 (FireMIP) - visit - ukesm1-0-ll,462.9647216796875
2015-12-31 00:00:00,visit,ssp126,gfdl-esm4,ssp126 (FireMIP) - visit - gfdl-esm4,378.1080322265625
2016-12-31 00:00:00,visit,ssp126,gfdl-esm4,ssp126 (FireMIP) - visit - gfdl-esm4,345.5265197753906
2017-12-31 00:00:00,visit,ssp126,gfdl-esm4,ssp126 (FireMIP) - visit - gfdl-esm4,476.9872741699219
2018-12-31 00:00:00,visit,ssp126,gfdl-esm4,ssp126 (FireMIP) - visit - gfdl-esm4,334.2793884277344
2019-12-31 00:00:00,visit,ssp126,gfdl-esm4,ssp126 (FireMIP) - visit - gfdl-esm4,314.5850524902344
2020-12-31 00:00:00,visit,ssp126,gfdl-esm4,ssp126 (FireMIP) - visit - gfdl-esm4,496.1947326660156
2021-12-31 00:00:00,visit,ssp126,gfdl-esm4,ssp126 (FireMIP) - visit - gfdl-esm4,453.5191345214844
2022-12-31 00:00:00,visit,ssp126,gfdl-esm4,ssp126 (FireMIP) - visit - gfdl-esm4,357.0583801269531
2023-12-31 00:00:00,visit,ssp126,gfdl-esm4,ssp126 (FireMIP) - visit - gfdl-esm4,343.0395202636719
2024-12-31 00:00:00,visit,ssp126,gfdl-esm4,ssp126 (FireMIP) - visit - gfdl-esm4,447.7577209472656
2025-12-31 00:00:00,visit,ssp126,gfdl-esm4,ssp126 (FireMIP) - visit - gfdl-esm4,432.0552978515625
2026-12-31 00:00:00,visit,ssp126,gfdl-esm4,ssp126 (FireMIP) - visit - gfdl-esm4,465.479736328125
2027-12-31 00:00:00,visit,ssp126,gfdl-esm4,ssp126 (FireMIP) - visit - gfdl-esm4,374.4566345214844
2028-12-31 00:00:00,visit,ssp126,gfdl-esm4,ssp126 (FireMIP) - visit - gfdl-esm4,330.4530334472656
2029-12-31 00:00:00,visit,ssp126,gfdl-esm4,ssp126 (FireMIP) - visit - gfdl-esm4,477.672607421875
2030-12-31 00:00:00,visit,ssp126,gfdl-esm4,ssp126 (FireMIP) - visit - gfdl-esm4,414.4787292480469
2031-12-31 00:00:00,visit,ssp126,gfdl-esm4,ssp126 (FireMIP) - visit - gfdl-esm4,408.1882629394531
2032-12-31 00:00:00,visit,ssp126,gfdl-esm4,ssp126 (FireMIP) - visit - gfdl-esm4,418.5767517089844
2033-12-31 00:00:00,visit,ssp126,gfdl-esm4,ssp126 (FireMIP) - visit - gfdl-esm4,356.2910461425781
2034-12-31 00:00:00,visit,ssp126,gfdl-esm4,ssp126 (FireMIP) - visit - gfdl-esm4,374.7817687988281
2035-12-31 00:00:00,visit,ssp126,gfdl-esm4,ssp126 (FireMIP) - visit - gfdl-esm4,353.7021789550781
2036-12-31 00:00:00,visit,ssp126,gfdl-esm4,ssp126 (FireMIP) - visit - gfdl-esm4,382.3636779785156
2037-12-31 00:00:00,visit,ssp126,gfdl-esm4,ssp126 (FireMIP) - visit - gfdl-esm4,385.8027648925781
2038-12-31 00:00:00,visit,ssp126,gfdl-esm4,ssp126 (FireMIP) - visit - gfdl-esm4,322.9139709472656
2039-12-31 00:00:00,visit,ssp126,gfdl-esm4,ssp126 (FireMIP) - visit - gfdl-esm4,472.6145324707031
2040-12-31 00:00:00,visit,ssp126,gfdl-esm4,ssp126 (FireMIP) - visit - gfdl-esm4,367.96484375
2041-12-31 00:00:00,visit,ssp126,gfdl-esm4,ssp126 (FireMIP) - visit - gfdl-esm4,400.2074890136719
2042-12-31 00:00:00,visit,ssp126,gfdl-esm4,ssp126 (FireMIP) - visit - gfdl-esm4,392.0447692871094
2043-12-31 00:00:00,visit,ssp126,gfdl-esm4,ssp126 (FireMIP) - visit - gfdl-esm4,363.5564880371094
2044-12-31 00:00:00,visit,ssp126,gfdl-esm4,ssp126 (FireMIP) - visit - gfdl-esm4,379.64404296875
2045-12-31 00:00:00,visit,ssp126,gfdl-esm4,ssp126 (FireMIP) - visit - gfdl-esm4,416.3486633300781
2046-12-31 00:00:00,visit,ssp126,gfdl-esm4,ssp126 (FireMIP) - visit - gfdl-esm4,481.85546875
2047-12-31 00:00:00,visit,ssp126,gfdl-esm4,ssp126 (FireMIP) - visit - gfdl-esm4,413.8768005371094
2048-12-31 00:00:00,visit,ssp126,gfdl-esm4,ssp126 (FireMIP) - visit - gfdl-esm4,533.1442260742188
2049-12-31 00:00:00,visit,ssp126,gfdl-esm4,ssp126 (FireMIP) - visit - gfdl-esm4,412.2896423339844
2050-12-31 00:00:00,visit,ssp126,gfdl-esm4,ssp126 (FireMIP) - visit - gfdl-esm4,340.1436462402344
2051-12-31 00:00:00,visit,ssp126,gfdl-esm4,ssp126 (FireMIP) - visit - gfdl-esm4,362.8421325683594
2052-12-31 00:00:00,visit,ssp126,gfdl-esm4,ssp126 (FireMIP) - visit - gfdl-esm4,392.5252685546875
2053-12-31 00:00:00,visit,ssp126,gfdl-esm4,ssp126 (FireMIP) - visit - gfdl-esm4,457.6018981933594
2054-12-31 00:00:00,visit,ssp126,gfdl-esm4,ssp126 (FireMIP) - visit - gfdl-esm4,491.4664306640625
2055-12-31 00:00:00,visit,ssp126,gfdl-esm4,ssp126 (FireMIP) - visit - gfdl-esm4,486.76318359375
2056-12-31 00:00:00,visit,ssp126,gfdl-esm4,ssp126 (FireMIP) - visit - gfdl-esm4,337.8028564453125
2057-12-31 00:00:00,visit,ssp126,gfdl-esm4,ssp126 (FireMIP) - visit - gfdl-esm4,440.1651306152344
2058-12-31 00:00:00,visit,ssp126,gfdl-esm4,ssp126 (FireMIP) - visit - gfdl-esm4,388.21337890625
2059-12-31 00:00:00,visit,ssp126,gfdl-esm4,ssp126 (FireMIP) - visit - gfdl-esm4,403.9293212890625
2060-12-31 00:00:00,visit,ssp126,gfdl-esm4,ssp126 (FireMIP) - visit - gfdl-esm4,442.9661865234375
2061-12-31 00:00:00,visit,ssp126,gfdl-esm4,ssp126 (FireMIP) - visit - gfdl-esm4,483.2025451660156
2062-12-31 00:00:00,visit,ssp126,gfdl-esm4,ssp126 (FireMIP) - visit - gfdl-esm4,426.0262451171875
2063-12-31 00:00:00,visit,ssp126,gfdl-esm4,ssp126 (FireMIP) - visit - gfdl-esm4,398.9960021972656
2064-12-31 00:00:00,visit,ssp126,gfdl-esm4,ssp126 (FireMIP) - visit - gfdl-esm4,418.447998046875
2065-12-31 00:00:00,visit,ssp126,gfdl-esm4,ssp126 (FireMIP) - visit - gfdl-esm4,454.5010070800781
2066-12-31 00:00:00,visit,ssp126,gfdl-esm4,ssp126 (FireMIP) - visit - gfdl-esm4,394.6196594238281
2067-12-31 00:00:00,visit,ssp126,gfdl-esm4,ssp126 (FireMIP) - visit - gfdl-esm4,373.8817138671875
2068-12-31 00:00:00,visit,ssp126,gfdl-esm4,ssp126 (FireMIP) - visit - gfdl-esm4,467.8434753417969
2069-12-31 00:00:00,visit,ssp126,gfdl-esm4,ssp126 (FireMIP) - visit - gfdl-esm4,425.1930236816406
2070-12-31 00:00:00,visit,ssp126,gfdl-esm4,ssp126 (FireMIP) - visit - gfdl-esm4,389.9949951171875
2071-12-31 00:00:00,visit,ssp126,gfdl-esm4,ssp126 (FireMIP) - visit - gfdl-esm4,434.7427062988281
2072-12-31 00:00:00,visit,ssp126,gfdl-esm4,ssp126 (FireMIP) - visit - gfdl-esm4,364.392822265625
2073-12-31 00:00:00,visit,ssp126,gfdl-esm4,ssp126 (FireMIP) - visit - gfdl-esm4,422.9382629394531
2074-12-31 00:00:00,visit,ssp126,gfdl-esm4,ssp126 (FireMIP) - visit - gfdl-esm4,421.6519775390625
2075-12-31 00:00:00,visit,ssp126,gfdl-esm4,ssp126 (FireMIP) - visit - gfdl-esm4,375.3229064941406
2076-12-31 00:00:00,visit,ssp126,gfdl-esm4,ssp126 (FireMIP) - visit - gfdl-esm4,356.2802429199219
2077-12-31 00:00:00,visit,ssp126,gfdl-esm4,ssp126 (FireMIP) - visit - gfdl-esm4,451.9075012207031
2078-12-31 00:00:00,visit,ssp126,gfdl-esm4,ssp126 (FireMIP) - visit - gfdl-esm4,459.1338195800781
2079-12-31 00:00:00,visit,ssp126,gfdl-esm4,ssp126 (FireMIP) - visit - gfdl-esm4,373.7552795410156
2080-12-31 00:00:00,visit,ssp126,gfdl-esm4,ssp126 (FireMIP) - visit - gfdl-esm4,438.76806640625
2081-12-31 00:00:00,visit,ssp126,gfdl-esm4,ssp126 (FireMIP) - visit - gfdl-esm4,419.2298583984375
2082-12-31 00:00:00,visit,ssp126,gfdl-esm4,ssp126 (FireMIP) - visit - gfdl-esm4,438.7587585449219
2083-12-31 00:00:00,visit,ssp126,gfdl-esm4,ssp126 (FireMIP) - visit - gfdl-esm4,408.4219055175781
2084-12-31 00:00:00,visit,ssp126,gfdl-esm4,ssp126 (FireMIP) - visit - gfdl-esm4,428.8317565917969
2085-12-31 00:00:00,visit,ssp126,gfdl-esm4,ssp126 (FireMIP) - visit - gfdl-esm4,370.2270202636719
2086-12-31 00:00:00,visit,ssp126,gfdl-esm4,ssp126 (FireMIP) - visit - gfdl-esm4,483.9914245605469
2087-12-31 00:00:00,visit,ssp126,gfdl-esm4,ssp126 (FireMIP) - visit - gfdl-esm4,488.2909240722656
2088-12-31 00:00:00,visit,ssp126,gfdl-esm4,ssp126 (FireMIP) - visit - gfdl-esm4,466.3956298828125
2089-12-31 00:00:00,visit,ssp126,gfdl-esm4,ssp126 (FireMIP) - visit - gfdl-esm4,431.3500061035156
2090-12-31 00:00:00,visit,ssp126,gfdl-esm4,ssp126 (FireMIP) - visit - gfdl-esm4,448.6427001953125
2091-12-31 00:00:00,visit,ssp126,gfdl-esm4,ssp126 (FireMIP) - visit - gfdl-esm4,411.8197937011719
2092-12-31 00:00:00,visit,ssp126,gfdl-esm4,ssp126 (FireMIP) - visit - gfdl-esm4,437.9393310546875
2093-12-31 00:00:00,visit,ssp126,gfdl-esm4,ssp126 (FireMIP) - visit - gfdl-esm4,455.6232604980469
2094-12-31 00:00:00,visit,ssp126,gfdl-esm4,ssp126 (FireMIP) - visit - gfdl-esm4,368.3790588378906
2095-12-31 00:00:00,visit,ssp126,gfdl-esm4,ssp126 (FireMIP) - visit - gfdl-esm4,392.3848876953125
2096-12-31 00:00:00,visit,ssp126,gfdl-esm4,ssp126 (FireMIP) - visit - gfdl-esm4,410.6547546386719
2097-12-31 00:00:00,visit,ssp126,gfdl-esm4,ssp126 (FireMIP) - visit - gfdl-esm4,410.4731140136719
2098-12-31 00:00:00,visit,ssp126,gfdl-esm4,ssp126 (FireMIP) - visit - gfdl-esm4,358.5239562988281
2099-12-31 00:00:00,visit,ssp126,gfdl-esm4,ssp126 (FireMIP) - visit - gfdl-esm4,389.6346435546875
2100-12-31 00:00:00,visit,ssp126,gfdl-esm4,ssp126 (FireMIP) - visit - gfdl-esm4,454.8711242675781
2015-12-31 00:00:00,visit,ssp126,ipsl-cm6a-lr,ssp126 (FireMIP) - visit - ipsl-cm6a-lr,294.9058837890625
2016-12-31 00:00:00,visit,ssp126,ipsl-cm6a-lr,ssp126 (FireMIP) - visit - ipsl-cm6a-lr,422.0707702636719
2017-12-31 00:00:00,visit,ssp126,ipsl-cm6a-lr,ssp126 (FireMIP) - visit - ipsl-cm6a-lr,484.6268615722656
2018-12-31 00:00:00,visit,ssp126,ipsl-cm6a-lr,ssp126 (FireMIP) - visit - ipsl-cm6a-lr,364.8078918457031
2019-12-31 00:00:00,visit,ssp126,ipsl-cm6a-lr,ssp126 (FireMIP) - visit - ipsl-cm6a-lr,386.0680236816406
2020-12-31 00:00:00,visit,ssp126,ipsl-cm6a-lr,ssp126 (FireMIP) - visit - ipsl-cm6a-lr,411.9427185058594
2021-12-31 00:00:00,visit,ssp126,ipsl-cm6a-lr,ssp126 (FireMIP) - visit - ipsl-cm6a-lr,419.755615234375
2022-12-31 00:00:00,visit,ssp126,ipsl-cm6a-lr,ssp126 (FireMIP) - visit - ipsl-cm6a-lr,309.3155212402344
2023-12-31 00:00:00,visit,ssp126,ipsl-cm6a-lr,ssp126 (FireMIP) - visit - ipsl-cm6a-lr,344.5710144042969
2024-12-31 00:00:00,visit,ssp126,ipsl-cm6a-lr,ssp126 (FireMIP) - visit - ipsl-cm6a-lr,367.504150390625
2025-12-31 00:00:00,visit,ssp126,ipsl-cm6a-lr,ssp126 (FireMIP) - visit - ipsl-cm6a-lr,329.0191650390625
2026-12-31 00:00:00,visit,ssp126,ipsl-cm6a-lr,ssp126 (FireMIP) - visit - ipsl-cm6a-lr,321.303955078125
2027-12-31 00:00:00,visit,ssp126,ipsl-cm6a-lr,ssp126 (FireMIP) - visit - ipsl-cm6a-lr,326.7487487792969
2028-12-31 00:00:00,visit,ssp126,ipsl-cm6a-lr,ssp126 (FireMIP) - visit - ipsl-cm6a-lr,329.9138488769531
2029-12-31 00:00:00,visit,ssp126,ipsl-cm6a-lr,ssp126 (FireMIP) - visit - ipsl-cm6a-lr,325.8181457519531
2030-12-31 00:00:00,visit,ssp126,ipsl-cm6a-lr,ssp126 (FireMIP) - visit - ipsl-cm6a-lr,385.5317077636719
2031-12-31 00:00:00,visit,ssp126,ipsl-cm6a-lr,ssp126 (FireMIP) - visit - ipsl-cm6a-lr,394.5294494628906
2032-12-31 00:00:00,visit,ssp126,ipsl-cm6a-lr,ssp126 (FireMIP) - visit - ipsl-cm6a-lr,578.5382690429688
2033-12-31 00:00:00,visit,ssp126,ipsl-cm6a-lr,ssp126 (FireMIP) - visit - ipsl-cm6a-lr,399.1910705566406
2034-12-31 00:00:00,visit,ssp126,ipsl-cm6a-lr,ssp126 (FireMIP) - visit - ipsl-cm6a-lr,335.8144836425781
2035-12-31 00:00:00,visit,ssp126,ipsl-cm6a-lr,ssp126 (FireMIP) - visit - ipsl-cm6a-lr,370.9908142089844
2036-12-31 00:00:00,visit,ssp126,ipsl-cm6a-lr,ssp126 (FireMIP) - visit - ipsl-cm6a-lr,308.4225769042969
2037-12-31 00:00:00,visit,ssp126,ipsl-cm6a-lr,ssp126 (FireMIP) - visit - ipsl-cm6a-lr,416.2949523925781
2038-12-31 00:00:00,visit,ssp126,ipsl-cm6a-lr,ssp126 (FireMIP) - visit - ipsl-cm6a-lr,403.6060791015625
2039-12-31 00:00:00,visit,ssp126,ipsl-cm6a-lr,ssp126 (FireMIP) - visit - ipsl-cm6a-lr,343.7479248046875
2040-12-31 00:00:00,visit,ssp126,ipsl-cm6a-lr,ssp126 (FireMIP) - visit - ipsl-cm6a-lr,322.4006042480469
2041-12-31 00:00:00,visit,ssp126,ipsl-cm6a-lr,ssp126 (FireMIP) - visit - ipsl-cm6a-lr,369.7190246582031
2042-12-31 00:00:00,visit,ssp126,ipsl-cm6a-lr,ssp126 (FireMIP) - visit - ipsl-cm6a-lr,528.8670043945312
2043-12-31 00:00:00,visit,ssp126,ipsl-cm6a-lr,ssp126 (FireMIP) - visit - ipsl-cm6a-lr,382.1123352050781
2044-12-31 00:00:00,visit,ssp126,ipsl-cm6a-lr,ssp126 (FireMIP) - visit - ipsl-cm6a-lr,448.04443359375
2045-12-31 00:00:00,visit,ssp126,ipsl-cm6a-lr,ssp126 (FireMIP) - visit - ipsl-cm6a-lr,482.2741394042969
2046-12-31 00:00:00,visit,ssp126,ipsl-cm6a-lr,ssp126 (FireMIP) - visit - ipsl-cm6a-lr,409.8070373535156
2047-12-31 00:00:00,visit,ssp126,ipsl-cm6a-lr,ssp126 (FireMIP) - visit - ipsl-cm6a-lr,410.1858825683594
2048-12-31 00:00:00,visit,ssp126,ipsl-cm6a-lr,ssp126 (FireMIP) - visit - ipsl-cm6a-lr,393.34375
2049-12-31 00:00:00,visit,ssp126,ipsl-cm6a-lr,ssp126 (FireMIP) - visit - ipsl-cm6a-lr,423.2126159667969
2050-12-31 00:00:00,visit,ssp126,ipsl-cm6a-lr,ssp126 (FireMIP) - visit - ipsl-cm6a-lr,446.4124450683594
2051-12-31 00:00:00,visit,ssp126,ipsl-cm6a-lr,ssp126 (FireMIP) - visit - ipsl-cm6a-lr,381.3560791015625
2052-12-31 00:00:00,visit,ssp126,ipsl-cm6a-lr,ssp126 (FireMIP) - visit - ipsl-cm6a-lr,417.6666259765625
2053-12-31 00:00:00,visit,ssp126,ipsl-cm6a-lr,ssp126 (FireMIP) - visit - ipsl-cm6a-lr,367.6963806152344
2054-12-31 00:00:00,visit,ssp126,ipsl-cm6a-lr,ssp126 (FireMIP) - visit - ipsl-cm6a-lr,369.2592468261719
2055-12-31 00:00:00,visit,ssp126,ipsl-cm6a-lr,ssp126 (FireMIP) - visit - ipsl-cm6a-lr,365.8879089355469
2056-12-31 00:00:00,visit,ssp126,ipsl-cm6a-lr,ssp126 (FireMIP) - visit - ipsl-cm6a-lr,536.6644897460938
2057-12-31 00:00:00,visit,ssp126,ipsl-cm6a-lr,ssp126 (FireMIP) - visit - ipsl-cm6a-lr,403.5678405761719
2058-12-31 00:00:00,visit,ssp126,ipsl-cm6a-lr,ssp126 (FireMIP) - visit - ipsl-cm6a-lr,379.1277160644531
2059-12-31 00:00:00,visit,ssp126,ipsl-cm6a-lr,ssp126 (FireMIP) - visit - ipsl-cm6a-lr,435.9930419921875
2060-12-31 00:00:00,visit,ssp126,ipsl-cm6a-lr,ssp126 (FireMIP) - visit - ipsl-cm6a-lr,369.9621887207031
2061-12-31 00:00:00,visit,ssp126,ipsl-cm6a-lr,ssp126 (FireMIP) - visit - ipsl-cm6a-lr,347.1246032714844
2062-12-31 00:00:00,visit,ssp126,ipsl-cm6a-lr,ssp126 (FireMIP) - visit - ipsl-cm6a-lr,499.2472229003906
2063-12-31 00:00:00,visit,ssp126,ipsl-cm6a-lr,ssp126 (FireMIP) - visit - ipsl-cm6a-lr,536.8989868164062
2064-12-31 00:00:00,visit,ssp126,ipsl-cm6a-lr,ssp126 (FireMIP) - visit - ipsl-cm6a-lr,429.8871154785156
2065-12-31 00:00:00,visit,ssp126,ipsl-cm6a-lr,ssp126 (FireMIP) - visit - ipsl-cm6a-lr,356.5382995605469
2066-12-31 00:00:00,visit,ssp126,ipsl-cm6a-lr,ssp126 (FireMIP) - visit - ipsl-cm6a-lr,393.7937316894531
2067-12-31 00:00:00,visit,ssp126,ipsl-cm6a-lr,ssp126 (FireMIP) - visit - ipsl-cm6a-lr,372.7704772949219
2068-12-31 00:00:00,visit,ssp126,ipsl-cm6a-lr,ssp126 (FireMIP) - visit - ipsl-cm6a-lr,405.4716796875
2069-12-31 00:00:00,visit,ssp126,ipsl-cm6a-lr,ssp126 (FireMIP) - visit - ipsl-cm6a-lr,441.0780944824219
2070-12-31 00:00:00,visit,ssp126,ipsl-cm6a-lr,ssp126 (FireMIP) - visit - ipsl-cm6a-lr,416.6285705566406
2071-12-31 00:00:00,visit,ssp126,ipsl-cm6a-lr,ssp126 (FireMIP) - visit - ipsl-cm6a-lr,461.104736328125
2072-12-31 00:00:00,visit,ssp126,ipsl-cm6a-lr,ssp126 (FireMIP) - visit - ipsl-cm6a-lr,364.0110778808594
2073-12-31 00:00:00,visit,ssp126,ipsl-cm6a-lr,ssp126 (FireMIP) - visit - ipsl-cm6a-lr,376.924560546875
2074-12-31 00:00:00,visit,ssp126,ipsl-cm6a-lr,ssp126 (FireMIP) - visit - ipsl-cm6a-lr,490.6802673339844
2075-12-31 00:00:00,visit,ssp126,ipsl-cm6a-lr,ssp126 (FireMIP) - visit - ipsl-cm6a-lr,448.1127624511719
2076-12-31 00:00:00,visit,ssp126,ipsl-cm6a-lr,ssp126 (FireMIP) - visit - ipsl-cm6a-lr,509.8846435546875
2077-12-31 00:00:00,visit,ssp126,ipsl-cm6a-lr,ssp126 (FireMIP) - visit - ipsl-cm6a-lr,538.4096069335938
2078-12-31 00:00:00,visit,ssp126,ipsl-cm6a-lr,ssp126 (FireMIP) - visit - ipsl-cm6a-lr,395.43798828125
2079-12-31 00:00:00,visit,ssp126,ipsl-cm6a-lr,ssp126 (FireMIP) - visit - ipsl-cm6a-lr,424.1547546386719
2080-12-31 00:00:00,visit,ssp126,ipsl-cm6a-lr,ssp126 (FireMIP) - visit - ipsl-cm6a-lr,418.5032653808594
2081-12-31 00:00:00,visit,ssp126,ipsl-cm6a-lr,ssp126 (FireMIP) - visit - ipsl-cm6a-lr,442.9233703613281
2082-12-31 00:00:00,visit,ssp126,ipsl-cm6a-lr,ssp126 (FireMIP) - visit - ipsl-cm6a-lr,424.598388671875
2083-12-31 00:00:00,visit,ssp126,ipsl-cm6a-lr,ssp126 (FireMIP) - visit - ipsl-cm6a-lr,437.5089416503906
2084-12-31 00:00:00,visit,ssp126,ipsl-cm6a-lr,ssp126 (FireMIP) - visit - ipsl-cm6a-lr,390.0818786621094
2085-12-31 00:00:00,visit,ssp126,ipsl-cm6a-lr,ssp126 (FireMIP) - visit - ipsl-cm6a-lr,424.3807067871094
2086-12-31 00:00:00,visit,ssp126,ipsl-cm6a-lr,ssp126 (FireMIP) - visit - ipsl-cm6a-lr,394.602783203125
2087-12-31 00:00:00,visit,ssp126,ipsl-cm6a-lr,ssp126 (FireMIP) - visit - ipsl-cm6a-lr,360.561767578125
2088-12-31 00:00:00,visit,ssp126,ipsl-cm6a-lr,ssp126 (FireMIP) - visit - ipsl-cm6a-lr,409.7735290527344
2089-12-31 00:00:00,visit,ssp126,ipsl-cm6a-lr,ssp126 (FireMIP) - visit - ipsl-cm6a-lr,442.53662109375
2090-12-31 00:00:00,visit,ssp126,ipsl-cm6a-lr,ssp126 (FireMIP) - visit - ipsl-cm6a-lr,356.1385192871094
2091-12-31 00:00:00,visit,ssp126,ipsl-cm6a-lr,ssp126 (FireMIP) - visit - ipsl-cm6a-lr,377.5516052246094
2092-12-31 00:00:00,visit,ssp126,ipsl-cm6a-lr,ssp126 (FireMIP) - visit - ipsl-cm6a-lr,381.4479675292969
2093-12-31 00:00:00,visit,ssp126,ipsl-cm6a-lr,ssp126 (FireMIP) - visit - ipsl-cm6a-lr,431.4997863769531
2094-12-31 00:00:00,visit,ssp126,ipsl-cm6a-lr,ssp126 (FireMIP) - visit - ipsl-cm6a-lr,422.4394836425781
2095-12-31 00:00:00,visit,ssp126,ipsl-cm6a-lr,ssp126 (FireMIP) - visit - ipsl-cm6a-lr,437.0745544433594
2096-12-31 00:00:00,visit,ssp126,ipsl-cm6a-lr,ssp126 (FireMIP) - visit - ipsl-cm6a-lr,415.5499572753906
2097-12-31 00:00:00,visit,ssp126,ipsl-cm6a-lr,ssp126 (FireMIP) - visit - ipsl-cm6a-lr,421.611328125
2098-12-31 00:00:00,visit,ssp126,ipsl-cm6a-lr,ssp126 (FireMIP) - visit - ipsl-cm6a-lr,460.76904296875
2099-12-31 00:00:00,visit,ssp126,ipsl-cm6a-lr,ssp126 (FireMIP) - visit - ipsl-cm6a-lr,418.430908203125
2100-12-31 00:00:00,visit,ssp126,ipsl-cm6a-lr,ssp126 (FireMIP) - visit - ipsl-cm6a-lr,447.1345520019531
2015-12-31 00:00:00,visit,ssp370,mpi-esm1-2-hr,ssp370 (FireMIP) - visit - mpi-esm1-2-hr,329.6644592285156
2016-12-31 00:00:00,visit,ssp370,mpi-esm1-2-hr,ssp370 (FireMIP) - visit - mpi-esm1-2-hr,281.5172119140625
2017-12-31 00:00:00,visit,ssp370,mpi-esm1-2-hr,ssp370 (FireMIP) - visit - mpi-esm1-2-hr,358.9874267578125
2018-12-31 00:00:00,visit,ssp370,mpi-esm1-2-hr,ssp370 (FireMIP) - visit - mpi-esm1-2-hr,445.1111145019531
2019-12-31 00:00:00,visit,ssp370,mpi-esm1-2-hr,ssp370 (FireMIP) - visit - mpi-esm1-2-hr,353.2452697753906
2020-12-31 00:00:00,visit,ssp370,mpi-esm1-2-hr,ssp370 (FireMIP) - visit - mpi-esm1-2-hr,333.8457946777344
2021-12-31 00:00:00,visit,ssp370,mpi-esm1-2-hr,ssp370 (FireMIP) - visit - mpi-esm1-2-hr,315.44000244140625
2022-12-31 00:00:00,visit,ssp370,mpi-esm1-2-hr,ssp370 (FireMIP) - visit - mpi-esm1-2-hr,278.15228271484375
2023-12-31 00:00:00,visit,ssp370,mpi-esm1-2-hr,ssp370 (FireMIP) - visit - mpi-esm1-2-hr,464.6592712402344
2024-12-31 00:00:00,visit,ssp370,mpi-esm1-2-hr,ssp370 (FireMIP) - visit - mpi-esm1-2-hr,354.4873352050781
2025-12-31 00:00:00,visit,ssp370,mpi-esm1-2-hr,ssp370 (FireMIP) - visit - mpi-esm1-2-hr,354.5727233886719
2026-12-31 00:00:00,visit,ssp370,mpi-esm1-2-hr,ssp370 (FireMIP) - visit - mpi-esm1-2-hr,462.2789306640625
2027-12-31 00:00:00,visit,ssp370,mpi-esm1-2-hr,ssp370 (FireMIP) - visit - mpi-esm1-2-hr,409.1164245605469
2028-12-31 00:00:00,visit,ssp370,mpi-esm1-2-hr,ssp370 (FireMIP) - visit - mpi-esm1-2-hr,367.8455505371094
2029-12-31 00:00:00,visit,ssp370,mpi-esm1-2-hr,ssp370 (FireMIP) - visit - mpi-esm1-2-hr,384.3734436035156
2030-12-31 00:00:00,visit,ssp370,mpi-esm1-2-hr,ssp370 (FireMIP) - visit - mpi-esm1-2-hr,435.5468444824219
2031-12-31 00:00:00,visit,ssp370,mpi-esm1-2-hr,ssp370 (FireMIP) - visit - mpi-esm1-2-hr,467.9249572753906
2032-12-31 00:00:00,visit,ssp370,mpi-esm1-2-hr,ssp370 (FireMIP) - visit - mpi-esm1-2-hr,381.8864440917969
2033-12-31 00:00:00,visit,ssp370,mpi-esm1-2-hr,ssp370 (FireMIP) - visit - mpi-esm1-2-hr,378.3827209472656
2034-12-31 00:00:00,visit,ssp370,mpi-esm1-2-hr,ssp370 (FireMIP) - visit - mpi-esm1-2-hr,347.0658874511719
2035-12-31 00:00:00,visit,ssp370,mpi-esm1-2-hr,ssp370 (FireMIP) - visit - mpi-esm1-2-hr,378.5391540527344
2036-12-31 00:00:00,visit,ssp370,mpi-esm1-2-hr,ssp370 (FireMIP) - visit - mpi-esm1-2-hr,411.0390625
2037-12-31 00:00:00,visit,ssp370,mpi-esm1-2-hr,ssp370 (FireMIP) - visit - mpi-esm1-2-hr,398.4858703613281
2038-12-31 00:00:00,visit,ssp370,mpi-esm1-2-hr,ssp370 (FireMIP) - visit - mpi-esm1-2-hr,355.517333984375
2039-12-31 00:00:00,visit,ssp370,mpi-esm1-2-hr,ssp370 (FireMIP) - visit - mpi-esm1-2-hr,367.4937744140625
2040-12-31 00:00:00,visit,ssp370,mpi-esm1-2-hr,ssp370 (FireMIP) - visit - mpi-esm1-2-hr,446.8125
2041-12-31 00:00:00,visit,ssp370,mpi-esm1-2-hr,ssp370 (FireMIP) - visit - mpi-esm1-2-hr,400.4957275390625
2042-12-31 00:00:00,visit,ssp370,mpi-esm1-2-hr,ssp370 (FireMIP) - visit - mpi-esm1-2-hr,369.2971496582031
2043-12-31 00:00:00,visit,ssp370,mpi-esm1-2-hr,ssp370 (FireMIP) - visit - mpi-esm1-2-hr,473.5882263183594
2044-12-31 00:00:00,visit,ssp370,mpi-esm1-2-hr,ssp370 (FireMIP) - visit - mpi-esm1-2-hr,590.173828125
2045-12-31 00:00:00,visit,ssp370,mpi-esm1-2-hr,ssp370 (FireMIP) - visit - mpi-esm1-2-hr,333.18115234375
2046-12-31 00:00:00,visit,ssp370,mpi-esm1-2-hr,ssp370 (FireMIP) - visit - mpi-esm1-2-hr,327.90478515625
2047-12-31 00:00:00,visit,ssp370,mpi-esm1-2-hr,ssp370 (FireMIP) - visit - mpi-esm1-2-hr,406.7576599121094
2048-12-31 00:00:00,visit,ssp370,mpi-esm1-2-hr,ssp370 (FireMIP) - visit - mpi-esm1-2-hr,471.5631103515625
2049-12-31 00:00:00,visit,ssp370,mpi-esm1-2-hr,ssp370 (FireMIP) - visit - mpi-esm1-2-hr,470.5704650878906
2050-12-31 00:00:00,visit,ssp370,mpi-esm1-2-hr,ssp370 (FireMIP) - visit - mpi-esm1-2-hr,490.2515563964844
2051-12-31 00:00:00,visit,ssp370,mpi-esm1-2-hr,ssp370 (FireMIP) - visit - mpi-esm1-2-hr,493.1976013183594
2052-12-31 00:00:00,visit,ssp370,mpi-esm1-2-hr,ssp370 (FireMIP) - visit - mpi-esm1-2-hr,433.267578125
2053-12-31 00:00:00,visit,ssp370,mpi-esm1-2-hr,ssp370 (FireMIP) - visit - mpi-esm1-2-hr,382.0651550292969
2054-12-31 00:00:00,visit,ssp370,mpi-esm1-2-hr,ssp370 (FireMIP) - visit - mpi-esm1-2-hr,419.3134765625
2055-12-31 00:00:00,visit,ssp370,mpi-esm1-2-hr,ssp370 (FireMIP) - visit - mpi-esm1-2-hr,388.7638244628906
2056-12-31 00:00:00,visit,ssp370,mpi-esm1-2-hr,ssp370 (FireMIP) - visit - mpi-esm1-2-hr,427.4188232421875
2057-12-31 00:00:00,visit,ssp370,mpi-esm1-2-hr,ssp370 (FireMIP) - visit - mpi-esm1-2-hr,674.9030151367188
2058-12-31 00:00:00,visit,ssp370,mpi-esm1-2-hr,ssp370 (FireMIP) - visit - mpi-esm1-2-hr,542.2573852539062
2059-12-31 00:00:00,visit,ssp370,mpi-esm1-2-hr,ssp370 (FireMIP) - visit - mpi-esm1-2-hr,412.0567932128906
2060-12-31 00:00:00,visit,ssp370,mpi-esm1-2-hr,ssp370 (FireMIP) - visit - mpi-esm1-2-hr,368.02001953125
2061-12-31 00:00:00,visit,ssp370,mpi-esm1-2-hr,ssp370 (FireMIP) - visit - mpi-esm1-2-hr,477.7447814941406
2062-12-31 00:00:00,visit,ssp370,mpi-esm1-2-hr,ssp370 (FireMIP) - visit - mpi-esm1-2-hr,484.4938659667969
2063-12-31 00:00:00,visit,ssp370,mpi-esm1-2-hr,ssp370 (FireMIP) - visit - mpi-esm1-2-hr,631.47021484375
2064-12-31 00:00:00,visit,ssp370,mpi-esm1-2-hr,ssp370 (FireMIP) - visit - mpi-esm1-2-hr,397.04296875
2065-12-31 00:00:00,visit,ssp370,mpi-esm1-2-hr,ssp370 (FireMIP) - visit - mpi-esm1-2-hr,429.0964660644531
2066-12-31 00:00:00,visit,ssp370,mpi-esm1-2-hr,ssp370 (FireMIP) - visit - mpi-esm1-2-hr,463.0862731933594
2067-12-31 00:00:00,visit,ssp370,mpi-esm1-2-hr,ssp370 (FireMIP) - visit - mpi-esm1-2-hr,569.2426147460938
2068-12-31 00:00:00,visit,ssp370,mpi-esm1-2-hr,ssp370 (FireMIP) - visit - mpi-esm1-2-hr,492.9111633300781
2069-12-31 00:00:00,visit,ssp370,mpi-esm1-2-hr,ssp370 (FireMIP) - visit - mpi-esm1-2-hr,519.582275390625
2070-12-31 00:00:00,visit,ssp370,mpi-esm1-2-hr,ssp370 (FireMIP) - visit - mpi-esm1-2-hr,538.3585815429688
2071-12-31 00:00:00,visit,ssp370,mpi-esm1-2-hr,ssp370 (FireMIP) - visit - mpi-esm1-2-hr,429.2260437011719
2072-12-31 00:00:00,visit,ssp370,mpi-esm1-2-hr,ssp370 (FireMIP) - visit - mpi-esm1-2-hr,541.9186401367188
2073-12-31 00:00:00,visit,ssp370,mpi-esm1-2-hr,ssp370 (FireMIP) - visit - mpi-esm1-2-hr,474.06005859375
2074-12-31 00:00:00,visit,ssp370,mpi-esm1-2-hr,ssp370 (FireMIP) - visit - mpi-esm1-2-hr,450.7637939453125
2075-12-31 00:00:00,visit,ssp370,mpi-esm1-2-hr,ssp370 (FireMIP) - visit - mpi-esm1-2-hr,441.604248046875
2076-12-31 00:00:00,visit,ssp370,mpi-esm1-2-hr,ssp370 (FireMIP) - visit - mpi-esm1-2-hr,428.5162658691406
2077-12-31 00:00:00,visit,ssp370,mpi-esm1-2-hr,ssp370 (FireMIP) - visit - mpi-esm1-2-hr,513.8416748046875
2078-12-31 00:00:00,visit,ssp370,mpi-esm1-2-hr,ssp370 (FireMIP) - visit - mpi-esm1-2-hr,551.2488403320312
2079-12-31 00:00:00,visit,ssp370,mpi-esm1-2-hr,ssp370 (FireMIP) - visit - mpi-esm1-2-hr,517.7050170898438
2080-12-31 00:00:00,visit,ssp370,mpi-esm1-2-hr,ssp370 (FireMIP) - visit - mpi-esm1-2-hr,555.8930053710938
2081-12-31 00:00:00,visit,ssp370,mpi-esm1-2-hr,ssp370 (FireMIP) - visit - mpi-esm1-2-hr,556.833740234375
2082-12-31 00:00:00,visit,ssp370,mpi-esm1-2-hr,ssp370 (FireMIP) - visit - mpi-esm1-2-hr,504.430908203125
2083-12-31 00:00:00,visit,ssp370,mpi-esm1-2-hr,ssp370 (FireMIP) - visit - mpi-esm1-2-hr,518.9130859375
2084-12-31 00:00:00,visit,ssp370,mpi-esm1-2-hr,ssp370 (FireMIP) - visit - mpi-esm1-2-hr,516.1724243164062
2085-12-31 00:00:00,visit,ssp370,mpi-esm1-2-hr,ssp370 (FireMIP) - visit - mpi-esm1-2-hr,514.2637329101562
2086-12-31 00:00:00,visit,ssp370,mpi-esm1-2-hr,ssp370 (FireMIP) - visit - mpi-esm1-2-hr,459.4386901855469
2087-12-31 00:00:00,visit,ssp370,mpi-esm1-2-hr,ssp370 (FireMIP) - visit - mpi-esm1-2-hr,494.9789733886719
2088-12-31 00:00:00,visit,ssp370,mpi-esm1-2-hr,ssp370 (FireMIP) - visit - mpi-esm1-2-hr,406.6485900878906
2089-12-31 00:00:00,visit,ssp370,mpi-esm1-2-hr,ssp370 (FireMIP) - visit - mpi-esm1-2-hr,586.4417114257812
2090-12-31 00:00:00,visit,ssp370,mpi-esm1-2-hr,ssp370 (FireMIP) - visit - mpi-esm1-2-hr,562.4022827148438
2091-12-31 00:00:00,visit,ssp370,mpi-esm1-2-hr,ssp370 (FireMIP) - visit - mpi-esm1-2-hr,567.6229858398438
2092-12-31 00:00:00,visit,ssp370,mpi-esm1-2-hr,ssp370 (FireMIP) - visit - mpi-esm1-2-hr,471.9381103515625
2093-12-31 00:00:00,visit,ssp370,mpi-esm1-2-hr,ssp370 (FireMIP) - visit - mpi-esm1-2-hr,574.1616821289062
2094-12-31 00:00:00,visit,ssp370,mpi-esm1-2-hr,ssp370 (FireMIP) - visit - mpi-esm1-2-hr,566.6900024414062
2095-12-31 00:00:00,visit,ssp370,mpi-esm1-2-hr,ssp370 (FireMIP) - visit - mpi-esm1-2-hr,696.540771484375
2096-12-31 00:00:00,visit,ssp370,mpi-esm1-2-hr,ssp370 (FireMIP) - visit - mpi-esm1-2-hr,525.4169921875
2097-12-31 00:00:00,visit,ssp370,mpi-esm1-2-hr,ssp370 (FireMIP) - visit - mpi-esm1-2-hr,518.3313598632812
2098-12-31 00:00:00,visit,ssp370,mpi-esm1-2-hr,ssp370 (FireMIP) - visit - mpi-esm1-2-hr,481.048095703125
2099-12-31 00:00:00,visit,ssp370,mpi-esm1-2-hr,ssp370 (FireMIP) - visit - mpi-esm1-2-hr,519.9851684570312
2100-12-31 00:00:00,visit,ssp370,mpi-esm1-2-hr,ssp370 (FireMIP) - visit - mpi-esm1-2-hr,561.2567749023438
2015-12-31 00:00:00,visit,ssp370,mri-esm2-0,ssp370 (FireMIP) - visit - mri-esm2-0,349.3524169921875
2016-12-31 00:00:00,visit,ssp370,mri-esm2-0,ssp370 (FireMIP) - visit - mri-esm2-0,311.0416259765625
2017-12-31 00:00:00,visit,ssp370,mri-esm2-0,ssp370 (FireMIP) - visit - mri-esm2-0,405.4653015136719
2018-12-31 00:00:00,visit,ssp370,mri-esm2-0,ssp370 (FireMIP) - visit - mri-esm2-0,360.3702087402344
2019-12-31 00:00:00,visit,ssp370,mri-esm2-0,ssp370 (FireMIP) - visit - mri-esm2-0,371.9234619140625
2020-12-31 00:00:00,visit,ssp370,mri-esm2-0,ssp370 (FireMIP) - visit - mri-esm2-0,283.6048278808594
2021-12-31 00:00:00,visit,ssp370,mri-esm2-0,ssp370 (FireMIP) - visit - mri-esm2-0,378.6723937988281
2022-12-31 00:00:00,visit,ssp370,mri-esm2-0,ssp370 (FireMIP) - visit - mri-esm2-0,384.1140441894531
2023-12-31 00:00:00,visit,ssp370,mri-esm2-0,ssp370 (FireMIP) - visit - mri-esm2-0,386.5762634277344
2024-12-31 00:00:00,visit,ssp370,mri-esm2-0,ssp370 (FireMIP) - visit - mri-esm2-0,317.2580261230469
2025-12-31 00:00:00,visit,ssp370,mri-esm2-0,ssp370 (FireMIP) - visit - mri-esm2-0,450.0848083496094
2026-12-31 00:00:00,visit,ssp370,mri-esm2-0,ssp370 (FireMIP) - visit - mri-esm2-0,387.6900939941406
2027-12-31 00:00:00,visit,ssp370,mri-esm2-0,ssp370 (FireMIP) - visit - mri-esm2-0,350.8572082519531
2028-12-31 00:00:00,visit,ssp370,mri-esm2-0,ssp370 (FireMIP) - visit - mri-esm2-0,365.5484313964844
2029-12-31 00:00:00,visit,ssp370,mri-esm2-0,ssp370 (FireMIP) - visit - mri-esm2-0,350.3768310546875
2030-12-31 00:00:00,visit,ssp370,mri-esm2-0,ssp370 (FireMIP) - visit - mri-esm2-0,421.62060546875
2031-12-31 00:00:00,visit,ssp370,mri-esm2-0,ssp370 (FireMIP) - visit - mri-esm2-0,447.1719055175781
2032-12-31 00:00:00,visit,ssp370,mri-esm2-0,ssp370 (FireMIP) - visit - mri-esm2-0,337.7110900878906
2033-12-31 00:00:00,visit,ssp370,mri-esm2-0,ssp370 (FireMIP) - visit - mri-esm2-0,381.8721008300781
2034-12-31 00:00:00,visit,ssp370,mri-esm2-0,ssp370 (FireMIP) - visit - mri-esm2-0,475.2466735839844
2035-12-31 00:00:00,visit,ssp370,mri-esm2-0,ssp370 (FireMIP) - visit - mri-esm2-0,382.3026428222656
2036-12-31 00:00:00,visit,ssp370,mri-esm2-0,ssp370 (FireMIP) - visit - mri-esm2-0,390.4564208984375
2037-12-31 00:00:00,visit,ssp370,mri-esm2-0,ssp370 (FireMIP) - visit - mri-esm2-0,425.1158447265625
2038-12-31 00:00:00,visit,ssp370,mri-esm2-0,ssp370 (FireMIP) - visit - mri-esm2-0,357.2028503417969
2039-12-31 00:00:00,visit,ssp370,mri-esm2-0,ssp370 (FireMIP) - visit - mri-esm2-0,390.5499267578125
2040-12-31 00:00:00,visit,ssp370,mri-esm2-0,ssp370 (FireMIP) - visit - mri-esm2-0,372.0548400878906
2041-12-31 00:00:00,visit,ssp370,mri-esm2-0,ssp370 (FireMIP) - visit - mri-esm2-0,332.3297424316406
2042-12-31 00:00:00,visit,ssp370,mri-esm2-0,ssp370 (FireMIP) - visit - mri-esm2-0,382.275634765625
2043-12-31 00:00:00,visit,ssp370,mri-esm2-0,ssp370 (FireMIP) - visit - mri-esm2-0,400.9285583496094
2044-12-31 00:00:00,visit,ssp370,mri-esm2-0,ssp370 (FireMIP) - visit - mri-esm2-0,360.3298034667969
2045-12-31 00:00:00,visit,ssp370,mri-esm2-0,ssp370 (FireMIP) - visit - mri-esm2-0,397.3841247558594
2046-12-31 00:00:00,visit,ssp370,mri-esm2-0,ssp370 (FireMIP) - visit - mri-esm2-0,407.6339111328125
2047-12-31 00:00:00,visit,ssp370,mri-esm2-0,ssp370 (FireMIP) - visit - mri-esm2-0,477.5065612792969
2048-12-31 00:00:00,visit,ssp370,mri-esm2-0,ssp370 (FireMIP) - visit - mri-esm2-0,386.7239685058594
2049-12-31 00:00:00,visit,ssp370,mri-esm2-0,ssp370 (FireMIP) - visit - mri-esm2-0,339.0256652832031
2050-12-31 00:00:00,visit,ssp370,mri-esm2-0,ssp370 (FireMIP) - visit - mri-esm2-0,383.4814758300781
2051-12-31 00:00:00,visit,ssp370,mri-esm2-0,ssp370 (FireMIP) - visit - mri-esm2-0,423.5835876464844
2052-12-31 00:00:00,visit,ssp370,mri-esm2-0,ssp370 (FireMIP) - visit - mri-esm2-0,516.0890502929688
2053-12-31 00:00:00,visit,ssp370,mri-esm2-0,ssp370 (FireMIP) - visit - mri-esm2-0,547.8311767578125
2054-12-31 00:00:00,visit,ssp370,mri-esm2-0,ssp370 (FireMIP) - visit - mri-esm2-0,414.74365234375
2055-12-31 00:00:00,visit,ssp370,mri-esm2-0,ssp370 (FireMIP) - visit - mri-esm2-0,427.6793212890625
2056-12-31 00:00:00,visit,ssp370,mri-esm2-0,ssp370 (FireMIP) - visit - mri-esm2-0,449.3060607910156
2057-12-31 00:00:00,visit,ssp370,mri-esm2-0,ssp370 (FireMIP) - visit - mri-esm2-0,389.0107116699219
2058-12-31 00:00:00,visit,ssp370,mri-esm2-0,ssp370 (FireMIP) - visit - mri-esm2-0,385.469970703125
2059-12-31 00:00:00,visit,ssp370,mri-esm2-0,ssp370 (FireMIP) - visit - mri-esm2-0,494.8341979980469
2060-12-31 00:00:00,visit,ssp370,mri-esm2-0,ssp370 (FireMIP) - visit - mri-esm2-0,441.6921081542969
2061-12-31 00:00:00,visit,ssp370,mri-esm2-0,ssp370 (FireMIP) - visit - mri-esm2-0,436.1402893066406
2062-12-31 00:00:00,visit,ssp370,mri-esm2-0,ssp370 (FireMIP) - visit - mri-esm2-0,378.5314025878906
2063-12-31 00:00:00,visit,ssp370,mri-esm2-0,ssp370 (FireMIP) - visit - mri-esm2-0,405.5128479003906
2064-12-31 00:00:00,visit,ssp370,mri-esm2-0,ssp370 (FireMIP) - visit - mri-esm2-0,433.782958984375
2065-12-31 00:00:00,visit,ssp370,mri-esm2-0,ssp370 (FireMIP) - visit - mri-esm2-0,503.1327819824219
2066-12-31 00:00:00,visit,ssp370,mri-esm2-0,ssp370 (FireMIP) - visit - mri-esm2-0,547.027587890625
2067-12-31 00:00:00,visit,ssp370,mri-esm2-0,ssp370 (FireMIP) - visit - mri-esm2-0,397.8926086425781
2068-12-31 00:00:00,visit,ssp370,mri-esm2-0,ssp370 (FireMIP) - visit - mri-esm2-0,387.6096496582031
2069-12-31 00:00:00,visit,ssp370,mri-esm2-0,ssp370 (FireMIP) - visit - mri-esm2-0,547.6632080078125
2070-12-31 00:00:00,visit,ssp370,mri-esm2-0,ssp370 (FireMIP) - visit - mri-esm2-0,431.6340637207031
2071-12-31 00:00:00,visit,ssp370,mri-esm2-0,ssp370 (FireMIP) - visit - mri-esm2-0,387.8358154296875
2072-12-31 00:00:00,visit,ssp370,mri-esm2-0,ssp370 (FireMIP) - visit - mri-esm2-0,379.2442626953125
2073-12-31 00:00:00,visit,ssp370,mri-esm2-0,ssp370 (FireMIP) - visit - mri-esm2-0,445.2302551269531
2074-12-31 00:00:00,visit,ssp370,mri-esm2-0,ssp370 (FireMIP) - visit - mri-esm2-0,580.5430908203125
2075-12-31 00:00:00,visit,ssp370,mri-esm2-0,ssp370 (FireMIP) - visit - mri-esm2-0,443.7950439453125
2076-12-31 00:00:00,visit,ssp370,mri-esm2-0,ssp370 (FireMIP) - visit - mri-esm2-0,530.2215576171875
2077-12-31 00:00:00,visit,ssp370,mri-esm2-0,ssp370 (FireMIP) - visit - mri-esm2-0,517.62353515625
2078-12-31 00:00:00,visit,ssp370,mri-esm2-0,ssp370 (FireMIP) - visit - mri-esm2-0,505.6332092285156
2079-12-31 00:00:00,visit,ssp370,mri-esm2-0,ssp370 (FireMIP) - visit - mri-esm2-0,503.3622741699219
2080-12-31 00:00:00,visit,ssp370,mri-esm2-0,ssp370 (FireMIP) - visit - mri-esm2-0,441.1033020019531
2081-12-31 00:00:00,visit,ssp370,mri-esm2-0,ssp370 (FireMIP) - visit - mri-esm2-0,459.6062927246094
2082-12-31 00:00:00,visit,ssp370,mri-esm2-0,ssp370 (FireMIP) - visit - mri-esm2-0,421.7027893066406
2083-12-31 00:00:00,visit,ssp370,mri-esm2-0,ssp370 (FireMIP) - visit - mri-esm2-0,550.3898315429688
2084-12-31 00:00:00,visit,ssp370,mri-esm2-0,ssp370 (FireMIP) - visit - mri-esm2-0,656.8973388671875
2085-12-31 00:00:00,visit,ssp370,mri-esm2-0,ssp370 (FireMIP) - visit - mri-esm2-0,566.1708984375
2086-12-31 00:00:00,visit,ssp370,mri-esm2-0,ssp370 (FireMIP) - visit - mri-esm2-0,535.6100463867188
2087-12-31 00:00:00,visit,ssp370,mri-esm2-0,ssp370 (FireMIP) - visit - mri-esm2-0,495.7574768066406
2088-12-31 00:00:00,visit,ssp370,mri-esm2-0,ssp370 (FireMIP) - visit - mri-esm2-0,570.5106201171875
2089-12-31 00:00:00,visit,ssp370,mri-esm2-0,ssp370 (FireMIP) - visit - mri-esm2-0,534.1880493164062
2090-12-31 00:00:00,visit,ssp370,mri-esm2-0,ssp370 (FireMIP) - visit - mri-esm2-0,536.5441284179688
2091-12-31 00:00:00,visit,ssp370,mri-esm2-0,ssp370 (FireMIP) - visit - mri-esm2-0,524.857666015625
2092-12-31 00:00:00,visit,ssp370,mri-esm2-0,ssp370 (FireMIP) - visit - mri-esm2-0,566.6205444335938
2093-12-31 00:00:00,visit,ssp370,mri-esm2-0,ssp370 (FireMIP) - visit - mri-esm2-0,540.9755249023438
2094-12-31 00:00:00,visit,ssp370,mri-esm2-0,ssp370 (FireMIP) - visit - mri-esm2-0,586.3440551757812
2095-12-31 00:00:00,visit,ssp370,mri-esm2-0,ssp370 (FireMIP) - visit - mri-esm2-0,388.732177734375
2096-12-31 00:00:00,visit,ssp370,mri-esm2-0,ssp370 (FireMIP) - visit - mri-esm2-0,536.7210083007812
2097-12-31 00:00:00,visit,ssp370,mri-esm2-0,ssp370 (FireMIP) - visit - mri-esm2-0,454.8824768066406
2098-12-31 00:00:00,visit,ssp370,mri-esm2-0,ssp370 (FireMIP) - visit - mri-esm2-0,535.3250122070312
2099-12-31 00:00:00,visit,ssp370,mri-esm2-0,ssp370 (FireMIP) - visit - mri-esm2-0,425.7453308105469
2100-12-31 00:00:00,visit,ssp370,mri-esm2-0,ssp370 (FireMIP) - visit - mri-esm2-0,477.2579040527344
2015-12-31 00:00:00,visit,ssp370,ukesm1-0-ll,ssp370 (FireMIP) - visit - ukesm1-0-ll,309.0632019042969
2016-12-31 00:00:00,visit,ssp370,ukesm1-0-ll,ssp370 (FireMIP) - visit - ukesm1-0-ll,408.6624755859375
2017-12-31 00:00:00,visit,ssp370,ukesm1-0-ll,ssp370 (FireMIP) - visit - ukesm1-0-ll,331.226318359375
2018-12-31 00:00:00,visit,ssp370,ukesm1-0-ll,ssp370 (FireMIP) - visit - ukesm1-0-ll,374.3968200683594
2019-12-31 00:00:00,visit,ssp370,ukesm1-0-ll,ssp370 (FireMIP) - visit - ukesm1-0-ll,367.7959289550781
2020-12-31 00:00:00,visit,ssp370,ukesm1-0-ll,ssp370 (FireMIP) - visit - ukesm1-0-ll,333.1925964355469
2021-12-31 00:00:00,visit,ssp370,ukesm1-0-ll,ssp370 (FireMIP) - visit - ukesm1-0-ll,333.9394836425781
2022-12-31 00:00:00,visit,ssp370,ukesm1-0-ll,ssp370 (FireMIP) - visit - ukesm1-0-ll,367.2471618652344
2023-12-31 00:00:00,visit,ssp370,ukesm1-0-ll,ssp370 (FireMIP) - visit - ukesm1-0-ll,325.61199951171875
2024-12-31 00:00:00,visit,ssp370,ukesm1-0-ll,ssp370 (FireMIP) - visit - ukesm1-0-ll,407.4218444824219
2025-12-31 00:00:00,visit,ssp370,ukesm1-0-ll,ssp370 (FireMIP) - visit - ukesm1-0-ll,403.6732177734375
2026-12-31 00:00:00,visit,ssp370,ukesm1-0-ll,ssp370 (FireMIP) - visit - ukesm1-0-ll,411.363037109375
2027-12-31 00:00:00,visit,ssp370,ukesm1-0-ll,ssp370 (FireMIP) - visit - ukesm1-0-ll,419.1297302246094
2028-12-31 00:00:00,visit,ssp370,ukesm1-0-ll,ssp370 (FireMIP) - visit - ukesm1-0-ll,420.6773986816406
2029-12-31 00:00:00,visit,ssp370,ukesm1-0-ll,ssp370 (FireMIP) - visit - ukesm1-0-ll,365.2325134277344
2030-12-31 00:00:00,visit,ssp370,ukesm1-0-ll,ssp370 (FireMIP) - visit - ukesm1-0-ll,363.9565124511719
2031-12-31 00:00:00,visit,ssp370,ukesm1-0-ll,ssp370 (FireMIP) - visit - ukesm1-0-ll,436.3485412597656
2032-12-31 00:00:00,visit,ssp370,ukesm1-0-ll,ssp370 (FireMIP) - visit - ukesm1-0-ll,402.3528137207031
2033-12-31 00:00:00,visit,ssp370,ukesm1-0-ll,ssp370 (FireMIP) - visit - ukesm1-0-ll,299.8596496582031
2034-12-31 00:00:00,visit,ssp370,ukesm1-0-ll,ssp370 (FireMIP) - visit - ukesm1-0-ll,460.9908447265625
2035-12-31 00:00:00,visit,ssp370,ukesm1-0-ll,ssp370 (FireMIP) - visit - ukesm1-0-ll,445.6396789550781
2036-12-31 00:00:00,visit,ssp370,ukesm1-0-ll,ssp370 (FireMIP) - visit - ukesm1-0-ll,464.1783142089844
2037-12-31 00:00:00,visit,ssp370,ukesm1-0-ll,ssp370 (FireMIP) - visit - ukesm1-0-ll,431.6922607421875
2038-12-31 00:00:00,visit,ssp370,ukesm1-0-ll,ssp370 (FireMIP) - visit - ukesm1-0-ll,433.1537170410156
2039-12-31 00:00:00,visit,ssp370,ukesm1-0-ll,ssp370 (FireMIP) - visit - ukesm1-0-ll,440.5616760253906
2040-12-31 00:00:00,visit,ssp370,ukesm1-0-ll,ssp370 (FireMIP) - visit - ukesm1-0-ll,461.6974792480469
2041-12-31 00:00:00,visit,ssp370,ukesm1-0-ll,ssp370 (FireMIP) - visit - ukesm1-0-ll,441.5376281738281
2042-12-31 00:00:00,visit,ssp370,ukesm1-0-ll,ssp370 (FireMIP) - visit - ukesm1-0-ll,410.443359375
2043-12-31 00:00:00,visit,ssp370,ukesm1-0-ll,ssp370 (FireMIP) - visit - ukesm1-0-ll,448.7576599121094
2044-12-31 00:00:00,visit,ssp370,ukesm1-0-ll,ssp370 (FireMIP) - visit - ukesm1-0-ll,359.8187561035156
2045-12-31 00:00:00,visit,ssp370,ukesm1-0-ll,ssp370 (FireMIP) - visit - ukesm1-0-ll,421.5425720214844
2046-12-31 00:00:00,visit,ssp370,ukesm1-0-ll,ssp370 (FireMIP) - visit - ukesm1-0-ll,495.1615905761719
2047-12-31 00:00:00,visit,ssp370,ukesm1-0-ll,ssp370 (FireMIP) - visit - ukesm1-0-ll,433.5340881347656
2048-12-31 00:00:00,visit,ssp370,ukesm1-0-ll,ssp370 (FireMIP) - visit - ukesm1-0-ll,467.3153076171875
2049-12-31 00:00:00,visit,ssp370,ukesm1-0-ll,ssp370 (FireMIP) - visit - ukesm1-0-ll,437.6742248535156
2050-12-31 00:00:00,visit,ssp370,ukesm1-0-ll,ssp370 (FireMIP) - visit - ukesm1-0-ll,449.0650329589844
2051-12-31 00:00:00,visit,ssp370,ukesm1-0-ll,ssp370 (FireMIP) - visit - ukesm1-0-ll,430.0522766113281
2052-12-31 00:00:00,visit,ssp370,ukesm1-0-ll,ssp370 (FireMIP) - visit - ukesm1-0-ll,396.36279296875
2053-12-31 00:00:00,visit,ssp370,ukesm1-0-ll,ssp370 (FireMIP) - visit - ukesm1-0-ll,365.6135559082031
2054-12-31 00:00:00,visit,ssp370,ukesm1-0-ll,ssp370 (FireMIP) - visit - ukesm1-0-ll,460.7738037109375
2055-12-31 00:00:00,visit,ssp370,ukesm1-0-ll,ssp370 (FireMIP) - visit - ukesm1-0-ll,518.3463745117188
2056-12-31 00:00:00,visit,ssp370,ukesm1-0-ll,ssp370 (FireMIP) - visit - ukesm1-0-ll,508.5885314941406
2057-12-31 00:00:00,visit,ssp370,ukesm1-0-ll,ssp370 (FireMIP) - visit - ukesm1-0-ll,554.61865234375
2058-12-31 00:00:00,visit,ssp370,ukesm1-0-ll,ssp370 (FireMIP) - visit - ukesm1-0-ll,533.3578491210938
2059-12-31 00:00:00,visit,ssp370,ukesm1-0-ll,ssp370 (FireMIP) - visit - ukesm1-0-ll,423.440673828125
2060-12-31 00:00:00,visit,ssp370,ukesm1-0-ll,ssp370 (FireMIP) - visit - ukesm1-0-ll,423.8920593261719
2061-12-31 00:00:00,visit,ssp370,ukesm1-0-ll,ssp370 (FireMIP) - visit - ukesm1-0-ll,432.3622741699219
2062-12-31 00:00:00,visit,ssp370,ukesm1-0-ll,ssp370 (FireMIP) - visit - ukesm1-0-ll,431.5600280761719
2063-12-31 00:00:00,visit,ssp370,ukesm1-0-ll,ssp370 (FireMIP) - visit - ukesm1-0-ll,515.9451293945312
2064-12-31 00:00:00,visit,ssp370,ukesm1-0-ll,ssp370 (FireMIP) - visit - ukesm1-0-ll,531.3174438476562
2065-12-31 00:00:00,visit,ssp370,ukesm1-0-ll,ssp370 (FireMIP) - visit - ukesm1-0-ll,504.9950866699219
2066-12-31 00:00:00,visit,ssp370,ukesm1-0-ll,ssp370 (FireMIP) - visit - ukesm1-0-ll,471.4350891113281
2067-12-31 00:00:00,visit,ssp370,ukesm1-0-ll,ssp370 (FireMIP) - visit - ukesm1-0-ll,490.7897033691406
2068-12-31 00:00:00,visit,ssp370,ukesm1-0-ll,ssp370 (FireMIP) - visit - ukesm1-0-ll,586.027099609375
2069-12-31 00:00:00,visit,ssp370,ukesm1-0-ll,ssp370 (FireMIP) - visit - ukesm1-0-ll,508.0990295410156
2070-12-31 00:00:00,visit,ssp370,ukesm1-0-ll,ssp370 (FireMIP) - visit - ukesm1-0-ll,548.1497192382812
2071-12-31 00:00:00,visit,ssp370,ukesm1-0-ll,ssp370 (FireMIP) - visit - ukesm1-0-ll,479.5945739746094
2072-12-31 00:00:00,visit,ssp370,ukesm1-0-ll,ssp370 (FireMIP) - visit - ukesm1-0-ll,528.775634765625
2073-12-31 00:00:00,visit,ssp370,ukesm1-0-ll,ssp370 (FireMIP) - visit - ukesm1-0-ll,411.7983703613281
2074-12-31 00:00:00,visit,ssp370,ukesm1-0-ll,ssp370 (FireMIP) - visit - ukesm1-0-ll,486.8379821777344
2075-12-31 00:00:00,visit,ssp370,ukesm1-0-ll,ssp370 (FireMIP) - visit - ukesm1-0-ll,463.1147766113281
2076-12-31 00:00:00,visit,ssp370,ukesm1-0-ll,ssp370 (FireMIP) - visit - ukesm1-0-ll,536.6804809570312
2077-12-31 00:00:00,visit,ssp370,ukesm1-0-ll,ssp370 (FireMIP) - visit - ukesm1-0-ll,577.939208984375
2078-12-31 00:00:00,visit,ssp370,ukesm1-0-ll,ssp370 (FireMIP) - visit - ukesm1-0-ll,570.27001953125
2079-12-31 00:00:00,visit,ssp370,ukesm1-0-ll,ssp370 (FireMIP) - visit - ukesm1-0-ll,606.1632080078125
2080-12-31 00:00:00,visit,ssp370,ukesm1-0-ll,ssp370 (FireMIP) - visit - ukesm1-0-ll,476.6461486816406
2081-12-31 00:00:00,visit,ssp370,ukesm1-0-ll,ssp370 (FireMIP) - visit - ukesm1-0-ll,557.338134765625
2082-12-31 00:00:00,visit,ssp370,ukesm1-0-ll,ssp370 (FireMIP) - visit - ukesm1-0-ll,462.9861755371094
2083-12-31 00:00:00,visit,ssp370,ukesm1-0-ll,ssp370 (FireMIP) - visit - ukesm1-0-ll,570.372314453125
2084-12-31 00:00:00,visit,ssp370,ukesm1-0-ll,ssp370 (FireMIP) - visit - ukesm1-0-ll,591.4644165039062
2085-12-31 00:00:00,visit,ssp370,ukesm1-0-ll,ssp370 (FireMIP) - visit - ukesm1-0-ll,574.7066040039062
2086-12-31 00:00:00,visit,ssp370,ukesm1-0-ll,ssp370 (FireMIP) - visit - ukesm1-0-ll,512.3391723632812
2087-12-31 00:00:00,visit,ssp370,ukesm1-0-ll,ssp370 (FireMIP) - visit - ukesm1-0-ll,707.7290649414062
2088-12-31 00:00:00,visit,ssp370,ukesm1-0-ll,ssp370 (FireMIP) - visit - ukesm1-0-ll,524.6641235351562
2089-12-31 00:00:00,visit,ssp370,ukesm1-0-ll,ssp370 (FireMIP) - visit - ukesm1-0-ll,542.5233154296875
2090-12-31 00:00:00,visit,ssp370,ukesm1-0-ll,ssp370 (FireMIP) - visit - ukesm1-0-ll,547.6304321289062
2091-12-31 00:00:00,visit,ssp370,ukesm1-0-ll,ssp370 (FireMIP) - visit - ukesm1-0-ll,507.5832824707031
2092-12-31 00:00:00,visit,ssp370,ukesm1-0-ll,ssp370 (FireMIP) - visit - ukesm1-0-ll,559.8113403320312
2093-12-31 00:00:00,visit,ssp370,ukesm1-0-ll,ssp370 (FireMIP) - visit - ukesm1-0-ll,584.2941284179688
2094-12-31 00:00:00,visit,ssp370,ukesm1-0-ll,ssp370 (FireMIP) - visit - ukesm1-0-ll,508.6427307128906
2095-12-31 00:00:00,visit,ssp370,ukesm1-0-ll,ssp370 (FireMIP) - visit - ukesm1-0-ll,503.0129089355469
2096-12-31 00:00:00,visit,ssp370,ukesm1-0-ll,ssp370 (FireMIP) - visit - ukesm1-0-ll,514.5481567382812
2097-12-31 00:00:00,visit,ssp370,ukesm1-0-ll,ssp370 (FireMIP) - visit - ukesm1-0-ll,618.8497924804688
2098-12-31 00:00:00,visit,ssp370,ukesm1-0-ll,ssp370 (FireMIP) - visit - ukesm1-0-ll,541.6096801757812
2099-12-31 00:00:00,visit,ssp370,ukesm1-0-ll,ssp370 (FireMIP) - visit - ukesm1-0-ll,532.3910522460938
2100-12-31 00:00:00,visit,ssp370,ukesm1-0-ll,ssp370 (FireMIP) - visit - ukesm1-0-ll,538.5233764648438
2015-12-31 00:00:00,visit,ssp370,gfdl-esm4,ssp370 (FireMIP) - visit - gfdl-esm4,335.1878967285156
2016-12-31 00:00:00,visit,ssp370,gfdl-esm4,ssp370 (FireMIP) - visit - gfdl-esm4,403.6036682128906
2017-12-31 00:00:00,visit,ssp370,gfdl-esm4,ssp370 (FireMIP) - visit - gfdl-esm4,510.8697204589844
2018-12-31 00:00:00,visit,ssp370,gfdl-esm4,ssp370 (FireMIP) - visit - gfdl-esm4,466.3196105957031
2019-12-31 00:00:00,visit,ssp370,gfdl-esm4,ssp370 (FireMIP) - visit - gfdl-esm4,317.7085876464844
2020-12-31 00:00:00,visit,ssp370,gfdl-esm4,ssp370 (FireMIP) - visit - gfdl-esm4,353.8919982910156
2021-12-31 00:00:00,visit,ssp370,gfdl-esm4,ssp370 (FireMIP) - visit - gfdl-esm4,401.7845764160156
2022-12-31 00:00:00,visit,ssp370,gfdl-esm4,ssp370 (FireMIP) - visit - gfdl-esm4,387.802001953125
2023-12-31 00:00:00,visit,ssp370,gfdl-esm4,ssp370 (FireMIP) - visit - gfdl-esm4,296.9714660644531
2024-12-31 00:00:00,visit,ssp370,gfdl-esm4,ssp370 (FireMIP) - visit - gfdl-esm4,308.88043212890625
2025-12-31 00:00:00,visit,ssp370,gfdl-esm4,ssp370 (FireMIP) - visit - gfdl-esm4,458.2247009277344
2026-12-31 00:00:00,visit,ssp370,gfdl-esm4,ssp370 (FireMIP) - visit - gfdl-esm4,318.0210876464844
2027-12-31 00:00:00,visit,ssp370,gfdl-esm4,ssp370 (FireMIP) - visit - gfdl-esm4,356.4082946777344
2028-12-31 00:00:00,visit,ssp370,gfdl-esm4,ssp370 (FireMIP) - visit - gfdl-esm4,388.8677673339844
2029-12-31 00:00:00,visit,ssp370,gfdl-esm4,ssp370 (FireMIP) - visit - gfdl-esm4,487.148681640625
2030-12-31 00:00:00,visit,ssp370,gfdl-esm4,ssp370 (FireMIP) - visit - gfdl-esm4,470.025146484375
2031-12-31 00:00:00,visit,ssp370,gfdl-esm4,ssp370 (FireMIP) - visit - gfdl-esm4,363.5415344238281
2032-12-31 00:00:00,visit,ssp370,gfdl-esm4,ssp370 (FireMIP) - visit - gfdl-esm4,489.1293029785156
2033-12-31 00:00:00,visit,ssp370,gfdl-esm4,ssp370 (FireMIP) - visit - gfdl-esm4,458.9112854003906
2034-12-31 00:00:00,visit,ssp370,gfdl-esm4,ssp370 (FireMIP) - visit - gfdl-esm4,428.7322692871094
2035-12-31 00:00:00,visit,ssp370,gfdl-esm4,ssp370 (FireMIP) - visit - gfdl-esm4,371.9638671875
2036-12-31 00:00:00,visit,ssp370,gfdl-esm4,ssp370 (FireMIP) - visit - gfdl-esm4,415.7325134277344
2037-12-31 00:00:00,visit,ssp370,gfdl-esm4,ssp370 (FireMIP) - visit - gfdl-esm4,415.9608154296875
2038-12-31 00:00:00,visit,ssp370,gfdl-esm4,ssp370 (FireMIP) - visit - gfdl-esm4,355.4057312011719
2039-12-31 00:00:00,visit,ssp370,gfdl-esm4,ssp370 (FireMIP) - visit - gfdl-esm4,374.5750427246094
2040-12-31 00:00:00,visit,ssp370,gfdl-esm4,ssp370 (FireMIP) - visit - gfdl-esm4,339.7552185058594
2041-12-31 00:00:00,visit,ssp370,gfdl-esm4,ssp370 (FireMIP) - visit - gfdl-esm4,483.2759094238281
2042-12-31 00:00:00,visit,ssp370,gfdl-esm4,ssp370 (FireMIP) - visit - gfdl-esm4,439.76708984375
2043-12-31 00:00:00,visit,ssp370,gfdl-esm4,ssp370 (FireMIP) - visit - gfdl-esm4,348.4009094238281
2044-12-31 00:00:00,visit,ssp370,gfdl-esm4,ssp370 (FireMIP) - visit - gfdl-esm4,434.7228698730469
2045-12-31 00:00:00,visit,ssp370,gfdl-esm4,ssp370 (FireMIP) - visit - gfdl-esm4,515.5116577148438
2046-12-31 00:00:00,visit,ssp370,gfdl-esm4,ssp370 (FireMIP) - visit - gfdl-esm4,465.7911376953125
2047-12-31 00:00:00,visit,ssp370,gfdl-esm4,ssp370 (FireMIP) - visit - gfdl-esm4,520.298583984375
2048-12-31 00:00:00,visit,ssp370,gfdl-esm4,ssp370 (FireMIP) - visit - gfdl-esm4,564.5352172851562
2049-12-31 00:00:00,visit,ssp370,gfdl-esm4,ssp370 (FireMIP) - visit - gfdl-esm4,386.4817199707031
2050-12-31 00:00:00,visit,ssp370,gfdl-esm4,ssp370 (FireMIP) - visit - gfdl-esm4,431.4493713378906
2051-12-31 00:00:00,visit,ssp370,gfdl-esm4,ssp370 (FireMIP) - visit - gfdl-esm4,453.530029296875
2052-12-31 00:00:00,visit,ssp370,gfdl-esm4,ssp370 (FireMIP) - visit - gfdl-esm4,429.3628234863281
2053-12-31 00:00:00,visit,ssp370,gfdl-esm4,ssp370 (FireMIP) - visit - gfdl-esm4,473.480712890625
2054-12-31 00:00:00,visit,ssp370,gfdl-esm4,ssp370 (FireMIP) - visit - gfdl-esm4,343.5309753417969
2055-12-31 00:00:00,visit,ssp370,gfdl-esm4,ssp370 (FireMIP) - visit - gfdl-esm4,378.5448913574219
2056-12-31 00:00:00,visit,ssp370,gfdl-esm4,ssp370 (FireMIP) - visit - gfdl-esm4,428.3012390136719
2057-12-31 00:00:00,visit,ssp370,gfdl-esm4,ssp370 (FireMIP) - visit - gfdl-esm4,552.4341430664062
2058-12-31 00:00:00,visit,ssp370,gfdl-esm4,ssp370 (FireMIP) - visit - gfdl-esm4,531.341064453125
2059-12-31 00:00:00,visit,ssp370,gfdl-esm4,ssp370 (FireMIP) - visit - gfdl-esm4,393.6121826171875
2060-12-31 00:00:00,visit,ssp370,gfdl-esm4,ssp370 (FireMIP) - visit - gfdl-esm4,601.5003051757812
2061-12-31 00:00:00,visit,ssp370,gfdl-esm4,ssp370 (FireMIP) - visit - gfdl-esm4,548.9021606445312
2062-12-31 00:00:00,visit,ssp370,gfdl-esm4,ssp370 (FireMIP) - visit - gfdl-esm4,444.903564453125
2063-12-31 00:00:00,visit,ssp370,gfdl-esm4,ssp370 (FireMIP) - visit - gfdl-esm4,470.5356140136719
2064-12-31 00:00:00,visit,ssp370,gfdl-esm4,ssp370 (FireMIP) - visit - gfdl-esm4,535.9545288085938
2065-12-31 00:00:00,visit,ssp370,gfdl-esm4,ssp370 (FireMIP) - visit - gfdl-esm4,566.9160766601562
2066-12-31 00:00:00,visit,ssp370,gfdl-esm4,ssp370 (FireMIP) - visit - gfdl-esm4,436.1761474609375
2067-12-31 00:00:00,visit,ssp370,gfdl-esm4,ssp370 (FireMIP) - visit - gfdl-esm4,434.375732421875
2068-12-31 00:00:00,visit,ssp370,gfdl-esm4,ssp370 (FireMIP) - visit - gfdl-esm4,474.9942626953125
2069-12-31 00:00:00,visit,ssp370,gfdl-esm4,ssp370 (FireMIP) - visit - gfdl-esm4,599.573974609375
2070-12-31 00:00:00,visit,ssp370,gfdl-esm4,ssp370 (FireMIP) - visit - gfdl-esm4,566.6342163085938
2071-12-31 00:00:00,visit,ssp370,gfdl-esm4,ssp370 (FireMIP) - visit - gfdl-esm4,414.0406188964844
2072-12-31 00:00:00,visit,ssp370,gfdl-esm4,ssp370 (FireMIP) - visit - gfdl-esm4,570.1680297851562
2073-12-31 00:00:00,visit,ssp370,gfdl-esm4,ssp370 (FireMIP) - visit - gfdl-esm4,602.7503662109375
2074-12-31 00:00:00,visit,ssp370,gfdl-esm4,ssp370 (FireMIP) - visit - gfdl-esm4,603.4340209960938
2075-12-31 00:00:00,visit,ssp370,gfdl-esm4,ssp370 (FireMIP) - visit - gfdl-esm4,483.6893615722656
2076-12-31 00:00:00,visit,ssp370,gfdl-esm4,ssp370 (FireMIP) - visit - gfdl-esm4,461.670654296875
2077-12-31 00:00:00,visit,ssp370,gfdl-esm4,ssp370 (FireMIP) - visit - gfdl-esm4,413.5893859863281
2078-12-31 00:00:00,visit,ssp370,gfdl-esm4,ssp370 (FireMIP) - visit - gfdl-esm4,540.5925903320312
2079-12-31 00:00:00,visit,ssp370,gfdl-esm4,ssp370 (FireMIP) - visit - gfdl-esm4,421.2796936035156
2080-12-31 00:00:00,visit,ssp370,gfdl-esm4,ssp370 (FireMIP) - visit - gfdl-esm4,488.7113342285156
2081-12-31 00:00:00,visit,ssp370,gfdl-esm4,ssp370 (FireMIP) - visit - gfdl-esm4,646.9215698242188
2082-12-31 00:00:00,visit,ssp370,gfdl-esm4,ssp370 (FireMIP) - visit - gfdl-esm4,530.8582153320312
2083-12-31 00:00:00,visit,ssp370,gfdl-esm4,ssp370 (FireMIP) - visit - gfdl-esm4,547.0407104492188
2084-12-31 00:00:00,visit,ssp370,gfdl-esm4,ssp370 (FireMIP) - visit - gfdl-esm4,569.0263671875
2085-12-31 00:00:00,visit,ssp370,gfdl-esm4,ssp370 (FireMIP) - visit - gfdl-esm4,618.8767700195312
2086-12-31 00:00:00,visit,ssp370,gfdl-esm4,ssp370 (FireMIP) - visit - gfdl-esm4,641.0089721679688
2087-12-31 00:00:00,visit,ssp370,gfdl-esm4,ssp370 (FireMIP) - visit - gfdl-esm4,509.9161376953125
2088-12-31 00:00:00,visit,ssp370,gfdl-esm4,ssp370 (FireMIP) - visit - gfdl-esm4,632.994873046875
2089-12-31 00:00:00,visit,ssp370,gfdl-esm4,ssp370 (FireMIP) - visit - gfdl-esm4,622.9813842773438
2090-12-31 00:00:00,visit,ssp370,gfdl-esm4,ssp370 (FireMIP) - visit - gfdl-esm4,619.969482421875
2091-12-31 00:00:00,visit,ssp370,gfdl-esm4,ssp370 (FireMIP) - visit - gfdl-esm4,425.1461486816406
2092-12-31 00:00:00,visit,ssp370,gfdl-esm4,ssp370 (FireMIP) - visit - gfdl-esm4,474.3126525878906
2093-12-31 00:00:00,visit,ssp370,gfdl-esm4,ssp370 (FireMIP) - visit - gfdl-esm4,536.0391845703125
2094-12-31 00:00:00,visit,ssp370,gfdl-esm4,ssp370 (FireMIP) - visit - gfdl-esm4,616.2938842773438
2095-12-31 00:00:00,visit,ssp370,gfdl-esm4,ssp370 (FireMIP) - visit - gfdl-esm4,485.4901123046875
2096-12-31 00:00:00,visit,ssp370,gfdl-esm4,ssp370 (FireMIP) - visit - gfdl-esm4,715.798828125
2097-12-31 00:00:00,visit,ssp370,gfdl-esm4,ssp370 (FireMIP) - visit - gfdl-esm4,623.5113525390625
2098-12-31 00:00:00,visit,ssp370,gfdl-esm4,ssp370 (FireMIP) - visit - gfdl-esm4,589.7678833007812
2099-12-31 00:00:00,visit,ssp370,gfdl-esm4,ssp370 (FireMIP) - visit - gfdl-esm4,536.9476318359375
2100-12-31 00:00:00,visit,ssp370,gfdl-esm4,ssp370 (FireMIP) - visit - gfdl-esm4,644.2403564453125
2015-12-31 00:00:00,visit,ssp370,ipsl-cm6a-lr,ssp370 (FireMIP) - visit - ipsl-cm6a-lr,322.5650939941406
2016-12-31 00:00:00,visit,ssp370,ipsl-cm6a-lr,ssp370 (FireMIP) - visit - ipsl-cm6a-lr,394.1450500488281
2017-12-31 00:00:00,visit,ssp370,ipsl-cm6a-lr,ssp370 (FireMIP) - visit - ipsl-cm6a-lr,400.902099609375
2018-12-31 00:00:00,visit,ssp370,ipsl-cm6a-lr,ssp370 (FireMIP) - visit - ipsl-cm6a-lr,282.6668395996094
2019-12-31 00:00:00,visit,ssp370,ipsl-cm6a-lr,ssp370 (FireMIP) - visit - ipsl-cm6a-lr,313.22686767578125
2020-12-31 00:00:00,visit,ssp370,ipsl-cm6a-lr,ssp370 (FireMIP) - visit - ipsl-cm6a-lr,356.9603576660156
2021-12-31 00:00:00,visit,ssp370,ipsl-cm6a-lr,ssp370 (FireMIP) - visit - ipsl-cm6a-lr,434.3363037109375
2022-12-31 00:00:00,visit,ssp370,ipsl-cm6a-lr,ssp370 (FireMIP) - visit - ipsl-cm6a-lr,304.529052734375
2023-12-31 00:00:00,visit,ssp370,ipsl-cm6a-lr,ssp370 (FireMIP) - visit - ipsl-cm6a-lr,346.1658630371094
2024-12-31 00:00:00,visit,ssp370,ipsl-cm6a-lr,ssp370 (FireMIP) - visit - ipsl-cm6a-lr,382.573974609375
2025-12-31 00:00:00,visit,ssp370,ipsl-cm6a-lr,ssp370 (FireMIP) - visit - ipsl-cm6a-lr,562.6646728515625
2026-12-31 00:00:00,visit,ssp370,ipsl-cm6a-lr,ssp370 (FireMIP) - visit - ipsl-cm6a-lr,375.293212890625
2027-12-31 00:00:00,visit,ssp370,ipsl-cm6a-lr,ssp370 (FireMIP) - visit - ipsl-cm6a-lr,367.2504577636719
2028-12-31 00:00:00,visit,ssp370,ipsl-cm6a-lr,ssp370 (FireMIP) - visit - ipsl-cm6a-lr,400.9883117675781
2029-12-31 00:00:00,visit,ssp370,ipsl-cm6a-lr,ssp370 (FireMIP) - visit - ipsl-cm6a-lr,365.6409912109375
2030-12-31 00:00:00,visit,ssp370,ipsl-cm6a-lr,ssp370 (FireMIP) - visit - ipsl-cm6a-lr,351.2986755371094
2031-12-31 00:00:00,visit,ssp370,ipsl-cm6a-lr,ssp370 (FireMIP) - visit - ipsl-cm6a-lr,382.5033264160156
2032-12-31 00:00:00,visit,ssp370,ipsl-cm6a-lr,ssp370 (FireMIP) - visit - ipsl-cm6a-lr,401.9910583496094
2033-12-31 00:00:00,visit,ssp370,ipsl-cm6a-lr,ssp370 (FireMIP) - visit - ipsl-cm6a-lr,527.89599609375
2034-12-31 00:00:00,visit,ssp370,ipsl-cm6a-lr,ssp370 (FireMIP) - visit - ipsl-cm6a-lr,342.1788635253906
2035-12-31 00:00:00,visit,ssp370,ipsl-cm6a-lr,ssp370 (FireMIP) - visit - ipsl-cm6a-lr,392.5374755859375
2036-12-31 00:00:00,visit,ssp370,ipsl-cm6a-lr,ssp370 (FireMIP) - visit - ipsl-cm6a-lr,382.9974060058594
2037-12-31 00:00:00,visit,ssp370,ipsl-cm6a-lr,ssp370 (FireMIP) - visit - ipsl-cm6a-lr,367.6000061035156
2038-12-31 00:00:00,visit,ssp370,ipsl-cm6a-lr,ssp370 (FireMIP) - visit - ipsl-cm6a-lr,490.6627197265625
2039-12-31 00:00:00,visit,ssp370,ipsl-cm6a-lr,ssp370 (FireMIP) - visit - ipsl-cm6a-lr,359.2649841308594
2040-12-31 00:00:00,visit,ssp370,ipsl-cm6a-lr,ssp370 (FireMIP) - visit - ipsl-cm6a-lr,362.7377624511719
2041-12-31 00:00:00,visit,ssp370,ipsl-cm6a-lr,ssp370 (FireMIP) - visit - ipsl-cm6a-lr,361.1825256347656
2042-12-31 00:00:00,visit,ssp370,ipsl-cm6a-lr,ssp370 (FireMIP) - visit - ipsl-cm6a-lr,367.5574035644531
2043-12-31 00:00:00,visit,ssp370,ipsl-cm6a-lr,ssp370 (FireMIP) - visit - ipsl-cm6a-lr,374.687744140625
2044-12-31 00:00:00,visit,ssp370,ipsl-cm6a-lr,ssp370 (FireMIP) - visit - ipsl-cm6a-lr,413.4061279296875
2045-12-31 00:00:00,visit,ssp370,ipsl-cm6a-lr,ssp370 (FireMIP) - visit - ipsl-cm6a-lr,477.2664794921875
2046-12-31 00:00:00,visit,ssp370,ipsl-cm6a-lr,ssp370 (FireMIP) - visit - ipsl-cm6a-lr,342.7073669433594
2047-12-31 00:00:00,visit,ssp370,ipsl-cm6a-lr,ssp370 (FireMIP) - visit - ipsl-cm6a-lr,415.7870788574219
2048-12-31 00:00:00,visit,ssp370,ipsl-cm6a-lr,ssp370 (FireMIP) - visit - ipsl-cm6a-lr,370.4120178222656
2049-12-31 00:00:00,visit,ssp370,ipsl-cm6a-lr,ssp370 (FireMIP) - visit - ipsl-cm6a-lr,493.5757141113281
2050-12-31 00:00:00,visit,ssp370,ipsl-cm6a-lr,ssp370 (FireMIP) - visit - ipsl-cm6a-lr,566.1271362304688
2051-12-31 00:00:00,visit,ssp370,ipsl-cm6a-lr,ssp370 (FireMIP) - visit - ipsl-cm6a-lr,469.7137756347656
2052-12-31 00:00:00,visit,ssp370,ipsl-cm6a-lr,ssp370 (FireMIP) - visit - ipsl-cm6a-lr,434.3930969238281
2053-12-31 00:00:00,visit,ssp370,ipsl-cm6a-lr,ssp370 (FireMIP) - visit - ipsl-cm6a-lr,359.7673645019531
2054-12-31 00:00:00,visit,ssp370,ipsl-cm6a-lr,ssp370 (FireMIP) - visit - ipsl-cm6a-lr,390.4954528808594
2055-12-31 00:00:00,visit,ssp370,ipsl-cm6a-lr,ssp370 (FireMIP) - visit - ipsl-cm6a-lr,348.6654357910156
2056-12-31 00:00:00,visit,ssp370,ipsl-cm6a-lr,ssp370 (FireMIP) - visit - ipsl-cm6a-lr,420.0811767578125
2057-12-31 00:00:00,visit,ssp370,ipsl-cm6a-lr,ssp370 (FireMIP) - visit - ipsl-cm6a-lr,387.166015625
2058-12-31 00:00:00,visit,ssp370,ipsl-cm6a-lr,ssp370 (FireMIP) - visit - ipsl-cm6a-lr,531.1464233398438
2059-12-31 00:00:00,visit,ssp370,ipsl-cm6a-lr,ssp370 (FireMIP) - visit - ipsl-cm6a-lr,444.9317626953125
2060-12-31 00:00:00,visit,ssp370,ipsl-cm6a-lr,ssp370 (FireMIP) - visit - ipsl-cm6a-lr,461.2845153808594
2061-12-31 00:00:00,visit,ssp370,ipsl-cm6a-lr,ssp370 (FireMIP) - visit - ipsl-cm6a-lr,430.4556579589844
2062-12-31 00:00:00,visit,ssp370,ipsl-cm6a-lr,ssp370 (FireMIP) - visit - ipsl-cm6a-lr,433.707763671875
2063-12-31 00:00:00,visit,ssp370,ipsl-cm6a-lr,ssp370 (FireMIP) - visit - ipsl-cm6a-lr,473.1048583984375
2064-12-31 00:00:00,visit,ssp370,ipsl-cm6a-lr,ssp370 (FireMIP) - visit - ipsl-cm6a-lr,467.8010559082031
2065-12-31 00:00:00,visit,ssp370,ipsl-cm6a-lr,ssp370 (FireMIP) - visit - ipsl-cm6a-lr,431.5130310058594
2066-12-31 00:00:00,visit,ssp370,ipsl-cm6a-lr,ssp370 (FireMIP) - visit - ipsl-cm6a-lr,490.6240234375
2067-12-31 00:00:00,visit,ssp370,ipsl-cm6a-lr,ssp370 (FireMIP) - visit - ipsl-cm6a-lr,407.7661437988281
2068-12-31 00:00:00,visit,ssp370,ipsl-cm6a-lr,ssp370 (FireMIP) - visit - ipsl-cm6a-lr,483.0791015625
2069-12-31 00:00:00,visit,ssp370,ipsl-cm6a-lr,ssp370 (FireMIP) - visit - ipsl-cm6a-lr,500.1829833984375
2070-12-31 00:00:00,visit,ssp370,ipsl-cm6a-lr,ssp370 (FireMIP) - visit - ipsl-cm6a-lr,495.0486145019531
2071-12-31 00:00:00,visit,ssp370,ipsl-cm6a-lr,ssp370 (FireMIP) - visit - ipsl-cm6a-lr,469.6308288574219
2072-12-31 00:00:00,visit,ssp370,ipsl-cm6a-lr,ssp370 (FireMIP) - visit - ipsl-cm6a-lr,530.8435668945312
2073-12-31 00:00:00,visit,ssp370,ipsl-cm6a-lr,ssp370 (FireMIP) - visit - ipsl-cm6a-lr,455.18017578125
2074-12-31 00:00:00,visit,ssp370,ipsl-cm6a-lr,ssp370 (FireMIP) - visit - ipsl-cm6a-lr,462.9349060058594
2075-12-31 00:00:00,visit,ssp370,ipsl-cm6a-lr,ssp370 (FireMIP) - visit - ipsl-cm6a-lr,438.9516906738281
2076-12-31 00:00:00,visit,ssp370,ipsl-cm6a-lr,ssp370 (FireMIP) - visit - ipsl-cm6a-lr,587.2894897460938
2077-12-31 00:00:00,visit,ssp370,ipsl-cm6a-lr,ssp370 (FireMIP) - visit - ipsl-cm6a-lr,528.4518432617188
2078-12-31 00:00:00,visit,ssp370,ipsl-cm6a-lr,ssp370 (FireMIP) - visit - ipsl-cm6a-lr,467.4261779785156
2079-12-31 00:00:00,visit,ssp370,ipsl-cm6a-lr,ssp370 (FireMIP) - visit - ipsl-cm6a-lr,536.3211669921875
2080-12-31 00:00:00,visit,ssp370,ipsl-cm6a-lr,ssp370 (FireMIP) - visit - ipsl-cm6a-lr,488.240234375
2081-12-31 00:00:00,visit,ssp370,ipsl-cm6a-lr,ssp370 (FireMIP) - visit - ipsl-cm6a-lr,457.9533996582031
2082-12-31 00:00:00,visit,ssp370,ipsl-cm6a-lr,ssp370 (FireMIP) - visit - ipsl-cm6a-lr,567.9302368164062
2083-12-31 00:00:00,visit,ssp370,ipsl-cm6a-lr,ssp370 (FireMIP) - visit - ipsl-cm6a-lr,536.8265380859375
2084-12-31 00:00:00,visit,ssp370,ipsl-cm6a-lr,ssp370 (FireMIP) - visit - ipsl-cm6a-lr,583.3989868164062
2085-12-31 00:00:00,visit,ssp370,ipsl-cm6a-lr,ssp370 (FireMIP) - visit - ipsl-cm6a-lr,519.0425415039062
2086-12-31 00:00:00,visit,ssp370,ipsl-cm6a-lr,ssp370 (FireMIP) - visit - ipsl-cm6a-lr,451.84326171875
2087-12-31 00:00:00,visit,ssp370,ipsl-cm6a-lr,ssp370 (FireMIP) - visit - ipsl-cm6a-lr,455.7352294921875
2088-12-31 00:00:00,visit,ssp370,ipsl-cm6a-lr,ssp370 (FireMIP) - visit - ipsl-cm6a-lr,503.6103515625
2089-12-31 00:00:00,visit,ssp370,ipsl-cm6a-lr,ssp370 (FireMIP) - visit - ipsl-cm6a-lr,564.5448608398438
2090-12-31 00:00:00,visit,ssp370,ipsl-cm6a-lr,ssp370 (FireMIP) - visit - ipsl-cm6a-lr,509.4564208984375
2091-12-31 00:00:00,visit,ssp370,ipsl-cm6a-lr,ssp370 (FireMIP) - visit - ipsl-cm6a-lr,489.341796875
2092-12-31 00:00:00,visit,ssp370,ipsl-cm6a-lr,ssp370 (FireMIP) - visit - ipsl-cm6a-lr,492.2840576171875
2093-12-31 00:00:00,visit,ssp370,ipsl-cm6a-lr,ssp370 (FireMIP) - visit - ipsl-cm6a-lr,553.2258911132812
2094-12-31 00:00:00,visit,ssp370,ipsl-cm6a-lr,ssp370 (FireMIP) - visit - ipsl-cm6a-lr,604.8897094726562
2095-12-31 00:00:00,visit,ssp370,ipsl-cm6a-lr,ssp370 (FireMIP) - visit - ipsl-cm6a-lr,425.73388671875
2096-12-31 00:00:00,visit,ssp370,ipsl-cm6a-lr,ssp370 (FireMIP) - visit - ipsl-cm6a-lr,540.858154296875
2097-12-31 00:00:00,visit,ssp370,ipsl-cm6a-lr,ssp370 (FireMIP) - visit - ipsl-cm6a-lr,583.0089721679688
2098-12-31 00:00:00,visit,ssp370,ipsl-cm6a-lr,ssp370 (FireMIP) - visit - ipsl-cm6a-lr,494.5409240722656
2099-12-31 00:00:00,visit,ssp370,ipsl-cm6a-lr,ssp370 (FireMIP) - visit - ipsl-cm6a-lr,507.380126953125
2100-12-31 00:00:00,visit,ssp370,ipsl-cm6a-lr,ssp370 (FireMIP) - visit - ipsl-cm6a-lr,598.313720703125
2015-12-31 00:00:00,visit,ssp585,mpi-esm1-2-hr,ssp585 (FireMIP) - visit - mpi-esm1-2-hr,312.8308410644531
2016-12-31 00:00:00,visit,ssp585,mpi-esm1-2-hr,ssp585 (FireMIP) - visit - mpi-esm1-2-hr,301.8044738769531
2017-12-31 00:00:00,visit,ssp585,mpi-esm1-2-hr,ssp585 (FireMIP) - visit - mpi-esm1-2-hr,366.0451965332031
2018-12-31 00:00:00,visit,ssp585,mpi-esm1-2-hr,ssp585 (FireMIP) - visit - mpi-esm1-2-hr,378.6972961425781
2019-12-31 00:00:00,visit,ssp585,mpi-esm1-2-hr,ssp585 (FireMIP) - visit - mpi-esm1-2-hr,387.3004150390625
2020-12-31 00:00:00,visit,ssp585,mpi-esm1-2-hr,ssp585 (FireMIP) - visit - mpi-esm1-2-hr,346.298583984375
2021-12-31 00:00:00,visit,ssp585,mpi-esm1-2-hr,ssp585 (FireMIP) - visit - mpi-esm1-2-hr,256.7533264160156
2022-12-31 00:00:00,visit,ssp585,mpi-esm1-2-hr,ssp585 (FireMIP) - visit - mpi-esm1-2-hr,322.65814208984375
2023-12-31 00:00:00,visit,ssp585,mpi-esm1-2-hr,ssp585 (FireMIP) - visit - mpi-esm1-2-hr,307.9384765625
2024-12-31 00:00:00,visit,ssp585,mpi-esm1-2-hr,ssp585 (FireMIP) - visit - mpi-esm1-2-hr,390.71044921875
2025-12-31 00:00:00,visit,ssp585,mpi-esm1-2-hr,ssp585 (FireMIP) - visit - mpi-esm1-2-hr,359.8174133300781
2026-12-31 00:00:00,visit,ssp585,mpi-esm1-2-hr,ssp585 (FireMIP) - visit - mpi-esm1-2-hr,367.0985412597656
2027-12-31 00:00:00,visit,ssp585,mpi-esm1-2-hr,ssp585 (FireMIP) - visit - mpi-esm1-2-hr,411.0570983886719
2028-12-31 00:00:00,visit,ssp585,mpi-esm1-2-hr,ssp585 (FireMIP) - visit - mpi-esm1-2-hr,380.241943359375
2029-12-31 00:00:00,visit,ssp585,mpi-esm1-2-hr,ssp585 (FireMIP) - visit - mpi-esm1-2-hr,398.025634765625
2030-12-31 00:00:00,visit,ssp585,mpi-esm1-2-hr,ssp585 (FireMIP) - visit - mpi-esm1-2-hr,398.7754211425781
2031-12-31 00:00:00,visit,ssp585,mpi-esm1-2-hr,ssp585 (FireMIP) - visit - mpi-esm1-2-hr,428.9014587402344
2032-12-31 00:00:00,visit,ssp585,mpi-esm1-2-hr,ssp585 (FireMIP) - visit - mpi-esm1-2-hr,358.9143981933594
2033-12-31 00:00:00,visit,ssp585,mpi-esm1-2-hr,ssp585 (FireMIP) - visit - mpi-esm1-2-hr,407.5141906738281
2034-12-31 00:00:00,visit,ssp585,mpi-esm1-2-hr,ssp585 (FireMIP) - visit - mpi-esm1-2-hr,383.507568359375
2035-12-31 00:00:00,visit,ssp585,mpi-esm1-2-hr,ssp585 (FireMIP) - visit - mpi-esm1-2-hr,352.64599609375
2036-12-31 00:00:00,visit,ssp585,mpi-esm1-2-hr,ssp585 (FireMIP) - visit - mpi-esm1-2-hr,402.0042724609375
2037-12-31 00:00:00,visit,ssp585,mpi-esm1-2-hr,ssp585 (FireMIP) - visit - mpi-esm1-2-hr,365.1336364746094
2038-12-31 00:00:00,visit,ssp585,mpi-esm1-2-hr,ssp585 (FireMIP) - visit - mpi-esm1-2-hr,329.57763671875
2039-12-31 00:00:00,visit,ssp585,mpi-esm1-2-hr,ssp585 (FireMIP) - visit - mpi-esm1-2-hr,405.9537048339844
2040-12-31 00:00:00,visit,ssp585,mpi-esm1-2-hr,ssp585 (FireMIP) - visit - mpi-esm1-2-hr,459.5189514160156
2041-12-31 00:00:00,visit,ssp585,mpi-esm1-2-hr,ssp585 (FireMIP) - visit - mpi-esm1-2-hr,351.7139587402344
2042-12-31 00:00:00,visit,ssp585,mpi-esm1-2-hr,ssp585 (FireMIP) - visit - mpi-esm1-2-hr,374.1282653808594
2043-12-31 00:00:00,visit,ssp585,mpi-esm1-2-hr,ssp585 (FireMIP) - visit - mpi-esm1-2-hr,401.401123046875
2044-12-31 00:00:00,visit,ssp585,mpi-esm1-2-hr,ssp585 (FireMIP) - visit - mpi-esm1-2-hr,471.2355041503906
2045-12-31 00:00:00,visit,ssp585,mpi-esm1-2-hr,ssp585 (FireMIP) - visit - mpi-esm1-2-hr,375.7305908203125
2046-12-31 00:00:00,visit,ssp585,mpi-esm1-2-hr,ssp585 (FireMIP) - visit - mpi-esm1-2-hr,405.2951965332031
2047-12-31 00:00:00,visit,ssp585,mpi-esm1-2-hr,ssp585 (FireMIP) - visit - mpi-esm1-2-hr,332.51531982421875
2048-12-31 00:00:00,visit,ssp585,mpi-esm1-2-hr,ssp585 (FireMIP) - visit - mpi-esm1-2-hr,515.1808471679688
2049-12-31 00:00:00,visit,ssp585,mpi-esm1-2-hr,ssp585 (FireMIP) - visit - mpi-esm1-2-hr,449.947509765625
2050-12-31 00:00:00,visit,ssp585,mpi-esm1-2-hr,ssp585 (FireMIP) - visit - mpi-esm1-2-hr,444.2940979003906
2051-12-31 00:00:00,visit,ssp585,mpi-esm1-2-hr,ssp585 (FireMIP) - visit - mpi-esm1-2-hr,452.46533203125
2052-12-31 00:00:00,visit,ssp585,mpi-esm1-2-hr,ssp585 (FireMIP) - visit - mpi-esm1-2-hr,398.1668395996094
2053-12-31 00:00:00,visit,ssp585,mpi-esm1-2-hr,ssp585 (FireMIP) - visit - mpi-esm1-2-hr,484.9516906738281
2054-12-31 00:00:00,visit,ssp585,mpi-esm1-2-hr,ssp585 (FireMIP) - visit - mpi-esm1-2-hr,529.8432006835938
2055-12-31 00:00:00,visit,ssp585,mpi-esm1-2-hr,ssp585 (FireMIP) - visit - mpi-esm1-2-hr,523.9922485351562
2056-12-31 00:00:00,visit,ssp585,mpi-esm1-2-hr,ssp585 (FireMIP) - visit - mpi-esm1-2-hr,390.4496154785156
2057-12-31 00:00:00,visit,ssp585,mpi-esm1-2-hr,ssp585 (FireMIP) - visit - mpi-esm1-2-hr,387.1744689941406
2058-12-31 00:00:00,visit,ssp585,mpi-esm1-2-hr,ssp585 (FireMIP) - visit - mpi-esm1-2-hr,473.44970703125
2059-12-31 00:00:00,visit,ssp585,mpi-esm1-2-hr,ssp585 (FireMIP) - visit - mpi-esm1-2-hr,460.3894348144531
2060-12-31 00:00:00,visit,ssp585,mpi-esm1-2-hr,ssp585 (FireMIP) - visit - mpi-esm1-2-hr,509.342529296875
2061-12-31 00:00:00,visit,ssp585,mpi-esm1-2-hr,ssp585 (FireMIP) - visit - mpi-esm1-2-hr,509.560302734375
2062-12-31 00:00:00,visit,ssp585,mpi-esm1-2-hr,ssp585 (FireMIP) - visit - mpi-esm1-2-hr,481.1446533203125
2063-12-31 00:00:00,visit,ssp585,mpi-esm1-2-hr,ssp585 (FireMIP) - visit - mpi-esm1-2-hr,490.9250793457031
2064-12-31 00:00:00,visit,ssp585,mpi-esm1-2-hr,ssp585 (FireMIP) - visit - mpi-esm1-2-hr,468.3240661621094
2065-12-31 00:00:00,visit,ssp585,mpi-esm1-2-hr,ssp585 (FireMIP) - visit - mpi-esm1-2-hr,491.9918212890625
2066-12-31 00:00:00,visit,ssp585,mpi-esm1-2-hr,ssp585 (FireMIP) - visit - mpi-esm1-2-hr,514.8102416992188
2067-12-31 00:00:00,visit,ssp585,mpi-esm1-2-hr,ssp585 (FireMIP) - visit - mpi-esm1-2-hr,502.6640319824219
2068-12-31 00:00:00,visit,ssp585,mpi-esm1-2-hr,ssp585 (FireMIP) - visit - mpi-esm1-2-hr,523.7634887695312
2069-12-31 00:00:00,visit,ssp585,mpi-esm1-2-hr,ssp585 (FireMIP) - visit - mpi-esm1-2-hr,600.0330200195312
2070-12-31 00:00:00,visit,ssp585,mpi-esm1-2-hr,ssp585 (FireMIP) - visit - mpi-esm1-2-hr,499.5442810058594
2071-12-31 00:00:00,visit,ssp585,mpi-esm1-2-hr,ssp585 (FireMIP) - visit - mpi-esm1-2-hr,429.8348388671875
2072-12-31 00:00:00,visit,ssp585,mpi-esm1-2-hr,ssp585 (FireMIP) - visit - mpi-esm1-2-hr,432.1103820800781
2073-12-31 00:00:00,visit,ssp585,mpi-esm1-2-hr,ssp585 (FireMIP) - visit - mpi-esm1-2-hr,485.9532470703125
2074-12-31 00:00:00,visit,ssp585,mpi-esm1-2-hr,ssp585 (FireMIP) - visit - mpi-esm1-2-hr,404.5234375
2075-12-31 00:00:00,visit,ssp585,mpi-esm1-2-hr,ssp585 (FireMIP) - visit - mpi-esm1-2-hr,425.9832458496094
2076-12-31 00:00:00,visit,ssp585,mpi-esm1-2-hr,ssp585 (FireMIP) - visit - mpi-esm1-2-hr,528.1320190429688
2077-12-31 00:00:00,visit,ssp585,mpi-esm1-2-hr,ssp585 (FireMIP) - visit - mpi-esm1-2-hr,469.6522521972656
2078-12-31 00:00:00,visit,ssp585,mpi-esm1-2-hr,ssp585 (FireMIP) - visit - mpi-esm1-2-hr,435.6007385253906
2079-12-31 00:00:00,visit,ssp585,mpi-esm1-2-hr,ssp585 (FireMIP) - visit - mpi-esm1-2-hr,628.2196655273438
2080-12-31 00:00:00,visit,ssp585,mpi-esm1-2-hr,ssp585 (FireMIP) - visit - mpi-esm1-2-hr,603.1683349609375
2081-12-31 00:00:00,visit,ssp585,mpi-esm1-2-hr,ssp585 (FireMIP) - visit - mpi-esm1-2-hr,596.3716430664062
2082-12-31 00:00:00,visit,ssp585,mpi-esm1-2-hr,ssp585 (FireMIP) - visit - mpi-esm1-2-hr,462.2772216796875
2083-12-31 00:00:00,visit,ssp585,mpi-esm1-2-hr,ssp585 (FireMIP) - visit - mpi-esm1-2-hr,564.0802612304688
2084-12-31 00:00:00,visit,ssp585,mpi-esm1-2-hr,ssp585 (FireMIP) - visit - mpi-esm1-2-hr,607.298828125
2085-12-31 00:00:00,visit,ssp585,mpi-esm1-2-hr,ssp585 (FireMIP) - visit - mpi-esm1-2-hr,511.5908508300781
2086-12-31 00:00:00,visit,ssp585,mpi-esm1-2-hr,ssp585 (FireMIP) - visit - mpi-esm1-2-hr,542.89013671875
2087-12-31 00:00:00,visit,ssp585,mpi-esm1-2-hr,ssp585 (FireMIP) - visit - mpi-esm1-2-hr,623.4262084960938
2088-12-31 00:00:00,visit,ssp585,mpi-esm1-2-hr,ssp585 (FireMIP) - visit - mpi-esm1-2-hr,476.42138671875
2089-12-31 00:00:00,visit,ssp585,mpi-esm1-2-hr,ssp585 (FireMIP) - visit - mpi-esm1-2-hr,516.927734375
2090-12-31 00:00:00,visit,ssp585,mpi-esm1-2-hr,ssp585 (FireMIP) - visit - mpi-esm1-2-hr,527.3463745117188
2091-12-31 00:00:00,visit,ssp585,mpi-esm1-2-hr,ssp585 (FireMIP) - visit - mpi-esm1-2-hr,662.667236328125
2092-12-31 00:00:00,visit,ssp585,mpi-esm1-2-hr,ssp585 (FireMIP) - visit - mpi-esm1-2-hr,602.3095092773438
2093-12-31 00:00:00,visit,ssp585,mpi-esm1-2-hr,ssp585 (FireMIP) - visit - mpi-esm1-2-hr,585.4008178710938
2094-12-31 00:00:00,visit,ssp585,mpi-esm1-2-hr,ssp585 (FireMIP) - visit - mpi-esm1-2-hr,635.4745483398438
2095-12-31 00:00:00,visit,ssp585,mpi-esm1-2-hr,ssp585 (FireMIP) - visit - mpi-esm1-2-hr,553.4396362304688
2096-12-31 00:00:00,visit,ssp585,mpi-esm1-2-hr,ssp585 (FireMIP) - visit - mpi-esm1-2-hr,670.8883666992188
2097-12-31 00:00:00,visit,ssp585,mpi-esm1-2-hr,ssp585 (FireMIP) - visit - mpi-esm1-2-hr,573.2128295898438
2098-12-31 00:00:00,visit,ssp585,mpi-esm1-2-hr,ssp585 (FireMIP) - visit - mpi-esm1-2-hr,573.6199340820312
2099-12-31 00:00:00,visit,ssp585,mpi-esm1-2-hr,ssp585 (FireMIP) - visit - mpi-esm1-2-hr,488.9226379394531
2100-12-31 00:00:00,visit,ssp585,mpi-esm1-2-hr,ssp585 (FireMIP) - visit - mpi-esm1-2-hr,467.1720886230469
2015-12-31 00:00:00,visit,ssp585,mri-esm2-0,ssp585 (FireMIP) - visit - mri-esm2-0,340.31512451171875
2016-12-31 00:00:00,visit,ssp585,mri-esm2-0,ssp585 (FireMIP) - visit - mri-esm2-0,341.4903259277344
2017-12-31 00:00:00,visit,ssp585,mri-esm2-0,ssp585 (FireMIP) - visit - mri-esm2-0,406.7751159667969
2018-12-31 00:00:00,visit,ssp585,mri-esm2-0,ssp585 (FireMIP) - visit - mri-esm2-0,310.9900207519531
2019-12-31 00:00:00,visit,ssp585,mri-esm2-0,ssp585 (FireMIP) - visit - mri-esm2-0,334.8332824707031
2020-12-31 00:00:00,visit,ssp585,mri-esm2-0,ssp585 (FireMIP) - visit - mri-esm2-0,367.6619567871094
2021-12-31 00:00:00,visit,ssp585,mri-esm2-0,ssp585 (FireMIP) - visit - mri-esm2-0,400.9224853515625
2022-12-31 00:00:00,visit,ssp585,mri-esm2-0,ssp585 (FireMIP) - visit - mri-esm2-0,368.0497131347656
2023-12-31 00:00:00,visit,ssp585,mri-esm2-0,ssp585 (FireMIP) - visit - mri-esm2-0,352.3497009277344
2024-12-31 00:00:00,visit,ssp585,mri-esm2-0,ssp585 (FireMIP) - visit - mri-esm2-0,454.274169921875
2025-12-31 00:00:00,visit,ssp585,mri-esm2-0,ssp585 (FireMIP) - visit - mri-esm2-0,408.6780090332031
2026-12-31 00:00:00,visit,ssp585,mri-esm2-0,ssp585 (FireMIP) - visit - mri-esm2-0,371.8192138671875
2027-12-31 00:00:00,visit,ssp585,mri-esm2-0,ssp585 (FireMIP) - visit - mri-esm2-0,465.7660217285156
2028-12-31 00:00:00,visit,ssp585,mri-esm2-0,ssp585 (FireMIP) - visit - mri-esm2-0,387.1123046875
2029-12-31 00:00:00,visit,ssp585,mri-esm2-0,ssp585 (FireMIP) - visit - mri-esm2-0,342.8518981933594
2030-12-31 00:00:00,visit,ssp585,mri-esm2-0,ssp585 (FireMIP) - visit - mri-esm2-0,341.0691223144531
2031-12-31 00:00:00,visit,ssp585,mri-esm2-0,ssp585 (FireMIP) - visit - mri-esm2-0,384.01953125
2032-12-31 00:00:00,visit,ssp585,mri-esm2-0,ssp585 (FireMIP) - visit - mri-esm2-0,398.9578857421875
2033-12-31 00:00:00,visit,ssp585,mri-esm2-0,ssp585 (FireMIP) - visit - mri-esm2-0,378.17919921875
2034-12-31 00:00:00,visit,ssp585,mri-esm2-0,ssp585 (FireMIP) - visit - mri-esm2-0,451.4528503417969
2035-12-31 00:00:00,visit,ssp585,mri-esm2-0,ssp585 (FireMIP) - visit - mri-esm2-0,408.1573486328125
2036-12-31 00:00:00,visit,ssp585,mri-esm2-0,ssp585 (FireMIP) - visit - mri-esm2-0,423.7433776855469
2037-12-31 00:00:00,visit,ssp585,mri-esm2-0,ssp585 (FireMIP) - visit - mri-esm2-0,451.2977600097656
2038-12-31 00:00:00,visit,ssp585,mri-esm2-0,ssp585 (FireMIP) - visit - mri-esm2-0,374.3095397949219
2039-12-31 00:00:00,visit,ssp585,mri-esm2-0,ssp585 (FireMIP) - visit - mri-esm2-0,357.227294921875
2040-12-31 00:00:00,visit,ssp585,mri-esm2-0,ssp585 (FireMIP) - visit - mri-esm2-0,463.1182556152344
2041-12-31 00:00:00,visit,ssp585,mri-esm2-0,ssp585 (FireMIP) - visit - mri-esm2-0,392.4965515136719
2042-12-31 00:00:00,visit,ssp585,mri-esm2-0,ssp585 (FireMIP) - visit - mri-esm2-0,394.7919921875
2043-12-31 00:00:00,visit,ssp585,mri-esm2-0,ssp585 (FireMIP) - visit - mri-esm2-0,467.400146484375
2044-12-31 00:00:00,visit,ssp585,mri-esm2-0,ssp585 (FireMIP) - visit - mri-esm2-0,471.92431640625
2045-12-31 00:00:00,visit,ssp585,mri-esm2-0,ssp585 (FireMIP) - visit - mri-esm2-0,362.7546081542969
2046-12-31 00:00:00,visit,ssp585,mri-esm2-0,ssp585 (FireMIP) - visit - mri-esm2-0,371.8540954589844
2047-12-31 00:00:00,visit,ssp585,mri-esm2-0,ssp585 (FireMIP) - visit - mri-esm2-0,396.7377014160156
2048-12-31 00:00:00,visit,ssp585,mri-esm2-0,ssp585 (FireMIP) - visit - mri-esm2-0,378.8745422363281
2049-12-31 00:00:00,visit,ssp585,mri-esm2-0,ssp585 (FireMIP) - visit - mri-esm2-0,402.4605712890625
2050-12-31 00:00:00,visit,ssp585,mri-esm2-0,ssp585 (FireMIP) - visit - mri-esm2-0,381.3979187011719
2051-12-31 00:00:00,visit,ssp585,mri-esm2-0,ssp585 (FireMIP) - visit - mri-esm2-0,439.654296875
2052-12-31 00:00:00,visit,ssp585,mri-esm2-0,ssp585 (FireMIP) - visit - mri-esm2-0,485.1905822753906
2053-12-31 00:00:00,visit,ssp585,mri-esm2-0,ssp585 (FireMIP) - visit - mri-esm2-0,446.680419921875
2054-12-31 00:00:00,visit,ssp585,mri-esm2-0,ssp585 (FireMIP) - visit - mri-esm2-0,416.7523193359375
2055-12-31 00:00:00,visit,ssp585,mri-esm2-0,ssp585 (FireMIP) - visit - mri-esm2-0,467.3466796875
2056-12-31 00:00:00,visit,ssp585,mri-esm2-0,ssp585 (FireMIP) - visit - mri-esm2-0,500.9463806152344
2057-12-31 00:00:00,visit,ssp585,mri-esm2-0,ssp585 (FireMIP) - visit - mri-esm2-0,412.079833984375
2058-12-31 00:00:00,visit,ssp585,mri-esm2-0,ssp585 (FireMIP) - visit - mri-esm2-0,408.7694091796875
2059-12-31 00:00:00,visit,ssp585,mri-esm2-0,ssp585 (FireMIP) - visit - mri-esm2-0,505.7991027832031
2060-12-31 00:00:00,visit,ssp585,mri-esm2-0,ssp585 (FireMIP) - visit - mri-esm2-0,516.96435546875
2061-12-31 00:00:00,visit,ssp585,mri-esm2-0,ssp585 (FireMIP) - visit - mri-esm2-0,502.6454772949219
2062-12-31 00:00:00,visit,ssp585,mri-esm2-0,ssp585 (FireMIP) - visit - mri-esm2-0,414.6932067871094
2063-12-31 00:00:00,visit,ssp585,mri-esm2-0,ssp585 (FireMIP) - visit - mri-esm2-0,570.3311157226562
2064-12-31 00:00:00,visit,ssp585,mri-esm2-0,ssp585 (FireMIP) - visit - mri-esm2-0,563.4629516601562
2065-12-31 00:00:00,visit,ssp585,mri-esm2-0,ssp585 (FireMIP) - visit - mri-esm2-0,386.189697265625
2066-12-31 00:00:00,visit,ssp585,mri-esm2-0,ssp585 (FireMIP) - visit - mri-esm2-0,530.9403686523438
2067-12-31 00:00:00,visit,ssp585,mri-esm2-0,ssp585 (FireMIP) - visit - mri-esm2-0,550.4712524414062
2068-12-31 00:00:00,visit,ssp585,mri-esm2-0,ssp585 (FireMIP) - visit - mri-esm2-0,399.2109375
2069-12-31 00:00:00,visit,ssp585,mri-esm2-0,ssp585 (FireMIP) - visit - mri-esm2-0,448.8710632324219
2070-12-31 00:00:00,visit,ssp585,mri-esm2-0,ssp585 (FireMIP) - visit - mri-esm2-0,561.0989379882812
2071-12-31 00:00:00,visit,ssp585,mri-esm2-0,ssp585 (FireMIP) - visit - mri-esm2-0,407.9189453125
2072-12-31 00:00:00,visit,ssp585,mri-esm2-0,ssp585 (FireMIP) - visit - mri-esm2-0,442.0370788574219
2073-12-31 00:00:00,visit,ssp585,mri-esm2-0,ssp585 (FireMIP) - visit - mri-esm2-0,526.3998413085938
2074-12-31 00:00:00,visit,ssp585,mri-esm2-0,ssp585 (FireMIP) - visit - mri-esm2-0,430.2271728515625
2075-12-31 00:00:00,visit,ssp585,mri-esm2-0,ssp585 (FireMIP) - visit - mri-esm2-0,516.5177612304688
2076-12-31 00:00:00,visit,ssp585,mri-esm2-0,ssp585 (FireMIP) - visit - mri-esm2-0,545.0594482421875
2077-12-31 00:00:00,visit,ssp585,mri-esm2-0,ssp585 (FireMIP) - visit - mri-esm2-0,598.0393676757812
2078-12-31 00:00:00,visit,ssp585,mri-esm2-0,ssp585 (FireMIP) - visit - mri-esm2-0,555.1620483398438
2079-12-31 00:00:00,visit,ssp585,mri-esm2-0,ssp585 (FireMIP) - visit - mri-esm2-0,504.0932312011719
2080-12-31 00:00:00,visit,ssp585,mri-esm2-0,ssp585 (FireMIP) - visit - mri-esm2-0,505.5360412597656
2081-12-31 00:00:00,visit,ssp585,mri-esm2-0,ssp585 (FireMIP) - visit - mri-esm2-0,513.8441162109375
2082-12-31 00:00:00,visit,ssp585,mri-esm2-0,ssp585 (FireMIP) - visit - mri-esm2-0,598.521240234375
2083-12-31 00:00:00,visit,ssp585,mri-esm2-0,ssp585 (FireMIP) - visit - mri-esm2-0,524.3743896484375
2084-12-31 00:00:00,visit,ssp585,mri-esm2-0,ssp585 (FireMIP) - visit - mri-esm2-0,626.4783935546875
2085-12-31 00:00:00,visit,ssp585,mri-esm2-0,ssp585 (FireMIP) - visit - mri-esm2-0,530.3766479492188
2086-12-31 00:00:00,visit,ssp585,mri-esm2-0,ssp585 (FireMIP) - visit - mri-esm2-0,504.3055114746094
2087-12-31 00:00:00,visit,ssp585,mri-esm2-0,ssp585 (FireMIP) - visit - mri-esm2-0,602.827880859375
2088-12-31 00:00:00,visit,ssp585,mri-esm2-0,ssp585 (FireMIP) - visit - mri-esm2-0,469.6955871582031
2089-12-31 00:00:00,visit,ssp585,mri-esm2-0,ssp585 (FireMIP) - visit - mri-esm2-0,496.478271484375
2090-12-31 00:00:00,visit,ssp585,mri-esm2-0,ssp585 (FireMIP) - visit - mri-esm2-0,414.2507019042969
2091-12-31 00:00:00,visit,ssp585,mri-esm2-0,ssp585 (FireMIP) - visit - mri-esm2-0,485.8301696777344
2092-12-31 00:00:00,visit,ssp585,mri-esm2-0,ssp585 (FireMIP) - visit - mri-esm2-0,442.791748046875
2093-12-31 00:00:00,visit,ssp585,mri-esm2-0,ssp585 (FireMIP) - visit - mri-esm2-0,671.077880859375
2094-12-31 00:00:00,visit,ssp585,mri-esm2-0,ssp585 (FireMIP) - visit - mri-esm2-0,457.5943298339844
2095-12-31 00:00:00,visit,ssp585,mri-esm2-0,ssp585 (FireMIP) - visit - mri-esm2-0,506.5626525878906
2096-12-31 00:00:00,visit,ssp585,mri-esm2-0,ssp585 (FireMIP) - visit - mri-esm2-0,706.3961791992188
2097-12-31 00:00:00,visit,ssp585,mri-esm2-0,ssp585 (FireMIP) - visit - mri-esm2-0,509.2816162109375
2098-12-31 00:00:00,visit,ssp585,mri-esm2-0,ssp585 (FireMIP) - visit - mri-esm2-0,531.7708740234375
2099-12-31 00:00:00,visit,ssp585,mri-esm2-0,ssp585 (FireMIP) - visit - mri-esm2-0,492.2545166015625
2100-12-31 00:00:00,visit,ssp585,mri-esm2-0,ssp585 (FireMIP) - visit - mri-esm2-0,442.1337585449219
2015-12-31 00:00:00,visit,ssp585,ukesm1-0-ll,ssp585 (FireMIP) - visit - ukesm1-0-ll,327.1213684082031
2016-12-31 00:00:00,visit,ssp585,ukesm1-0-ll,ssp585 (FireMIP) - visit - ukesm1-0-ll,324.7566833496094
2017-12-31 00:00:00,visit,ssp585,ukesm1-0-ll,ssp585 (FireMIP) - visit - ukesm1-0-ll,339.984375
2018-12-31 00:00:00,visit,ssp585,ukesm1-0-ll,ssp585 (FireMIP) - visit - ukesm1-0-ll,334.9480895996094
2019-12-31 00:00:00,visit,ssp585,ukesm1-0-ll,ssp585 (FireMIP) - visit - ukesm1-0-ll,397.1968688964844
2020-12-31 00:00:00,visit,ssp585,ukesm1-0-ll,ssp585 (FireMIP) - visit - ukesm1-0-ll,316.5893859863281
2021-12-31 00:00:00,visit,ssp585,ukesm1-0-ll,ssp585 (FireMIP) - visit - ukesm1-0-ll,387.8727111816406
2022-12-31 00:00:00,visit,ssp585,ukesm1-0-ll,ssp585 (FireMIP) - visit - ukesm1-0-ll,287.81524658203125
2023-12-31 00:00:00,visit,ssp585,ukesm1-0-ll,ssp585 (FireMIP) - visit - ukesm1-0-ll,381.9503479003906
2024-12-31 00:00:00,visit,ssp585,ukesm1-0-ll,ssp585 (FireMIP) - visit - ukesm1-0-ll,391.3601379394531
2025-12-31 00:00:00,visit,ssp585,ukesm1-0-ll,ssp585 (FireMIP) - visit - ukesm1-0-ll,406.2378234863281
2026-12-31 00:00:00,visit,ssp585,ukesm1-0-ll,ssp585 (FireMIP) - visit - ukesm1-0-ll,360.6995849609375
2027-12-31 00:00:00,visit,ssp585,ukesm1-0-ll,ssp585 (FireMIP) - visit - ukesm1-0-ll,392.5240478515625
2028-12-31 00:00:00,visit,ssp585,ukesm1-0-ll,ssp585 (FireMIP) - visit - ukesm1-0-ll,426.2182312011719
2029-12-31 00:00:00,visit,ssp585,ukesm1-0-ll,ssp585 (FireMIP) - visit - ukesm1-0-ll,368.9773254394531
2030-12-31 00:00:00,visit,ssp585,ukesm1-0-ll,ssp585 (FireMIP) - visit - ukesm1-0-ll,378.6919860839844
2031-12-31 00:00:00,visit,ssp585,ukesm1-0-ll,ssp585 (FireMIP) - visit - ukesm1-0-ll,383.9997253417969
2032-12-31 00:00:00,visit,ssp585,ukesm1-0-ll,ssp585 (FireMIP) - visit - ukesm1-0-ll,409.2840576171875
2033-12-31 00:00:00,visit,ssp585,ukesm1-0-ll,ssp585 (FireMIP) - visit - ukesm1-0-ll,383.34521484375
2034-12-31 00:00:00,visit,ssp585,ukesm1-0-ll,ssp585 (FireMIP) - visit - ukesm1-0-ll,409.2840881347656
2035-12-31 00:00:00,visit,ssp585,ukesm1-0-ll,ssp585 (FireMIP) - visit - ukesm1-0-ll,395.505615234375
2036-12-31 00:00:00,visit,ssp585,ukesm1-0-ll,ssp585 (FireMIP) - visit - ukesm1-0-ll,442.6174621582031
2037-12-31 00:00:00,visit,ssp585,ukesm1-0-ll,ssp585 (FireMIP) - visit - ukesm1-0-ll,423.203369140625
2038-12-31 00:00:00,visit,ssp585,ukesm1-0-ll,ssp585 (FireMIP) - visit - ukesm1-0-ll,506.0988464355469
2039-12-31 00:00:00,visit,ssp585,ukesm1-0-ll,ssp585 (FireMIP) - visit - ukesm1-0-ll,417.8947448730469
2040-12-31 00:00:00,visit,ssp585,ukesm1-0-ll,ssp585 (FireMIP) - visit - ukesm1-0-ll,409.5438537597656
2041-12-31 00:00:00,visit,ssp585,ukesm1-0-ll,ssp585 (FireMIP) - visit - ukesm1-0-ll,433.3199462890625
2042-12-31 00:00:00,visit,ssp585,ukesm1-0-ll,ssp585 (FireMIP) - visit - ukesm1-0-ll,444.1713562011719
2043-12-31 00:00:00,visit,ssp585,ukesm1-0-ll,ssp585 (FireMIP) - visit - ukesm1-0-ll,380.8819274902344
2044-12-31 00:00:00,visit,ssp585,ukesm1-0-ll,ssp585 (FireMIP) - visit - ukesm1-0-ll,449.0179748535156
2045-12-31 00:00:00,visit,ssp585,ukesm1-0-ll,ssp585 (FireMIP) - visit - ukesm1-0-ll,429.8583068847656
2046-12-31 00:00:00,visit,ssp585,ukesm1-0-ll,ssp585 (FireMIP) - visit - ukesm1-0-ll,479.6895446777344
2047-12-31 00:00:00,visit,ssp585,ukesm1-0-ll,ssp585 (FireMIP) - visit - ukesm1-0-ll,561.3253784179688
2048-12-31 00:00:00,visit,ssp585,ukesm1-0-ll,ssp585 (FireMIP) - visit - ukesm1-0-ll,489.8904113769531
2049-12-31 00:00:00,visit,ssp585,ukesm1-0-ll,ssp585 (FireMIP) - visit - ukesm1-0-ll,446.1545715332031
2050-12-31 00:00:00,visit,ssp585,ukesm1-0-ll,ssp585 (FireMIP) - visit - ukesm1-0-ll,469.6086120605469
2051-12-31 00:00:00,visit,ssp585,ukesm1-0-ll,ssp585 (FireMIP) - visit - ukesm1-0-ll,465.2484130859375
2052-12-31 00:00:00,visit,ssp585,ukesm1-0-ll,ssp585 (FireMIP) - visit - ukesm1-0-ll,420.6888427734375
2053-12-31 00:00:00,visit,ssp585,ukesm1-0-ll,ssp585 (FireMIP) - visit - ukesm1-0-ll,406.5144348144531
2054-12-31 00:00:00,visit,ssp585,ukesm1-0-ll,ssp585 (FireMIP) - visit - ukesm1-0-ll,555.355224609375
2055-12-31 00:00:00,visit,ssp585,ukesm1-0-ll,ssp585 (FireMIP) - visit - ukesm1-0-ll,545.1983032226562
2056-12-31 00:00:00,visit,ssp585,ukesm1-0-ll,ssp585 (FireMIP) - visit - ukesm1-0-ll,589.752197265625
2057-12-31 00:00:00,visit,ssp585,ukesm1-0-ll,ssp585 (FireMIP) - visit - ukesm1-0-ll,605.494140625
2058-12-31 00:00:00,visit,ssp585,ukesm1-0-ll,ssp585 (FireMIP) - visit - ukesm1-0-ll,485.6556396484375
2059-12-31 00:00:00,visit,ssp585,ukesm1-0-ll,ssp585 (FireMIP) - visit - ukesm1-0-ll,502.8944396972656
2060-12-31 00:00:00,visit,ssp585,ukesm1-0-ll,ssp585 (FireMIP) - visit - ukesm1-0-ll,545.3118896484375
2061-12-31 00:00:00,visit,ssp585,ukesm1-0-ll,ssp585 (FireMIP) - visit - ukesm1-0-ll,490.7176513671875
2062-12-31 00:00:00,visit,ssp585,ukesm1-0-ll,ssp585 (FireMIP) - visit - ukesm1-0-ll,474.4403076171875
2063-12-31 00:00:00,visit,ssp585,ukesm1-0-ll,ssp585 (FireMIP) - visit - ukesm1-0-ll,608.8320922851562
2064-12-31 00:00:00,visit,ssp585,ukesm1-0-ll,ssp585 (FireMIP) - visit - ukesm1-0-ll,558.7276611328125
2065-12-31 00:00:00,visit,ssp585,ukesm1-0-ll,ssp585 (FireMIP) - visit - ukesm1-0-ll,464.6923522949219
2066-12-31 00:00:00,visit,ssp585,ukesm1-0-ll,ssp585 (FireMIP) - visit - ukesm1-0-ll,465.5701904296875
2067-12-31 00:00:00,visit,ssp585,ukesm1-0-ll,ssp585 (FireMIP) - visit - ukesm1-0-ll,514.316650390625
2068-12-31 00:00:00,visit,ssp585,ukesm1-0-ll,ssp585 (FireMIP) - visit - ukesm1-0-ll,505.9733581542969
2069-12-31 00:00:00,visit,ssp585,ukesm1-0-ll,ssp585 (FireMIP) - visit - ukesm1-0-ll,498.2198791503906
2070-12-31 00:00:00,visit,ssp585,ukesm1-0-ll,ssp585 (FireMIP) - visit - ukesm1-0-ll,484.9493408203125
2071-12-31 00:00:00,visit,ssp585,ukesm1-0-ll,ssp585 (FireMIP) - visit - ukesm1-0-ll,561.9022827148438
2072-12-31 00:00:00,visit,ssp585,ukesm1-0-ll,ssp585 (FireMIP) - visit - ukesm1-0-ll,639.3988647460938
2073-12-31 00:00:00,visit,ssp585,ukesm1-0-ll,ssp585 (FireMIP) - visit - ukesm1-0-ll,577.1298217773438
2074-12-31 00:00:00,visit,ssp585,ukesm1-0-ll,ssp585 (FireMIP) - visit - ukesm1-0-ll,649.0747680664062
2075-12-31 00:00:00,visit,ssp585,ukesm1-0-ll,ssp585 (FireMIP) - visit - ukesm1-0-ll,579.8422241210938
2076-12-31 00:00:00,visit,ssp585,ukesm1-0-ll,ssp585 (FireMIP) - visit - ukesm1-0-ll,628.1889038085938
2077-12-31 00:00:00,visit,ssp585,ukesm1-0-ll,ssp585 (FireMIP) - visit - ukesm1-0-ll,590.4253540039062
2078-12-31 00:00:00,visit,ssp585,ukesm1-0-ll,ssp585 (FireMIP) - visit - ukesm1-0-ll,685.3486328125
2079-12-31 00:00:00,visit,ssp585,ukesm1-0-ll,ssp585 (FireMIP) - visit - ukesm1-0-ll,478.3155822753906
2080-12-31 00:00:00,visit,ssp585,ukesm1-0-ll,ssp585 (FireMIP) - visit - ukesm1-0-ll,463.9235534667969
2081-12-31 00:00:00,visit,ssp585,ukesm1-0-ll,ssp585 (FireMIP) - visit - ukesm1-0-ll,538.9650268554688
2082-12-31 00:00:00,visit,ssp585,ukesm1-0-ll,ssp585 (FireMIP) - visit - ukesm1-0-ll,623.0947875976562
2083-12-31 00:00:00,visit,ssp585,ukesm1-0-ll,ssp585 (FireMIP) - visit - ukesm1-0-ll,602.9520263671875
2084-12-31 00:00:00,visit,ssp585,ukesm1-0-ll,ssp585 (FireMIP) - visit - ukesm1-0-ll,595.32275390625
2085-12-31 00:00:00,visit,ssp585,ukesm1-0-ll,ssp585 (FireMIP) - visit - ukesm1-0-ll,579.56298828125
2086-12-31 00:00:00,visit,ssp585,ukesm1-0-ll,ssp585 (FireMIP) - visit - ukesm1-0-ll,597.4779052734375
2087-12-31 00:00:00,visit,ssp585,ukesm1-0-ll,ssp585 (FireMIP) - visit - ukesm1-0-ll,528.0486450195312
2088-12-31 00:00:00,visit,ssp585,ukesm1-0-ll,ssp585 (FireMIP) - visit - ukesm1-0-ll,589.1737670898438
2089-12-31 00:00:00,visit,ssp585,ukesm1-0-ll,ssp585 (FireMIP) - visit - ukesm1-0-ll,589.8952026367188
2090-12-31 00:00:00,visit,ssp585,ukesm1-0-ll,ssp585 (FireMIP) - visit - ukesm1-0-ll,680.9342651367188
2091-12-31 00:00:00,visit,ssp585,ukesm1-0-ll,ssp585 (FireMIP) - visit - ukesm1-0-ll,573.579833984375
2092-12-31 00:00:00,visit,ssp585,ukesm1-0-ll,ssp585 (FireMIP) - visit - ukesm1-0-ll,655.7642211914062
2093-12-31 00:00:00,visit,ssp585,ukesm1-0-ll,ssp585 (FireMIP) - visit - ukesm1-0-ll,570.2111206054688
2094-12-31 00:00:00,visit,ssp585,ukesm1-0-ll,ssp585 (FireMIP) - visit - ukesm1-0-ll,564.4125366210938
2095-12-31 00:00:00,visit,ssp585,ukesm1-0-ll,ssp585 (FireMIP) - visit - ukesm1-0-ll,662.037353515625
2096-12-31 00:00:00,visit,ssp585,ukesm1-0-ll,ssp585 (FireMIP) - visit - ukesm1-0-ll,648.7714233398438
2097-12-31 00:00:00,visit,ssp585,ukesm1-0-ll,ssp585 (FireMIP) - visit - ukesm1-0-ll,534.8910522460938
2098-12-31 00:00:00,visit,ssp585,ukesm1-0-ll,ssp585 (FireMIP) - visit - ukesm1-0-ll,611.2319946289062
2099-12-31 00:00:00,visit,ssp585,ukesm1-0-ll,ssp585 (FireMIP) - visit - ukesm1-0-ll,508.7427673339844
2100-12-31 00:00:00,visit,ssp585,ukesm1-0-ll,ssp585 (FireMIP) - visit - ukesm1-0-ll,590.670166015625
2015-12-31 00:00:00,visit,ssp585,gfdl-esm4,ssp585 (FireMIP) - visit - gfdl-esm4,347.9353942871094
2016-12-31 00:00:00,visit,ssp585,gfdl-esm4,ssp585 (FireMIP) - visit - gfdl-esm4,388.9439392089844
2017-12-31 00:00:00,visit,ssp585,gfdl-esm4,ssp585 (FireMIP) - visit - gfdl-esm4,444.7773742675781
2018-12-31 00:00:00,visit,ssp585,gfdl-esm4,ssp585 (FireMIP) - visit - gfdl-esm4,326.8714294433594
2019-12-31 00:00:00,visit,ssp585,gfdl-esm4,ssp585 (FireMIP) - visit - gfdl-esm4,386.2015075683594
2020-12-31 00:00:00,visit,ssp585,gfdl-esm4,ssp585 (FireMIP) - visit - gfdl-esm4,370.3330993652344
2021-12-31 00:00:00,visit,ssp585,gfdl-esm4,ssp585 (FireMIP) - visit - gfdl-esm4,464.838134765625
2022-12-31 00:00:00,visit,ssp585,gfdl-esm4,ssp585 (FireMIP) - visit - gfdl-esm4,422.9349060058594
2023-12-31 00:00:00,visit,ssp585,gfdl-esm4,ssp585 (FireMIP) - visit - gfdl-esm4,359.3554992675781
2024-12-31 00:00:00,visit,ssp585,gfdl-esm4,ssp585 (FireMIP) - visit - gfdl-esm4,345.8853759765625
2025-12-31 00:00:00,visit,ssp585,gfdl-esm4,ssp585 (FireMIP) - visit - gfdl-esm4,346.7138366699219
2026-12-31 00:00:00,visit,ssp585,gfdl-esm4,ssp585 (FireMIP) - visit - gfdl-esm4,421.0101318359375
2027-12-31 00:00:00,visit,ssp585,gfdl-esm4,ssp585 (FireMIP) - visit - gfdl-esm4,356.7478942871094
2028-12-31 00:00:00,visit,ssp585,gfdl-esm4,ssp585 (FireMIP) - visit - gfdl-esm4,409.5088806152344
2029-12-31 00:00:00,visit,ssp585,gfdl-esm4,ssp585 (FireMIP) - visit - gfdl-esm4,382.01513671875
2030-12-31 00:00:00,visit,ssp585,gfdl-esm4,ssp585 (FireMIP) - visit - gfdl-esm4,313.9430847167969
2031-12-31 00:00:00,visit,ssp585,gfdl-esm4,ssp585 (FireMIP) - visit - gfdl-esm4,366.8840637207031
2032-12-31 00:00:00,visit,ssp585,gfdl-esm4,ssp585 (FireMIP) - visit - gfdl-esm4,409.8758544921875
2033-12-31 00:00:00,visit,ssp585,gfdl-esm4,ssp585 (FireMIP) - visit - gfdl-esm4,383.838134765625
2034-12-31 00:00:00,visit,ssp585,gfdl-esm4,ssp585 (FireMIP) - visit - gfdl-esm4,347.7397766113281
2035-12-31 00:00:00,visit,ssp585,gfdl-esm4,ssp585 (FireMIP) - visit - gfdl-esm4,387.910400390625
2036-12-31 00:00:00,visit,ssp585,gfdl-esm4,ssp585 (FireMIP) - visit - gfdl-esm4,497.6326599121094
2037-12-31 00:00:00,visit,ssp585,gfdl-esm4,ssp585 (FireMIP) - visit - gfdl-esm4,486.990478515625
2038-12-31 00:00:00,visit,ssp585,gfdl-esm4,ssp585 (FireMIP) - visit - gfdl-esm4,350.3787841796875
2039-12-31 00:00:00,visit,ssp585,gfdl-esm4,ssp585 (FireMIP) - visit - gfdl-esm4,380.0637512207031
2040-12-31 00:00:00,visit,ssp585,gfdl-esm4,ssp585 (FireMIP) - visit - gfdl-esm4,493.3227844238281
2041-12-31 00:00:00,visit,ssp585,gfdl-esm4,ssp585 (FireMIP) - visit - gfdl-esm4,402.7861633300781
2042-12-31 00:00:00,visit,ssp585,gfdl-esm4,ssp585 (FireMIP) - visit - gfdl-esm4,447.7673645019531
2043-12-31 00:00:00,visit,ssp585,gfdl-esm4,ssp585 (FireMIP) - visit - gfdl-esm4,484.1473693847656
2044-12-31 00:00:00,visit,ssp585,gfdl-esm4,ssp585 (FireMIP) - visit - gfdl-esm4,511.9603576660156
2045-12-31 00:00:00,visit,ssp585,gfdl-esm4,ssp585 (FireMIP) - visit - gfdl-esm4,437.147705078125
2046-12-31 00:00:00,visit,ssp585,gfdl-esm4,ssp585 (FireMIP) - visit - gfdl-esm4,410.1171569824219
2047-12-31 00:00:00,visit,ssp585,gfdl-esm4,ssp585 (FireMIP) - visit - gfdl-esm4,403.0844421386719
2048-12-31 00:00:00,visit,ssp585,gfdl-esm4,ssp585 (FireMIP) - visit - gfdl-esm4,555.2108154296875
2049-12-31 00:00:00,visit,ssp585,gfdl-esm4,ssp585 (FireMIP) - visit - gfdl-esm4,551.2792358398438
2050-12-31 00:00:00,visit,ssp585,gfdl-esm4,ssp585 (FireMIP) - visit - gfdl-esm4,446.8377685546875
2051-12-31 00:00:00,visit,ssp585,gfdl-esm4,ssp585 (FireMIP) - visit - gfdl-esm4,404.9659423828125
2052-12-31 00:00:00,visit,ssp585,gfdl-esm4,ssp585 (FireMIP) - visit - gfdl-esm4,482.9700927734375
2053-12-31 00:00:00,visit,ssp585,gfdl-esm4,ssp585 (FireMIP) - visit - gfdl-esm4,556.34423828125
2054-12-31 00:00:00,visit,ssp585,gfdl-esm4,ssp585 (FireMIP) - visit - gfdl-esm4,537.1792602539062
2055-12-31 00:00:00,visit,ssp585,gfdl-esm4,ssp585 (FireMIP) - visit - gfdl-esm4,527.8699951171875
2056-12-31 00:00:00,visit,ssp585,gfdl-esm4,ssp585 (FireMIP) - visit - gfdl-esm4,381.0806579589844
2057-12-31 00:00:00,visit,ssp585,gfdl-esm4,ssp585 (FireMIP) - visit - gfdl-esm4,465.5466613769531
2058-12-31 00:00:00,visit,ssp585,gfdl-esm4,ssp585 (FireMIP) - visit - gfdl-esm4,536.5062866210938
2059-12-31 00:00:00,visit,ssp585,gfdl-esm4,ssp585 (FireMIP) - visit - gfdl-esm4,493.25341796875
2060-12-31 00:00:00,visit,ssp585,gfdl-esm4,ssp585 (FireMIP) - visit - gfdl-esm4,437.8189392089844
2061-12-31 00:00:00,visit,ssp585,gfdl-esm4,ssp585 (FireMIP) - visit - gfdl-esm4,412.0929260253906
2062-12-31 00:00:00,visit,ssp585,gfdl-esm4,ssp585 (FireMIP) - visit - gfdl-esm4,524.3228149414062
2063-12-31 00:00:00,visit,ssp585,gfdl-esm4,ssp585 (FireMIP) - visit - gfdl-esm4,504.0067138671875
2064-12-31 00:00:00,visit,ssp585,gfdl-esm4,ssp585 (FireMIP) - visit - gfdl-esm4,604.5770874023438
2065-12-31 00:00:00,visit,ssp585,gfdl-esm4,ssp585 (FireMIP) - visit - gfdl-esm4,498.3605651855469
2066-12-31 00:00:00,visit,ssp585,gfdl-esm4,ssp585 (FireMIP) - visit - gfdl-esm4,452.1654052734375
2067-12-31 00:00:00,visit,ssp585,gfdl-esm4,ssp585 (FireMIP) - visit - gfdl-esm4,533.8384399414062
2068-12-31 00:00:00,visit,ssp585,gfdl-esm4,ssp585 (FireMIP) - visit - gfdl-esm4,459.361083984375
2069-12-31 00:00:00,visit,ssp585,gfdl-esm4,ssp585 (FireMIP) - visit - gfdl-esm4,514.2522583007812
2070-12-31 00:00:00,visit,ssp585,gfdl-esm4,ssp585 (FireMIP) - visit - gfdl-esm4,452.2955322265625
2071-12-31 00:00:00,visit,ssp585,gfdl-esm4,ssp585 (FireMIP) - visit - gfdl-esm4,504.4723205566406
2072-12-31 00:00:00,visit,ssp585,gfdl-esm4,ssp585 (FireMIP) - visit - gfdl-esm4,528.4422607421875
2073-12-31 00:00:00,visit,ssp585,gfdl-esm4,ssp585 (FireMIP) - visit - gfdl-esm4,609.1407470703125
2074-12-31 00:00:00,visit,ssp585,gfdl-esm4,ssp585 (FireMIP) - visit - gfdl-esm4,645.4891357421875
2075-12-31 00:00:00,visit,ssp585,gfdl-esm4,ssp585 (FireMIP) - visit - gfdl-esm4,567.8551635742188
2076-12-31 00:00:00,visit,ssp585,gfdl-esm4,ssp585 (FireMIP) - visit - gfdl-esm4,431.0756530761719
2077-12-31 00:00:00,visit,ssp585,gfdl-esm4,ssp585 (FireMIP) - visit - gfdl-esm4,484.83984375
2078-12-31 00:00:00,visit,ssp585,gfdl-esm4,ssp585 (FireMIP) - visit - gfdl-esm4,596.2937622070312
2079-12-31 00:00:00,visit,ssp585,gfdl-esm4,ssp585 (FireMIP) - visit - gfdl-esm4,522.9693603515625
2080-12-31 00:00:00,visit,ssp585,gfdl-esm4,ssp585 (FireMIP) - visit - gfdl-esm4,559.3588256835938
2081-12-31 00:00:00,visit,ssp585,gfdl-esm4,ssp585 (FireMIP) - visit - gfdl-esm4,654.2521362304688
2082-12-31 00:00:00,visit,ssp585,gfdl-esm4,ssp585 (FireMIP) - visit - gfdl-esm4,654.6460571289062
2083-12-31 00:00:00,visit,ssp585,gfdl-esm4,ssp585 (FireMIP) - visit - gfdl-esm4,477.8888244628906
2084-12-31 00:00:00,visit,ssp585,gfdl-esm4,ssp585 (FireMIP) - visit - gfdl-esm4,705.29296875
2085-12-31 00:00:00,visit,ssp585,gfdl-esm4,ssp585 (FireMIP) - visit - gfdl-esm4,558.402099609375
2086-12-31 00:00:00,visit,ssp585,gfdl-esm4,ssp585 (FireMIP) - visit - gfdl-esm4,683.6491088867188
2087-12-31 00:00:00,visit,ssp585,gfdl-esm4,ssp585 (FireMIP) - visit - gfdl-esm4,553.7479248046875
2088-12-31 00:00:00,visit,ssp585,gfdl-esm4,ssp585 (FireMIP) - visit - gfdl-esm4,415.7276306152344
2089-12-31 00:00:00,visit,ssp585,gfdl-esm4,ssp585 (FireMIP) - visit - gfdl-esm4,569.86328125
2090-12-31 00:00:00,visit,ssp585,gfdl-esm4,ssp585 (FireMIP) - visit - gfdl-esm4,536.18994140625
2091-12-31 00:00:00,visit,ssp585,gfdl-esm4,ssp585 (FireMIP) - visit - gfdl-esm4,671.6389770507812
2092-12-31 00:00:00,visit,ssp585,gfdl-esm4,ssp585 (FireMIP) - visit - gfdl-esm4,655.9948120117188
2093-12-31 00:00:00,visit,ssp585,gfdl-esm4,ssp585 (FireMIP) - visit - gfdl-esm4,657.2091674804688
2094-12-31 00:00:00,visit,ssp585,gfdl-esm4,ssp585 (FireMIP) - visit - gfdl-esm4,565.4733276367188
2095-12-31 00:00:00,visit,ssp585,gfdl-esm4,ssp585 (FireMIP) - visit - gfdl-esm4,567.3154296875
2096-12-31 00:00:00,visit,ssp585,gfdl-esm4,ssp585 (FireMIP) - visit - gfdl-esm4,545.3106689453125
2097-12-31 00:00:00,visit,ssp585,gfdl-esm4,ssp585 (FireMIP) - visit - gfdl-esm4,585.9662475585938
2098-12-31 00:00:00,visit,ssp585,gfdl-esm4,ssp585 (FireMIP) - visit - gfdl-esm4,601.6544799804688
2099-12-31 00:00:00,visit,ssp585,gfdl-esm4,ssp585 (FireMIP) - visit - gfdl-esm4,747.5542602539062
2100-12-31 00:00:00,visit,ssp585,gfdl-esm4,ssp585 (FireMIP) - visit - gfdl-esm4,531.3576049804688
2015-12-31 00:00:00,visit,ssp585,ipsl-cm6a-lr,ssp585 (FireMIP) - visit - ipsl-cm6a-lr,332.7912292480469
2016-12-31 00:00:00,visit,ssp585,ipsl-cm6a-lr,ssp585 (FireMIP) - visit - ipsl-cm6a-lr,366.5592956542969
2017-12-31 00:00:00,visit,ssp585,ipsl-cm6a-lr,ssp585 (FireMIP) - visit - ipsl-cm6a-lr,392.4144287109375
2018-12-31 00:00:00,visit,ssp585,ipsl-cm6a-lr,ssp585 (FireMIP) - visit - ipsl-cm6a-lr,340.08624267578125
2019-12-31 00:00:00,visit,ssp585,ipsl-cm6a-lr,ssp585 (FireMIP) - visit - ipsl-cm6a-lr,323.5667419433594
2020-12-31 00:00:00,visit,ssp585,ipsl-cm6a-lr,ssp585 (FireMIP) - visit - ipsl-cm6a-lr,385.2569274902344
2021-12-31 00:00:00,visit,ssp585,ipsl-cm6a-lr,ssp585 (FireMIP) - visit - ipsl-cm6a-lr,426.1180114746094
2022-12-31 00:00:00,visit,ssp585,ipsl-cm6a-lr,ssp585 (FireMIP) - visit - ipsl-cm6a-lr,385.9661560058594
2023-12-31 00:00:00,visit,ssp585,ipsl-cm6a-lr,ssp585 (FireMIP) - visit - ipsl-cm6a-lr,389.404052734375
2024-12-31 00:00:00,visit,ssp585,ipsl-cm6a-lr,ssp585 (FireMIP) - visit - ipsl-cm6a-lr,304.3248291015625
2025-12-31 00:00:00,visit,ssp585,ipsl-cm6a-lr,ssp585 (FireMIP) - visit - ipsl-cm6a-lr,349.261962890625
2026-12-31 00:00:00,visit,ssp585,ipsl-cm6a-lr,ssp585 (FireMIP) - visit - ipsl-cm6a-lr,315.3976135253906
2027-12-31 00:00:00,visit,ssp585,ipsl-cm6a-lr,ssp585 (FireMIP) - visit - ipsl-cm6a-lr,414.2623596191406
2028-12-31 00:00:00,visit,ssp585,ipsl-cm6a-lr,ssp585 (FireMIP) - visit - ipsl-cm6a-lr,402.8289489746094
2029-12-31 00:00:00,visit,ssp585,ipsl-cm6a-lr,ssp585 (FireMIP) - visit - ipsl-cm6a-lr,502.14892578125
2030-12-31 00:00:00,visit,ssp585,ipsl-cm6a-lr,ssp585 (FireMIP) - visit - ipsl-cm6a-lr,395.3359069824219
2031-12-31 00:00:00,visit,ssp585,ipsl-cm6a-lr,ssp585 (FireMIP) - visit - ipsl-cm6a-lr,317.1996765136719
2032-12-31 00:00:00,visit,ssp585,ipsl-cm6a-lr,ssp585 (FireMIP) - visit - ipsl-cm6a-lr,334.5720520019531
2033-12-31 00:00:00,visit,ssp585,ipsl-cm6a-lr,ssp585 (FireMIP) - visit - ipsl-cm6a-lr,314.33184814453125
2034-12-31 00:00:00,visit,ssp585,ipsl-cm6a-lr,ssp585 (FireMIP) - visit - ipsl-cm6a-lr,383.2327880859375
2035-12-31 00:00:00,visit,ssp585,ipsl-cm6a-lr,ssp585 (FireMIP) - visit - ipsl-cm6a-lr,346.3763427734375
2036-12-31 00:00:00,visit,ssp585,ipsl-cm6a-lr,ssp585 (FireMIP) - visit - ipsl-cm6a-lr,421.3642578125
2037-12-31 00:00:00,visit,ssp585,ipsl-cm6a-lr,ssp585 (FireMIP) - visit - ipsl-cm6a-lr,341.1124267578125
2038-12-31 00:00:00,visit,ssp585,ipsl-cm6a-lr,ssp585 (FireMIP) - visit - ipsl-cm6a-lr,392.6766052246094
2039-12-31 00:00:00,visit,ssp585,ipsl-cm6a-lr,ssp585 (FireMIP) - visit - ipsl-cm6a-lr,517.9974975585938
2040-12-31 00:00:00,visit,ssp585,ipsl-cm6a-lr,ssp585 (FireMIP) - visit - ipsl-cm6a-lr,375.1914367675781
2041-12-31 00:00:00,visit,ssp585,ipsl-cm6a-lr,ssp585 (FireMIP) - visit - ipsl-cm6a-lr,420.5138244628906
2042-12-31 00:00:00,visit,ssp585,ipsl-cm6a-lr,ssp585 (FireMIP) - visit - ipsl-cm6a-lr,467.3804626464844
2043-12-31 00:00:00,visit,ssp585,ipsl-cm6a-lr,ssp585 (FireMIP) - visit - ipsl-cm6a-lr,436.398681640625
2044-12-31 00:00:00,visit,ssp585,ipsl-cm6a-lr,ssp585 (FireMIP) - visit - ipsl-cm6a-lr,499.9593200683594
2045-12-31 00:00:00,visit,ssp585,ipsl-cm6a-lr,ssp585 (FireMIP) - visit - ipsl-cm6a-lr,467.2843933105469
2046-12-31 00:00:00,visit,ssp585,ipsl-cm6a-lr,ssp585 (FireMIP) - visit - ipsl-cm6a-lr,368.1698913574219
2047-12-31 00:00:00,visit,ssp585,ipsl-cm6a-lr,ssp585 (FireMIP) - visit - ipsl-cm6a-lr,400.5435791015625
2048-12-31 00:00:00,visit,ssp585,ipsl-cm6a-lr,ssp585 (FireMIP) - visit - ipsl-cm6a-lr,374.825439453125
2049-12-31 00:00:00,visit,ssp585,ipsl-cm6a-lr,ssp585 (FireMIP) - visit - ipsl-cm6a-lr,370.4983215332031
2050-12-31 00:00:00,visit,ssp585,ipsl-cm6a-lr,ssp585 (FireMIP) - visit - ipsl-cm6a-lr,419.8473205566406
2051-12-31 00:00:00,visit,ssp585,ipsl-cm6a-lr,ssp585 (FireMIP) - visit - ipsl-cm6a-lr,351.6304016113281
2052-12-31 00:00:00,visit,ssp585,ipsl-cm6a-lr,ssp585 (FireMIP) - visit - ipsl-cm6a-lr,560.1176147460938
2053-12-31 00:00:00,visit,ssp585,ipsl-cm6a-lr,ssp585 (FireMIP) - visit - ipsl-cm6a-lr,574.5728759765625
2054-12-31 00:00:00,visit,ssp585,ipsl-cm6a-lr,ssp585 (FireMIP) - visit - ipsl-cm6a-lr,444.9393310546875
2055-12-31 00:00:00,visit,ssp585,ipsl-cm6a-lr,ssp585 (FireMIP) - visit - ipsl-cm6a-lr,442.0240478515625
2056-12-31 00:00:00,visit,ssp585,ipsl-cm6a-lr,ssp585 (FireMIP) - visit - ipsl-cm6a-lr,551.8178100585938
2057-12-31 00:00:00,visit,ssp585,ipsl-cm6a-lr,ssp585 (FireMIP) - visit - ipsl-cm6a-lr,430.3040466308594
2058-12-31 00:00:00,visit,ssp585,ipsl-cm6a-lr,ssp585 (FireMIP) - visit - ipsl-cm6a-lr,432.7220153808594
2059-12-31 00:00:00,visit,ssp585,ipsl-cm6a-lr,ssp585 (FireMIP) - visit - ipsl-cm6a-lr,444.3276672363281
2060-12-31 00:00:00,visit,ssp585,ipsl-cm6a-lr,ssp585 (FireMIP) - visit - ipsl-cm6a-lr,600.6522827148438
2061-12-31 00:00:00,visit,ssp585,ipsl-cm6a-lr,ssp585 (FireMIP) - visit - ipsl-cm6a-lr,501.4017639160156
2062-12-31 00:00:00,visit,ssp585,ipsl-cm6a-lr,ssp585 (FireMIP) - visit - ipsl-cm6a-lr,433.862060546875
2063-12-31 00:00:00,visit,ssp585,ipsl-cm6a-lr,ssp585 (FireMIP) - visit - ipsl-cm6a-lr,451.2571716308594
2064-12-31 00:00:00,visit,ssp585,ipsl-cm6a-lr,ssp585 (FireMIP) - visit - ipsl-cm6a-lr,465.9831237792969
2065-12-31 00:00:00,visit,ssp585,ipsl-cm6a-lr,ssp585 (FireMIP) - visit - ipsl-cm6a-lr,417.4830017089844
2066-12-31 00:00:00,visit,ssp585,ipsl-cm6a-lr,ssp585 (FireMIP) - visit - ipsl-cm6a-lr,573.6883544921875
2067-12-31 00:00:00,visit,ssp585,ipsl-cm6a-lr,ssp585 (FireMIP) - visit - ipsl-cm6a-lr,480.6515808105469
2068-12-31 00:00:00,visit,ssp585,ipsl-cm6a-lr,ssp585 (FireMIP) - visit - ipsl-cm6a-lr,479.7704772949219
2069-12-31 00:00:00,visit,ssp585,ipsl-cm6a-lr,ssp585 (FireMIP) - visit - ipsl-cm6a-lr,479.4288330078125
2070-12-31 00:00:00,visit,ssp585,ipsl-cm6a-lr,ssp585 (FireMIP) - visit - ipsl-cm6a-lr,436.4175109863281
2071-12-31 00:00:00,visit,ssp585,ipsl-cm6a-lr,ssp585 (FireMIP) - visit - ipsl-cm6a-lr,541.2650756835938
2072-12-31 00:00:00,visit,ssp585,ipsl-cm6a-lr,ssp585 (FireMIP) - visit - ipsl-cm6a-lr,489.8040466308594
2073-12-31 00:00:00,visit,ssp585,ipsl-cm6a-lr,ssp585 (FireMIP) - visit - ipsl-cm6a-lr,533.0115356445312
2074-12-31 00:00:00,visit,ssp585,ipsl-cm6a-lr,ssp585 (FireMIP) - visit - ipsl-cm6a-lr,473.8504638671875
2075-12-31 00:00:00,visit,ssp585,ipsl-cm6a-lr,ssp585 (FireMIP) - visit - ipsl-cm6a-lr,467.5011901855469
2076-12-31 00:00:00,visit,ssp585,ipsl-cm6a-lr,ssp585 (FireMIP) - visit - ipsl-cm6a-lr,621.2234497070312
2077-12-31 00:00:00,visit,ssp585,ipsl-cm6a-lr,ssp585 (FireMIP) - visit - ipsl-cm6a-lr,611.8382568359375
2078-12-31 00:00:00,visit,ssp585,ipsl-cm6a-lr,ssp585 (FireMIP) - visit - ipsl-cm6a-lr,586.5675659179688
2079-12-31 00:00:00,visit,ssp585,ipsl-cm6a-lr,ssp585 (FireMIP) - visit - ipsl-cm6a-lr,467.5559997558594
2080-12-31 00:00:00,visit,ssp585,ipsl-cm6a-lr,ssp585 (FireMIP) - visit - ipsl-cm6a-lr,613.0169067382812
2081-12-31 00:00:00,visit,ssp585,ipsl-cm6a-lr,ssp585 (FireMIP) - visit - ipsl-cm6a-lr,633.1810913085938
2082-12-31 00:00:00,visit,ssp585,ipsl-cm6a-lr,ssp585 (FireMIP) - visit - ipsl-cm6a-lr,468.7711486816406
2083-12-31 00:00:00,visit,ssp585,ipsl-cm6a-lr,ssp585 (FireMIP) - visit - ipsl-cm6a-lr,530.3352661132812
2084-12-31 00:00:00,visit,ssp585,ipsl-cm6a-lr,ssp585 (FireMIP) - visit - ipsl-cm6a-lr,579.7426147460938
2085-12-31 00:00:00,visit,ssp585,ipsl-cm6a-lr,ssp585 (FireMIP) - visit - ipsl-cm6a-lr,500.180419921875
2086-12-31 00:00:00,visit,ssp585,ipsl-cm6a-lr,ssp585 (FireMIP) - visit - ipsl-cm6a-lr,536.6445922851562
2087-12-31 00:00:00,visit,ssp585,ipsl-cm6a-lr,ssp585 (FireMIP) - visit - ipsl-cm6a-lr,609.1294555664062
2088-12-31 00:00:00,visit,ssp585,ipsl-cm6a-lr,ssp585 (FireMIP) - visit - ipsl-cm6a-lr,584.718017578125
2089-12-31 00:00:00,visit,ssp585,ipsl-cm6a-lr,ssp585 (FireMIP) - visit - ipsl-cm6a-lr,571.0584716796875
2090-12-31 00:00:00,visit,ssp585,ipsl-cm6a-lr,ssp585 (FireMIP) - visit - ipsl-cm6a-lr,587.0634155273438
2091-12-31 00:00:00,visit,ssp585,ipsl-cm6a-lr,ssp585 (FireMIP) - visit - ipsl-cm6a-lr,638.0088500976562
2092-12-31 00:00:00,visit,ssp585,ipsl-cm6a-lr,ssp585 (FireMIP) - visit - ipsl-cm6a-lr,692.56005859375
2093-12-31 00:00:00,visit,ssp585,ipsl-cm6a-lr,ssp585 (FireMIP) - visit - ipsl-cm6a-lr,525.1726684570312
2094-12-31 00:00:00,visit,ssp585,ipsl-cm6a-lr,ssp585 (FireMIP) - visit - ipsl-cm6a-lr,580.3107299804688
2095-12-31 00:00:00,visit,ssp585,ipsl-cm6a-lr,ssp585 (FireMIP) - visit - ipsl-cm6a-lr,632.9567260742188
2096-12-31 00:00:00,visit,ssp585,ipsl-cm6a-lr,ssp585 (FireMIP) - visit - ipsl-cm6a-lr,606.2504272460938
2097-12-31 00:00:00,visit,ssp585,ipsl-cm6a-lr,ssp585 (FireMIP) - visit - ipsl-cm6a-lr,580.8781127929688
2098-12-31 00:00:00,visit,ssp585,ipsl-cm6a-lr,ssp585 (FireMIP) - visit - ipsl-cm6a-lr,630.7879028320312
2099-12-31 00:00:00,visit,ssp585,ipsl-cm6a-lr,ssp585 (FireMIP) - visit - ipsl-cm6a-lr,574.3848266601562
2100-12-31 00:00:00,visit,ssp585,ipsl-cm6a-lr,ssp585 (FireMIP) - visit - ipsl-cm6a-lr,576.6942749023438
1850-12-31 00:00:00,elm-eca,historical,mpi-esm1-2-hr,historical (FireMIP) - elm-eca - mpi-esm1-2-hr,394.4269104003906
1851-12-31 00:00:00,elm-eca,historical,mpi-esm1-2-hr,historical (FireMIP) - elm-eca - mpi-esm1-2-hr,398.09912109375
1852-12-31 00:00:00,elm-eca,historical,mpi-esm1-2-hr,historical (FireMIP) - elm-eca - mpi-esm1-2-hr,387.8448791503906
1853-12-31 00:00:00,elm-eca,historical,mpi-esm1-2-hr,historical (FireMIP) - elm-eca - mpi-esm1-2-hr,448.2911071777344
1854-12-31 00:00:00,elm-eca,historical,mpi-esm1-2-hr,historical (FireMIP) - elm-eca - mpi-esm1-2-hr,397.1186218261719
1855-12-31 00:00:00,elm-eca,historical,mpi-esm1-2-hr,historical (FireMIP) - elm-eca - mpi-esm1-2-hr,388.6308288574219
1856-12-31 00:00:00,elm-eca,historical,mpi-esm1-2-hr,historical (FireMIP) - elm-eca - mpi-esm1-2-hr,331.203857421875
1857-12-31 00:00:00,elm-eca,historical,mpi-esm1-2-hr,historical (FireMIP) - elm-eca - mpi-esm1-2-hr,506.1811828613281
1858-12-31 00:00:00,elm-eca,historical,mpi-esm1-2-hr,historical (FireMIP) - elm-eca - mpi-esm1-2-hr,428.5713806152344
1859-12-31 00:00:00,elm-eca,historical,mpi-esm1-2-hr,historical (FireMIP) - elm-eca - mpi-esm1-2-hr,418.9776916503906
1860-12-31 00:00:00,elm-eca,historical,mpi-esm1-2-hr,historical (FireMIP) - elm-eca - mpi-esm1-2-hr,430.130615234375
1861-12-31 00:00:00,elm-eca,historical,mpi-esm1-2-hr,historical (FireMIP) - elm-eca - mpi-esm1-2-hr,476.3423767089844
1862-12-31 00:00:00,elm-eca,historical,mpi-esm1-2-hr,historical (FireMIP) - elm-eca - mpi-esm1-2-hr,453.3168029785156
1863-12-31 00:00:00,elm-eca,historical,mpi-esm1-2-hr,historical (FireMIP) - elm-eca - mpi-esm1-2-hr,318.2425537109375
1864-12-31 00:00:00,elm-eca,historical,mpi-esm1-2-hr,historical (FireMIP) - elm-eca - mpi-esm1-2-hr,510.4941101074219
1865-12-31 00:00:00,elm-eca,historical,mpi-esm1-2-hr,historical (FireMIP) - elm-eca - mpi-esm1-2-hr,420.11962890625
1866-12-31 00:00:00,elm-eca,historical,mpi-esm1-2-hr,historical (FireMIP) - elm-eca - mpi-esm1-2-hr,344.9106140136719
1867-12-31 00:00:00,elm-eca,historical,mpi-esm1-2-hr,historical (FireMIP) - elm-eca - mpi-esm1-2-hr,415.484375
1868-12-31 00:00:00,elm-eca,historical,mpi-esm1-2-hr,historical (FireMIP) - elm-eca - mpi-esm1-2-hr,392.9967956542969
1869-12-31 00:00:00,elm-eca,historical,mpi-esm1-2-hr,historical (FireMIP) - elm-eca - mpi-esm1-2-hr,549.64453125
1870-12-31 00:00:00,elm-eca,historical,mpi-esm1-2-hr,historical (FireMIP) - elm-eca - mpi-esm1-2-hr,377.8313903808594
1871-12-31 00:00:00,elm-eca,historical,mpi-esm1-2-hr,historical (FireMIP) - elm-eca - mpi-esm1-2-hr,381.9549255371094
1872-12-31 00:00:00,elm-eca,historical,mpi-esm1-2-hr,historical (FireMIP) - elm-eca - mpi-esm1-2-hr,378.8337707519531
1873-12-31 00:00:00,elm-eca,historical,mpi-esm1-2-hr,historical (FireMIP) - elm-eca - mpi-esm1-2-hr,430.5252990722656
1874-12-31 00:00:00,elm-eca,historical,mpi-esm1-2-hr,historical (FireMIP) - elm-eca - mpi-esm1-2-hr,383.1051940917969
1875-12-31 00:00:00,elm-eca,historical,mpi-esm1-2-hr,historical (FireMIP) - elm-eca - mpi-esm1-2-hr,386.2386779785156
1876-12-31 00:00:00,elm-eca,historical,mpi-esm1-2-hr,historical (FireMIP) - elm-eca - mpi-esm1-2-hr,315.4399719238281
1877-12-31 00:00:00,elm-eca,historical,mpi-esm1-2-hr,historical (FireMIP) - elm-eca - mpi-esm1-2-hr,478.2038879394531
1878-12-31 00:00:00,elm-eca,historical,mpi-esm1-2-hr,historical (FireMIP) - elm-eca - mpi-esm1-2-hr,411.3222351074219
1879-12-31 00:00:00,elm-eca,historical,mpi-esm1-2-hr,historical (FireMIP) - elm-eca - mpi-esm1-2-hr,388.0470275878906
1880-12-31 00:00:00,elm-eca,historical,mpi-esm1-2-hr,historical (FireMIP) - elm-eca - mpi-esm1-2-hr,414.2264404296875
1881-12-31 00:00:00,elm-eca,historical,mpi-esm1-2-hr,historical (FireMIP) - elm-eca - mpi-esm1-2-hr,456.555419921875
1882-12-31 00:00:00,elm-eca,historical,mpi-esm1-2-hr,historical (FireMIP) - elm-eca - mpi-esm1-2-hr,439.249755859375
1883-12-31 00:00:00,elm-eca,historical,mpi-esm1-2-hr,historical (FireMIP) - elm-eca - mpi-esm1-2-hr,306.0391540527344
1884-12-31 00:00:00,elm-eca,historical,mpi-esm1-2-hr,historical (FireMIP) - elm-eca - mpi-esm1-2-hr,495.1559143066406
1885-12-31 00:00:00,elm-eca,historical,mpi-esm1-2-hr,historical (FireMIP) - elm-eca - mpi-esm1-2-hr,406.966552734375
1886-12-31 00:00:00,elm-eca,historical,mpi-esm1-2-hr,historical (FireMIP) - elm-eca - mpi-esm1-2-hr,327.81689453125
1887-12-31 00:00:00,elm-eca,historical,mpi-esm1-2-hr,historical (FireMIP) - elm-eca - mpi-esm1-2-hr,401.8973388671875
1888-12-31 00:00:00,elm-eca,historical,mpi-esm1-2-hr,historical (FireMIP) - elm-eca - mpi-esm1-2-hr,385.4603576660156
1889-12-31 00:00:00,elm-eca,historical,mpi-esm1-2-hr,historical (FireMIP) - elm-eca - mpi-esm1-2-hr,533.2830810546875
1890-12-31 00:00:00,elm-eca,historical,mpi-esm1-2-hr,historical (FireMIP) - elm-eca - mpi-esm1-2-hr,359.7467956542969
1891-12-31 00:00:00,elm-eca,historical,mpi-esm1-2-hr,historical (FireMIP) - elm-eca - mpi-esm1-2-hr,370.5033874511719
1892-12-31 00:00:00,elm-eca,historical,mpi-esm1-2-hr,historical (FireMIP) - elm-eca - mpi-esm1-2-hr,371.4385986328125
1893-12-31 00:00:00,elm-eca,historical,mpi-esm1-2-hr,historical (FireMIP) - elm-eca - mpi-esm1-2-hr,418.6472473144531
1894-12-31 00:00:00,elm-eca,historical,mpi-esm1-2-hr,historical (FireMIP) - elm-eca - mpi-esm1-2-hr,369.7171630859375
1895-12-31 00:00:00,elm-eca,historical,mpi-esm1-2-hr,historical (FireMIP) - elm-eca - mpi-esm1-2-hr,376.7459411621094
1896-12-31 00:00:00,elm-eca,historical,mpi-esm1-2-hr,historical (FireMIP) - elm-eca - mpi-esm1-2-hr,307.56219482421875
1897-12-31 00:00:00,elm-eca,historical,mpi-esm1-2-hr,historical (FireMIP) - elm-eca - mpi-esm1-2-hr,456.8054504394531
1898-12-31 00:00:00,elm-eca,historical,mpi-esm1-2-hr,historical (FireMIP) - elm-eca - mpi-esm1-2-hr,404.2091979980469
1899-12-31 00:00:00,elm-eca,historical,mpi-esm1-2-hr,historical (FireMIP) - elm-eca - mpi-esm1-2-hr,358.9820251464844
1900-12-31 00:00:00,elm-eca,historical,mpi-esm1-2-hr,historical (FireMIP) - elm-eca - mpi-esm1-2-hr,399.0976867675781
1901-12-31 00:00:00,elm-eca,historical,mpi-esm1-2-hr,historical (FireMIP) - elm-eca - mpi-esm1-2-hr,456.5501403808594
1902-12-31 00:00:00,elm-eca,historical,mpi-esm1-2-hr,historical (FireMIP) - elm-eca - mpi-esm1-2-hr,434.6029357910156
1903-12-31 00:00:00,elm-eca,historical,mpi-esm1-2-hr,historical (FireMIP) - elm-eca - mpi-esm1-2-hr,297.74822998046875
1904-12-31 00:00:00,elm-eca,historical,mpi-esm1-2-hr,historical (FireMIP) - elm-eca - mpi-esm1-2-hr,482.4248962402344
1905-12-31 00:00:00,elm-eca,historical,mpi-esm1-2-hr,historical (FireMIP) - elm-eca - mpi-esm1-2-hr,393.1388854980469
1906-12-31 00:00:00,elm-eca,historical,mpi-esm1-2-hr,historical (FireMIP) - elm-eca - mpi-esm1-2-hr,315.3096008300781
1907-12-31 00:00:00,elm-eca,historical,mpi-esm1-2-hr,historical (FireMIP) - elm-eca - mpi-esm1-2-hr,384.936279296875
1908-12-31 00:00:00,elm-eca,historical,mpi-esm1-2-hr,historical (FireMIP) - elm-eca - mpi-esm1-2-hr,385.4031982421875
1909-12-31 00:00:00,elm-eca,historical,mpi-esm1-2-hr,historical (FireMIP) - elm-eca - mpi-esm1-2-hr,528.9306030273438
1910-12-31 00:00:00,elm-eca,historical,mpi-esm1-2-hr,historical (FireMIP) - elm-eca - mpi-esm1-2-hr,357.3445739746094
1911-12-31 00:00:00,elm-eca,historical,mpi-esm1-2-hr,historical (FireMIP) - elm-eca - mpi-esm1-2-hr,367.466064453125
1912-12-31 00:00:00,elm-eca,historical,mpi-esm1-2-hr,historical (FireMIP) - elm-eca - mpi-esm1-2-hr,376.41748046875
1913-12-31 00:00:00,elm-eca,historical,mpi-esm1-2-hr,historical (FireMIP) - elm-eca - mpi-esm1-2-hr,422.203369140625
1914-12-31 00:00:00,elm-eca,historical,mpi-esm1-2-hr,historical (FireMIP) - elm-eca - mpi-esm1-2-hr,377.1192626953125
1915-12-31 00:00:00,elm-eca,historical,mpi-esm1-2-hr,historical (FireMIP) - elm-eca - mpi-esm1-2-hr,384.2637634277344
1916-12-31 00:00:00,elm-eca,historical,mpi-esm1-2-hr,historical (FireMIP) - elm-eca - mpi-esm1-2-hr,304.2012634277344
1917-12-31 00:00:00,elm-eca,historical,mpi-esm1-2-hr,historical (FireMIP) - elm-eca - mpi-esm1-2-hr,444.3449401855469
1918-12-31 00:00:00,elm-eca,historical,mpi-esm1-2-hr,historical (FireMIP) - elm-eca - mpi-esm1-2-hr,401.8990478515625
1919-12-31 00:00:00,elm-eca,historical,mpi-esm1-2-hr,historical (FireMIP) - elm-eca - mpi-esm1-2-hr,347.1106872558594
1920-12-31 00:00:00,elm-eca,historical,mpi-esm1-2-hr,historical (FireMIP) - elm-eca - mpi-esm1-2-hr,395.5748596191406
1921-12-31 00:00:00,elm-eca,historical,mpi-esm1-2-hr,historical (FireMIP) - elm-eca - mpi-esm1-2-hr,463.601806640625
1922-12-31 00:00:00,elm-eca,historical,mpi-esm1-2-hr,historical (FireMIP) - elm-eca - mpi-esm1-2-hr,363.0299987792969
1923-12-31 00:00:00,elm-eca,historical,mpi-esm1-2-hr,historical (FireMIP) - elm-eca - mpi-esm1-2-hr,335.1954040527344
1924-12-31 00:00:00,elm-eca,historical,mpi-esm1-2-hr,historical (FireMIP) - elm-eca - mpi-esm1-2-hr,391.1649475097656
1925-12-31 00:00:00,elm-eca,historical,mpi-esm1-2-hr,historical (FireMIP) - elm-eca - mpi-esm1-2-hr,364.4859313964844
1926-12-31 00:00:00,elm-eca,historical,mpi-esm1-2-hr,historical (FireMIP) - elm-eca - mpi-esm1-2-hr,458.8750915527344
1927-12-31 00:00:00,elm-eca,historical,mpi-esm1-2-hr,historical (FireMIP) - elm-eca - mpi-esm1-2-hr,314.8217468261719
1928-12-31 00:00:00,elm-eca,historical,mpi-esm1-2-hr,historical (FireMIP) - elm-eca - mpi-esm1-2-hr,443.7330322265625
1929-12-31 00:00:00,elm-eca,historical,mpi-esm1-2-hr,historical (FireMIP) - elm-eca - mpi-esm1-2-hr,436.8565979003906
1930-12-31 00:00:00,elm-eca,historical,mpi-esm1-2-hr,historical (FireMIP) - elm-eca - mpi-esm1-2-hr,363.4195861816406
1931-12-31 00:00:00,elm-eca,historical,mpi-esm1-2-hr,historical (FireMIP) - elm-eca - mpi-esm1-2-hr,365.9295349121094
1932-12-31 00:00:00,elm-eca,historical,mpi-esm1-2-hr,historical (FireMIP) - elm-eca - mpi-esm1-2-hr,374.901611328125
1933-12-31 00:00:00,elm-eca,historical,mpi-esm1-2-hr,historical (FireMIP) - elm-eca - mpi-esm1-2-hr,306.8279724121094
1934-12-31 00:00:00,elm-eca,historical,mpi-esm1-2-hr,historical (FireMIP) - elm-eca - mpi-esm1-2-hr,515.5863037109375
1935-12-31 00:00:00,elm-eca,historical,mpi-esm1-2-hr,historical (FireMIP) - elm-eca - mpi-esm1-2-hr,385.28759765625
1936-12-31 00:00:00,elm-eca,historical,mpi-esm1-2-hr,historical (FireMIP) - elm-eca - mpi-esm1-2-hr,385.9409484863281
1937-12-31 00:00:00,elm-eca,historical,mpi-esm1-2-hr,historical (FireMIP) - elm-eca - mpi-esm1-2-hr,426.2442321777344
1938-12-31 00:00:00,elm-eca,historical,mpi-esm1-2-hr,historical (FireMIP) - elm-eca - mpi-esm1-2-hr,411.9839782714844
1939-12-31 00:00:00,elm-eca,historical,mpi-esm1-2-hr,historical (FireMIP) - elm-eca - mpi-esm1-2-hr,327.9552917480469
1940-12-31 00:00:00,elm-eca,historical,mpi-esm1-2-hr,historical (FireMIP) - elm-eca - mpi-esm1-2-hr,339.7857971191406
1941-12-31 00:00:00,elm-eca,historical,mpi-esm1-2-hr,historical (FireMIP) - elm-eca - mpi-esm1-2-hr,347.45166015625
1942-12-31 00:00:00,elm-eca,historical,mpi-esm1-2-hr,historical (FireMIP) - elm-eca - mpi-esm1-2-hr,416.719970703125
1943-12-31 00:00:00,elm-eca,historical,mpi-esm1-2-hr,historical (FireMIP) - elm-eca - mpi-esm1-2-hr,411.8055419921875
1944-12-31 00:00:00,elm-eca,historical,mpi-esm1-2-hr,historical (FireMIP) - elm-eca - mpi-esm1-2-hr,396.962890625
1945-12-31 00:00:00,elm-eca,historical,mpi-esm1-2-hr,historical (FireMIP) - elm-eca - mpi-esm1-2-hr,377.6670227050781
1946-12-31 00:00:00,elm-eca,historical,mpi-esm1-2-hr,historical (FireMIP) - elm-eca - mpi-esm1-2-hr,307.0671691894531
1947-12-31 00:00:00,elm-eca,historical,mpi-esm1-2-hr,historical (FireMIP) - elm-eca - mpi-esm1-2-hr,454.9507751464844
1948-12-31 00:00:00,elm-eca,historical,mpi-esm1-2-hr,historical (FireMIP) - elm-eca - mpi-esm1-2-hr,463.2706298828125
1949-12-31 00:00:00,elm-eca,historical,mpi-esm1-2-hr,historical (FireMIP) - elm-eca - mpi-esm1-2-hr,417.8448181152344
1950-12-31 00:00:00,elm-eca,historical,mpi-esm1-2-hr,historical (FireMIP) - elm-eca - mpi-esm1-2-hr,424.394775390625
1951-12-31 00:00:00,elm-eca,historical,mpi-esm1-2-hr,historical (FireMIP) - elm-eca - mpi-esm1-2-hr,383.6278381347656
1952-12-31 00:00:00,elm-eca,historical,mpi-esm1-2-hr,historical (FireMIP) - elm-eca - mpi-esm1-2-hr,445.1441955566406
1953-12-31 00:00:00,elm-eca,historical,mpi-esm1-2-hr,historical (FireMIP) - elm-eca - mpi-esm1-2-hr,368.5328674316406
1954-12-31 00:00:00,elm-eca,historical,mpi-esm1-2-hr,historical (FireMIP) - elm-eca - mpi-esm1-2-hr,365.3007507324219
1955-12-31 00:00:00,elm-eca,historical,mpi-esm1-2-hr,historical (FireMIP) - elm-eca - mpi-esm1-2-hr,362.4849853515625
1956-12-31 00:00:00,elm-eca,historical,mpi-esm1-2-hr,historical (FireMIP) - elm-eca - mpi-esm1-2-hr,444.4902038574219
1957-12-31 00:00:00,elm-eca,historical,mpi-esm1-2-hr,historical (FireMIP) - elm-eca - mpi-esm1-2-hr,403.7208557128906
1958-12-31 00:00:00,elm-eca,historical,mpi-esm1-2-hr,historical (FireMIP) - elm-eca - mpi-esm1-2-hr,361.9045715332031
1959-12-31 00:00:00,elm-eca,historical,mpi-esm1-2-hr,historical (FireMIP) - elm-eca - mpi-esm1-2-hr,397.7767639160156
1960-12-31 00:00:00,elm-eca,historical,mpi-esm1-2-hr,historical (FireMIP) - elm-eca - mpi-esm1-2-hr,341.518798828125
1961-12-31 00:00:00,elm-eca,historical,mpi-esm1-2-hr,historical (FireMIP) - elm-eca - mpi-esm1-2-hr,452.7252502441406
1962-12-31 00:00:00,elm-eca,historical,mpi-esm1-2-hr,historical (FireMIP) - elm-eca - mpi-esm1-2-hr,321.2593078613281
1963-12-31 00:00:00,elm-eca,historical,mpi-esm1-2-hr,historical (FireMIP) - elm-eca - mpi-esm1-2-hr,368.3328857421875
1964-12-31 00:00:00,elm-eca,historical,mpi-esm1-2-hr,historical (FireMIP) - elm-eca - mpi-esm1-2-hr,460.9449157714844
1965-12-31 00:00:00,elm-eca,historical,mpi-esm1-2-hr,historical (FireMIP) - elm-eca - mpi-esm1-2-hr,405.4521484375
1966-12-31 00:00:00,elm-eca,historical,mpi-esm1-2-hr,historical (FireMIP) - elm-eca - mpi-esm1-2-hr,382.859130859375
1967-12-31 00:00:00,elm-eca,historical,mpi-esm1-2-hr,historical (FireMIP) - elm-eca - mpi-esm1-2-hr,273.1213073730469
1968-12-31 00:00:00,elm-eca,historical,mpi-esm1-2-hr,historical (FireMIP) - elm-eca - mpi-esm1-2-hr,415.7240295410156
1969-12-31 00:00:00,elm-eca,historical,mpi-esm1-2-hr,historical (FireMIP) - elm-eca - mpi-esm1-2-hr,376.9772644042969
1970-12-31 00:00:00,elm-eca,historical,mpi-esm1-2-hr,historical (FireMIP) - elm-eca - mpi-esm1-2-hr,332.23699951171875
1971-12-31 00:00:00,elm-eca,historical,mpi-esm1-2-hr,historical (FireMIP) - elm-eca - mpi-esm1-2-hr,503.0928039550781
1972-12-31 00:00:00,elm-eca,historical,mpi-esm1-2-hr,historical (FireMIP) - elm-eca - mpi-esm1-2-hr,339.8838806152344
1973-12-31 00:00:00,elm-eca,historical,mpi-esm1-2-hr,historical (FireMIP) - elm-eca - mpi-esm1-2-hr,363.2697448730469
1974-12-31 00:00:00,elm-eca,historical,mpi-esm1-2-hr,historical (FireMIP) - elm-eca - mpi-esm1-2-hr,382.7759704589844
1975-12-31 00:00:00,elm-eca,historical,mpi-esm1-2-hr,historical (FireMIP) - elm-eca - mpi-esm1-2-hr,306.3254699707031
1976-12-31 00:00:00,elm-eca,historical,mpi-esm1-2-hr,historical (FireMIP) - elm-eca - mpi-esm1-2-hr,393.628662109375
1977-12-31 00:00:00,elm-eca,historical,mpi-esm1-2-hr,historical (FireMIP) - elm-eca - mpi-esm1-2-hr,356.547607421875
1978-12-31 00:00:00,elm-eca,historical,mpi-esm1-2-hr,historical (FireMIP) - elm-eca - mpi-esm1-2-hr,333.1606750488281
1979-12-31 00:00:00,elm-eca,historical,mpi-esm1-2-hr,historical (FireMIP) - elm-eca - mpi-esm1-2-hr,309.6387023925781
1980-12-31 00:00:00,elm-eca,historical,mpi-esm1-2-hr,historical (FireMIP) - elm-eca - mpi-esm1-2-hr,397.8219909667969
1981-12-31 00:00:00,elm-eca,historical,mpi-esm1-2-hr,historical (FireMIP) - elm-eca - mpi-esm1-2-hr,341.648681640625
1982-12-31 00:00:00,elm-eca,historical,mpi-esm1-2-hr,historical (FireMIP) - elm-eca - mpi-esm1-2-hr,330.6079406738281
1983-12-31 00:00:00,elm-eca,historical,mpi-esm1-2-hr,historical (FireMIP) - elm-eca - mpi-esm1-2-hr,358.5726013183594
1984-12-31 00:00:00,elm-eca,historical,mpi-esm1-2-hr,historical (FireMIP) - elm-eca - mpi-esm1-2-hr,367.920654296875
1985-12-31 00:00:00,elm-eca,historical,mpi-esm1-2-hr,historical (FireMIP) - elm-eca - mpi-esm1-2-hr,377.8641052246094
1986-12-31 00:00:00,elm-eca,historical,mpi-esm1-2-hr,historical (FireMIP) - elm-eca - mpi-esm1-2-hr,389.5315856933594
1987-12-31 00:00:00,elm-eca,historical,mpi-esm1-2-hr,historical (FireMIP) - elm-eca - mpi-esm1-2-hr,389.2791748046875
1988-12-31 00:00:00,elm-eca,historical,mpi-esm1-2-hr,historical (FireMIP) - elm-eca - mpi-esm1-2-hr,382.3751220703125
1989-12-31 00:00:00,elm-eca,historical,mpi-esm1-2-hr,historical (FireMIP) - elm-eca - mpi-esm1-2-hr,400.9171447753906
1990-12-31 00:00:00,elm-eca,historical,mpi-esm1-2-hr,historical (FireMIP) - elm-eca - mpi-esm1-2-hr,389.7772521972656
1991-12-31 00:00:00,elm-eca,historical,mpi-esm1-2-hr,historical (FireMIP) - elm-eca - mpi-esm1-2-hr,372.8455810546875
1992-12-31 00:00:00,elm-eca,historical,mpi-esm1-2-hr,historical (FireMIP) - elm-eca - mpi-esm1-2-hr,318.5720520019531
1993-12-31 00:00:00,elm-eca,historical,mpi-esm1-2-hr,historical (FireMIP) - elm-eca - mpi-esm1-2-hr,325.7470703125
1994-12-31 00:00:00,elm-eca,historical,mpi-esm1-2-hr,historical (FireMIP) - elm-eca - mpi-esm1-2-hr,382.0343933105469
1995-12-31 00:00:00,elm-eca,historical,mpi-esm1-2-hr,historical (FireMIP) - elm-eca - mpi-esm1-2-hr,343.2949523925781
1996-12-31 00:00:00,elm-eca,historical,mpi-esm1-2-hr,historical (FireMIP) - elm-eca - mpi-esm1-2-hr,368.1702880859375
1997-12-31 00:00:00,elm-eca,historical,mpi-esm1-2-hr,historical (FireMIP) - elm-eca - mpi-esm1-2-hr,393.8076477050781
1998-12-31 00:00:00,elm-eca,historical,mpi-esm1-2-hr,historical (FireMIP) - elm-eca - mpi-esm1-2-hr,348.0950622558594
1999-12-31 00:00:00,elm-eca,historical,mpi-esm1-2-hr,historical (FireMIP) - elm-eca - mpi-esm1-2-hr,353.1603088378906
2000-12-31 00:00:00,elm-eca,historical,mpi-esm1-2-hr,historical (FireMIP) - elm-eca - mpi-esm1-2-hr,368.3571472167969
2001-12-31 00:00:00,elm-eca,historical,mpi-esm1-2-hr,historical (FireMIP) - elm-eca - mpi-esm1-2-hr,367.4702453613281
2002-12-31 00:00:00,elm-eca,historical,mpi-esm1-2-hr,historical (FireMIP) - elm-eca - mpi-esm1-2-hr,387.6434020996094
2003-12-31 00:00:00,elm-eca,historical,mpi-esm1-2-hr,historical (FireMIP) - elm-eca - mpi-esm1-2-hr,359.9966125488281
2004-12-31 00:00:00,elm-eca,historical,mpi-esm1-2-hr,historical (FireMIP) - elm-eca - mpi-esm1-2-hr,417.0132141113281
2005-12-31 00:00:00,elm-eca,historical,mpi-esm1-2-hr,historical (FireMIP) - elm-eca - mpi-esm1-2-hr,407.8688659667969
2006-12-31 00:00:00,elm-eca,historical,mpi-esm1-2-hr,historical (FireMIP) - elm-eca - mpi-esm1-2-hr,429.0514221191406
2007-12-31 00:00:00,elm-eca,historical,mpi-esm1-2-hr,historical (FireMIP) - elm-eca - mpi-esm1-2-hr,369.6794738769531
2008-12-31 00:00:00,elm-eca,historical,mpi-esm1-2-hr,historical (FireMIP) - elm-eca - mpi-esm1-2-hr,478.1011657714844
2009-12-31 00:00:00,elm-eca,historical,mpi-esm1-2-hr,historical (FireMIP) - elm-eca - mpi-esm1-2-hr,569.0073852539062
2010-12-31 00:00:00,elm-eca,historical,mpi-esm1-2-hr,historical (FireMIP) - elm-eca - mpi-esm1-2-hr,332.01507568359375
2011-12-31 00:00:00,elm-eca,historical,mpi-esm1-2-hr,historical (FireMIP) - elm-eca - mpi-esm1-2-hr,337.2787170410156
2012-12-31 00:00:00,elm-eca,historical,mpi-esm1-2-hr,historical (FireMIP) - elm-eca - mpi-esm1-2-hr,395.5025939941406
2013-12-31 00:00:00,elm-eca,historical,mpi-esm1-2-hr,historical (FireMIP) - elm-eca - mpi-esm1-2-hr,432.6884460449219
2014-12-31 00:00:00,elm-eca,historical,mpi-esm1-2-hr,historical (FireMIP) - elm-eca - mpi-esm1-2-hr,381.8768310546875
1850-12-31 00:00:00,elm-eca,historical,mri-esm2-0,historical (FireMIP) - elm-eca - mri-esm2-0,439.9386291503906
1851-12-31 00:00:00,elm-eca,historical,mri-esm2-0,historical (FireMIP) - elm-eca - mri-esm2-0,425.6429443359375
1852-12-31 00:00:00,elm-eca,historical,mri-esm2-0,historical (FireMIP) - elm-eca - mri-esm2-0,386.3358459472656
1853-12-31 00:00:00,elm-eca,historical,mri-esm2-0,historical (FireMIP) - elm-eca - mri-esm2-0,399.8770446777344
1854-12-31 00:00:00,elm-eca,historical,mri-esm2-0,historical (FireMIP) - elm-eca - mri-esm2-0,456.7895202636719
1855-12-31 00:00:00,elm-eca,historical,mri-esm2-0,historical (FireMIP) - elm-eca - mri-esm2-0,366.4930114746094
1856-12-31 00:00:00,elm-eca,historical,mri-esm2-0,historical (FireMIP) - elm-eca - mri-esm2-0,404.5108337402344
1857-12-31 00:00:00,elm-eca,historical,mri-esm2-0,historical (FireMIP) - elm-eca - mri-esm2-0,435.1771240234375
1858-12-31 00:00:00,elm-eca,historical,mri-esm2-0,historical (FireMIP) - elm-eca - mri-esm2-0,438.3065185546875
1859-12-31 00:00:00,elm-eca,historical,mri-esm2-0,historical (FireMIP) - elm-eca - mri-esm2-0,475.97998046875
1860-12-31 00:00:00,elm-eca,historical,mri-esm2-0,historical (FireMIP) - elm-eca - mri-esm2-0,440.4078369140625
1861-12-31 00:00:00,elm-eca,historical,mri-esm2-0,historical (FireMIP) - elm-eca - mri-esm2-0,515.96337890625
1862-12-31 00:00:00,elm-eca,historical,mri-esm2-0,historical (FireMIP) - elm-eca - mri-esm2-0,350.629638671875
1863-12-31 00:00:00,elm-eca,historical,mri-esm2-0,historical (FireMIP) - elm-eca - mri-esm2-0,369.1325378417969
1864-12-31 00:00:00,elm-eca,historical,mri-esm2-0,historical (FireMIP) - elm-eca - mri-esm2-0,454.4360046386719
1865-12-31 00:00:00,elm-eca,historical,mri-esm2-0,historical (FireMIP) - elm-eca - mri-esm2-0,456.847900390625
1866-12-31 00:00:00,elm-eca,historical,mri-esm2-0,historical (FireMIP) - elm-eca - mri-esm2-0,484.418212890625
1867-12-31 00:00:00,elm-eca,historical,mri-esm2-0,historical (FireMIP) - elm-eca - mri-esm2-0,413.044677734375
1868-12-31 00:00:00,elm-eca,historical,mri-esm2-0,historical (FireMIP) - elm-eca - mri-esm2-0,460.0355529785156
1869-12-31 00:00:00,elm-eca,historical,mri-esm2-0,historical (FireMIP) - elm-eca - mri-esm2-0,369.9886779785156
1870-12-31 00:00:00,elm-eca,historical,mri-esm2-0,historical (FireMIP) - elm-eca - mri-esm2-0,429.05908203125
1871-12-31 00:00:00,elm-eca,historical,mri-esm2-0,historical (FireMIP) - elm-eca - mri-esm2-0,407.6210632324219
1872-12-31 00:00:00,elm-eca,historical,mri-esm2-0,historical (FireMIP) - elm-eca - mri-esm2-0,375.3700866699219
1873-12-31 00:00:00,elm-eca,historical,mri-esm2-0,historical (FireMIP) - elm-eca - mri-esm2-0,384.7767639160156
1874-12-31 00:00:00,elm-eca,historical,mri-esm2-0,historical (FireMIP) - elm-eca - mri-esm2-0,442.4710388183594
1875-12-31 00:00:00,elm-eca,historical,mri-esm2-0,historical (FireMIP) - elm-eca - mri-esm2-0,354.3765869140625
1876-12-31 00:00:00,elm-eca,historical,mri-esm2-0,historical (FireMIP) - elm-eca - mri-esm2-0,391.7911682128906
1877-12-31 00:00:00,elm-eca,historical,mri-esm2-0,historical (FireMIP) - elm-eca - mri-esm2-0,422.132080078125
1878-12-31 00:00:00,elm-eca,historical,mri-esm2-0,historical (FireMIP) - elm-eca - mri-esm2-0,424.70458984375
1879-12-31 00:00:00,elm-eca,historical,mri-esm2-0,historical (FireMIP) - elm-eca - mri-esm2-0,457.0762634277344
1880-12-31 00:00:00,elm-eca,historical,mri-esm2-0,historical (FireMIP) - elm-eca - mri-esm2-0,428.551025390625
1881-12-31 00:00:00,elm-eca,historical,mri-esm2-0,historical (FireMIP) - elm-eca - mri-esm2-0,489.5149841308594
1882-12-31 00:00:00,elm-eca,historical,mri-esm2-0,historical (FireMIP) - elm-eca - mri-esm2-0,334.8576965332031
1883-12-31 00:00:00,elm-eca,historical,mri-esm2-0,historical (FireMIP) - elm-eca - mri-esm2-0,362.0874328613281
1884-12-31 00:00:00,elm-eca,historical,mri-esm2-0,historical (FireMIP) - elm-eca - mri-esm2-0,440.8203125
1885-12-31 00:00:00,elm-eca,historical,mri-esm2-0,historical (FireMIP) - elm-eca - mri-esm2-0,441.3033142089844
1886-12-31 00:00:00,elm-eca,historical,mri-esm2-0,historical (FireMIP) - elm-eca - mri-esm2-0,472.9694519042969
1887-12-31 00:00:00,elm-eca,historical,mri-esm2-0,historical (FireMIP) - elm-eca - mri-esm2-0,400.7016906738281
1888-12-31 00:00:00,elm-eca,historical,mri-esm2-0,historical (FireMIP) - elm-eca - mri-esm2-0,441.2793884277344
1889-12-31 00:00:00,elm-eca,historical,mri-esm2-0,historical (FireMIP) - elm-eca - mri-esm2-0,361.7012634277344
1890-12-31 00:00:00,elm-eca,historical,mri-esm2-0,historical (FireMIP) - elm-eca - mri-esm2-0,416.1446228027344
1891-12-31 00:00:00,elm-eca,historical,mri-esm2-0,historical (FireMIP) - elm-eca - mri-esm2-0,393.9941101074219
1892-12-31 00:00:00,elm-eca,historical,mri-esm2-0,historical (FireMIP) - elm-eca - mri-esm2-0,362.8863525390625
1893-12-31 00:00:00,elm-eca,historical,mri-esm2-0,historical (FireMIP) - elm-eca - mri-esm2-0,369.9774169921875
1894-12-31 00:00:00,elm-eca,historical,mri-esm2-0,historical (FireMIP) - elm-eca - mri-esm2-0,437.9462890625
1895-12-31 00:00:00,elm-eca,historical,mri-esm2-0,historical (FireMIP) - elm-eca - mri-esm2-0,338.8245849609375
1896-12-31 00:00:00,elm-eca,historical,mri-esm2-0,historical (FireMIP) - elm-eca - mri-esm2-0,382.7845458984375
1897-12-31 00:00:00,elm-eca,historical,mri-esm2-0,historical (FireMIP) - elm-eca - mri-esm2-0,413.3530578613281
1898-12-31 00:00:00,elm-eca,historical,mri-esm2-0,historical (FireMIP) - elm-eca - mri-esm2-0,411.8160705566406
1899-12-31 00:00:00,elm-eca,historical,mri-esm2-0,historical (FireMIP) - elm-eca - mri-esm2-0,443.0852355957031
1900-12-31 00:00:00,elm-eca,historical,mri-esm2-0,historical (FireMIP) - elm-eca - mri-esm2-0,415.0896301269531
1901-12-31 00:00:00,elm-eca,historical,mri-esm2-0,historical (FireMIP) - elm-eca - mri-esm2-0,476.6410827636719
1902-12-31 00:00:00,elm-eca,historical,mri-esm2-0,historical (FireMIP) - elm-eca - mri-esm2-0,331.3236999511719
1903-12-31 00:00:00,elm-eca,historical,mri-esm2-0,historical (FireMIP) - elm-eca - mri-esm2-0,357.5718994140625
1904-12-31 00:00:00,elm-eca,historical,mri-esm2-0,historical (FireMIP) - elm-eca - mri-esm2-0,431.3601379394531
1905-12-31 00:00:00,elm-eca,historical,mri-esm2-0,historical (FireMIP) - elm-eca - mri-esm2-0,431.6177673339844
1906-12-31 00:00:00,elm-eca,historical,mri-esm2-0,historical (FireMIP) - elm-eca - mri-esm2-0,460.846435546875
1907-12-31 00:00:00,elm-eca,historical,mri-esm2-0,historical (FireMIP) - elm-eca - mri-esm2-0,392.4475402832031
1908-12-31 00:00:00,elm-eca,historical,mri-esm2-0,historical (FireMIP) - elm-eca - mri-esm2-0,437.818603515625
1909-12-31 00:00:00,elm-eca,historical,mri-esm2-0,historical (FireMIP) - elm-eca - mri-esm2-0,361.5667724609375
1910-12-31 00:00:00,elm-eca,historical,mri-esm2-0,historical (FireMIP) - elm-eca - mri-esm2-0,416.2356262207031
1911-12-31 00:00:00,elm-eca,historical,mri-esm2-0,historical (FireMIP) - elm-eca - mri-esm2-0,394.0067138671875
1912-12-31 00:00:00,elm-eca,historical,mri-esm2-0,historical (FireMIP) - elm-eca - mri-esm2-0,361.2928161621094
1913-12-31 00:00:00,elm-eca,historical,mri-esm2-0,historical (FireMIP) - elm-eca - mri-esm2-0,366.2084655761719
1914-12-31 00:00:00,elm-eca,historical,mri-esm2-0,historical (FireMIP) - elm-eca - mri-esm2-0,446.839111328125
1915-12-31 00:00:00,elm-eca,historical,mri-esm2-0,historical (FireMIP) - elm-eca - mri-esm2-0,334.1065673828125
1916-12-31 00:00:00,elm-eca,historical,mri-esm2-0,historical (FireMIP) - elm-eca - mri-esm2-0,383.0731201171875
1917-12-31 00:00:00,elm-eca,historical,mri-esm2-0,historical (FireMIP) - elm-eca - mri-esm2-0,402.8153381347656
1918-12-31 00:00:00,elm-eca,historical,mri-esm2-0,historical (FireMIP) - elm-eca - mri-esm2-0,413.4119567871094
1919-12-31 00:00:00,elm-eca,historical,mri-esm2-0,historical (FireMIP) - elm-eca - mri-esm2-0,433.6789245605469
1920-12-31 00:00:00,elm-eca,historical,mri-esm2-0,historical (FireMIP) - elm-eca - mri-esm2-0,413.7275695800781
1921-12-31 00:00:00,elm-eca,historical,mri-esm2-0,historical (FireMIP) - elm-eca - mri-esm2-0,435.2223205566406
1922-12-31 00:00:00,elm-eca,historical,mri-esm2-0,historical (FireMIP) - elm-eca - mri-esm2-0,345.7878112792969
1923-12-31 00:00:00,elm-eca,historical,mri-esm2-0,historical (FireMIP) - elm-eca - mri-esm2-0,384.6195068359375
1924-12-31 00:00:00,elm-eca,historical,mri-esm2-0,historical (FireMIP) - elm-eca - mri-esm2-0,373.393310546875
1925-12-31 00:00:00,elm-eca,historical,mri-esm2-0,historical (FireMIP) - elm-eca - mri-esm2-0,460.7890319824219
1926-12-31 00:00:00,elm-eca,historical,mri-esm2-0,historical (FireMIP) - elm-eca - mri-esm2-0,401.2724304199219
1927-12-31 00:00:00,elm-eca,historical,mri-esm2-0,historical (FireMIP) - elm-eca - mri-esm2-0,449.83740234375
1928-12-31 00:00:00,elm-eca,historical,mri-esm2-0,historical (FireMIP) - elm-eca - mri-esm2-0,430.4429931640625
1929-12-31 00:00:00,elm-eca,historical,mri-esm2-0,historical (FireMIP) - elm-eca - mri-esm2-0,416.4458923339844
1930-12-31 00:00:00,elm-eca,historical,mri-esm2-0,historical (FireMIP) - elm-eca - mri-esm2-0,398.2334289550781
1931-12-31 00:00:00,elm-eca,historical,mri-esm2-0,historical (FireMIP) - elm-eca - mri-esm2-0,343.19091796875
1932-12-31 00:00:00,elm-eca,historical,mri-esm2-0,historical (FireMIP) - elm-eca - mri-esm2-0,414.9472351074219
1933-12-31 00:00:00,elm-eca,historical,mri-esm2-0,historical (FireMIP) - elm-eca - mri-esm2-0,445.0860595703125
1934-12-31 00:00:00,elm-eca,historical,mri-esm2-0,historical (FireMIP) - elm-eca - mri-esm2-0,290.9136657714844
1935-12-31 00:00:00,elm-eca,historical,mri-esm2-0,historical (FireMIP) - elm-eca - mri-esm2-0,392.6468505859375
1936-12-31 00:00:00,elm-eca,historical,mri-esm2-0,historical (FireMIP) - elm-eca - mri-esm2-0,543.9972534179688
1937-12-31 00:00:00,elm-eca,historical,mri-esm2-0,historical (FireMIP) - elm-eca - mri-esm2-0,350.1456298828125
1938-12-31 00:00:00,elm-eca,historical,mri-esm2-0,historical (FireMIP) - elm-eca - mri-esm2-0,396.3524169921875
1939-12-31 00:00:00,elm-eca,historical,mri-esm2-0,historical (FireMIP) - elm-eca - mri-esm2-0,363.6252746582031
1940-12-31 00:00:00,elm-eca,historical,mri-esm2-0,historical (FireMIP) - elm-eca - mri-esm2-0,428.4523010253906
1941-12-31 00:00:00,elm-eca,historical,mri-esm2-0,historical (FireMIP) - elm-eca - mri-esm2-0,398.5560607910156
1942-12-31 00:00:00,elm-eca,historical,mri-esm2-0,historical (FireMIP) - elm-eca - mri-esm2-0,321.37738037109375
1943-12-31 00:00:00,elm-eca,historical,mri-esm2-0,historical (FireMIP) - elm-eca - mri-esm2-0,349.5428466796875
1944-12-31 00:00:00,elm-eca,historical,mri-esm2-0,historical (FireMIP) - elm-eca - mri-esm2-0,463.0971374511719
1945-12-31 00:00:00,elm-eca,historical,mri-esm2-0,historical (FireMIP) - elm-eca - mri-esm2-0,396.3739929199219
1946-12-31 00:00:00,elm-eca,historical,mri-esm2-0,historical (FireMIP) - elm-eca - mri-esm2-0,491.2181091308594
1947-12-31 00:00:00,elm-eca,historical,mri-esm2-0,historical (FireMIP) - elm-eca - mri-esm2-0,399.0055236816406
1948-12-31 00:00:00,elm-eca,historical,mri-esm2-0,historical (FireMIP) - elm-eca - mri-esm2-0,403.6692199707031
1949-12-31 00:00:00,elm-eca,historical,mri-esm2-0,historical (FireMIP) - elm-eca - mri-esm2-0,501.3562316894531
1950-12-31 00:00:00,elm-eca,historical,mri-esm2-0,historical (FireMIP) - elm-eca - mri-esm2-0,378.923583984375
1951-12-31 00:00:00,elm-eca,historical,mri-esm2-0,historical (FireMIP) - elm-eca - mri-esm2-0,391.1612548828125
1952-12-31 00:00:00,elm-eca,historical,mri-esm2-0,historical (FireMIP) - elm-eca - mri-esm2-0,360.7638854980469
1953-12-31 00:00:00,elm-eca,historical,mri-esm2-0,historical (FireMIP) - elm-eca - mri-esm2-0,410.8383483886719
1954-12-31 00:00:00,elm-eca,historical,mri-esm2-0,historical (FireMIP) - elm-eca - mri-esm2-0,466.4543151855469
1955-12-31 00:00:00,elm-eca,historical,mri-esm2-0,historical (FireMIP) - elm-eca - mri-esm2-0,403.9119873046875
1956-12-31 00:00:00,elm-eca,historical,mri-esm2-0,historical (FireMIP) - elm-eca - mri-esm2-0,393.9521484375
1957-12-31 00:00:00,elm-eca,historical,mri-esm2-0,historical (FireMIP) - elm-eca - mri-esm2-0,383.1837158203125
1958-12-31 00:00:00,elm-eca,historical,mri-esm2-0,historical (FireMIP) - elm-eca - mri-esm2-0,403.5096435546875
1959-12-31 00:00:00,elm-eca,historical,mri-esm2-0,historical (FireMIP) - elm-eca - mri-esm2-0,394.4729919433594
1960-12-31 00:00:00,elm-eca,historical,mri-esm2-0,historical (FireMIP) - elm-eca - mri-esm2-0,319.1356506347656
1961-12-31 00:00:00,elm-eca,historical,mri-esm2-0,historical (FireMIP) - elm-eca - mri-esm2-0,343.3063659667969
1962-12-31 00:00:00,elm-eca,historical,mri-esm2-0,historical (FireMIP) - elm-eca - mri-esm2-0,373.1380920410156
1963-12-31 00:00:00,elm-eca,historical,mri-esm2-0,historical (FireMIP) - elm-eca - mri-esm2-0,370.11181640625
1964-12-31 00:00:00,elm-eca,historical,mri-esm2-0,historical (FireMIP) - elm-eca - mri-esm2-0,405.7218933105469
1965-12-31 00:00:00,elm-eca,historical,mri-esm2-0,historical (FireMIP) - elm-eca - mri-esm2-0,300.6145324707031
1966-12-31 00:00:00,elm-eca,historical,mri-esm2-0,historical (FireMIP) - elm-eca - mri-esm2-0,330.12506103515625
1967-12-31 00:00:00,elm-eca,historical,mri-esm2-0,historical (FireMIP) - elm-eca - mri-esm2-0,406.0419006347656
1968-12-31 00:00:00,elm-eca,historical,mri-esm2-0,historical (FireMIP) - elm-eca - mri-esm2-0,320.9753112792969
1969-12-31 00:00:00,elm-eca,historical,mri-esm2-0,historical (FireMIP) - elm-eca - mri-esm2-0,398.994384765625
1970-12-31 00:00:00,elm-eca,historical,mri-esm2-0,historical (FireMIP) - elm-eca - mri-esm2-0,346.3381652832031
1971-12-31 00:00:00,elm-eca,historical,mri-esm2-0,historical (FireMIP) - elm-eca - mri-esm2-0,366.69873046875
1972-12-31 00:00:00,elm-eca,historical,mri-esm2-0,historical (FireMIP) - elm-eca - mri-esm2-0,364.4143371582031
1973-12-31 00:00:00,elm-eca,historical,mri-esm2-0,historical (FireMIP) - elm-eca - mri-esm2-0,368.2649230957031
1974-12-31 00:00:00,elm-eca,historical,mri-esm2-0,historical (FireMIP) - elm-eca - mri-esm2-0,406.5816955566406
1975-12-31 00:00:00,elm-eca,historical,mri-esm2-0,historical (FireMIP) - elm-eca - mri-esm2-0,374.6251220703125
1976-12-31 00:00:00,elm-eca,historical,mri-esm2-0,historical (FireMIP) - elm-eca - mri-esm2-0,385.5029602050781
1977-12-31 00:00:00,elm-eca,historical,mri-esm2-0,historical (FireMIP) - elm-eca - mri-esm2-0,377.55810546875
1978-12-31 00:00:00,elm-eca,historical,mri-esm2-0,historical (FireMIP) - elm-eca - mri-esm2-0,400.0666809082031
1979-12-31 00:00:00,elm-eca,historical,mri-esm2-0,historical (FireMIP) - elm-eca - mri-esm2-0,334.18951416015625
1980-12-31 00:00:00,elm-eca,historical,mri-esm2-0,historical (FireMIP) - elm-eca - mri-esm2-0,361.1794738769531
1981-12-31 00:00:00,elm-eca,historical,mri-esm2-0,historical (FireMIP) - elm-eca - mri-esm2-0,340.0572204589844
1982-12-31 00:00:00,elm-eca,historical,mri-esm2-0,historical (FireMIP) - elm-eca - mri-esm2-0,458.3273010253906
1983-12-31 00:00:00,elm-eca,historical,mri-esm2-0,historical (FireMIP) - elm-eca - mri-esm2-0,372.120361328125
1984-12-31 00:00:00,elm-eca,historical,mri-esm2-0,historical (FireMIP) - elm-eca - mri-esm2-0,333.845458984375
1985-12-31 00:00:00,elm-eca,historical,mri-esm2-0,historical (FireMIP) - elm-eca - mri-esm2-0,386.8002624511719
1986-12-31 00:00:00,elm-eca,historical,mri-esm2-0,historical (FireMIP) - elm-eca - mri-esm2-0,480.0065612792969
1987-12-31 00:00:00,elm-eca,historical,mri-esm2-0,historical (FireMIP) - elm-eca - mri-esm2-0,393.6062927246094
1988-12-31 00:00:00,elm-eca,historical,mri-esm2-0,historical (FireMIP) - elm-eca - mri-esm2-0,276.2061767578125
1989-12-31 00:00:00,elm-eca,historical,mri-esm2-0,historical (FireMIP) - elm-eca - mri-esm2-0,390.4554443359375
1990-12-31 00:00:00,elm-eca,historical,mri-esm2-0,historical (FireMIP) - elm-eca - mri-esm2-0,386.8191833496094
1991-12-31 00:00:00,elm-eca,historical,mri-esm2-0,historical (FireMIP) - elm-eca - mri-esm2-0,386.7408752441406
1992-12-31 00:00:00,elm-eca,historical,mri-esm2-0,historical (FireMIP) - elm-eca - mri-esm2-0,383.0476379394531
1993-12-31 00:00:00,elm-eca,historical,mri-esm2-0,historical (FireMIP) - elm-eca - mri-esm2-0,377.5604553222656
1994-12-31 00:00:00,elm-eca,historical,mri-esm2-0,historical (FireMIP) - elm-eca - mri-esm2-0,353.3764343261719
1995-12-31 00:00:00,elm-eca,historical,mri-esm2-0,historical (FireMIP) - elm-eca - mri-esm2-0,426.417236328125
1996-12-31 00:00:00,elm-eca,historical,mri-esm2-0,historical (FireMIP) - elm-eca - mri-esm2-0,359.4859313964844
1997-12-31 00:00:00,elm-eca,historical,mri-esm2-0,historical (FireMIP) - elm-eca - mri-esm2-0,381.6102294921875
1998-12-31 00:00:00,elm-eca,historical,mri-esm2-0,historical (FireMIP) - elm-eca - mri-esm2-0,373.1932373046875
1999-12-31 00:00:00,elm-eca,historical,mri-esm2-0,historical (FireMIP) - elm-eca - mri-esm2-0,326.1840515136719
2000-12-31 00:00:00,elm-eca,historical,mri-esm2-0,historical (FireMIP) - elm-eca - mri-esm2-0,385.9671325683594
2001-12-31 00:00:00,elm-eca,historical,mri-esm2-0,historical (FireMIP) - elm-eca - mri-esm2-0,385.1878662109375
2002-12-31 00:00:00,elm-eca,historical,mri-esm2-0,historical (FireMIP) - elm-eca - mri-esm2-0,333.82452392578125
2003-12-31 00:00:00,elm-eca,historical,mri-esm2-0,historical (FireMIP) - elm-eca - mri-esm2-0,390.9540100097656
2004-12-31 00:00:00,elm-eca,historical,mri-esm2-0,historical (FireMIP) - elm-eca - mri-esm2-0,338.4733581542969
2005-12-31 00:00:00,elm-eca,historical,mri-esm2-0,historical (FireMIP) - elm-eca - mri-esm2-0,403.6210632324219
2006-12-31 00:00:00,elm-eca,historical,mri-esm2-0,historical (FireMIP) - elm-eca - mri-esm2-0,335.7908630371094
2007-12-31 00:00:00,elm-eca,historical,mri-esm2-0,historical (FireMIP) - elm-eca - mri-esm2-0,380.7569580078125
2008-12-31 00:00:00,elm-eca,historical,mri-esm2-0,historical (FireMIP) - elm-eca - mri-esm2-0,423.8461608886719
2009-12-31 00:00:00,elm-eca,historical,mri-esm2-0,historical (FireMIP) - elm-eca - mri-esm2-0,421.0540466308594
2010-12-31 00:00:00,elm-eca,historical,mri-esm2-0,historical (FireMIP) - elm-eca - mri-esm2-0,435.8310241699219
2011-12-31 00:00:00,elm-eca,historical,mri-esm2-0,historical (FireMIP) - elm-eca - mri-esm2-0,327.3330383300781
2012-12-31 00:00:00,elm-eca,historical,mri-esm2-0,historical (FireMIP) - elm-eca - mri-esm2-0,475.79296875
2013-12-31 00:00:00,elm-eca,historical,mri-esm2-0,historical (FireMIP) - elm-eca - mri-esm2-0,432.2286376953125
2014-12-31 00:00:00,elm-eca,historical,mri-esm2-0,historical (FireMIP) - elm-eca - mri-esm2-0,330.5505065917969
1850-12-31 00:00:00,elm-eca,historical,ukesm1-0-ll,historical (FireMIP) - elm-eca - ukesm1-0-ll,421.5894775390625
1851-12-31 00:00:00,elm-eca,historical,ukesm1-0-ll,historical (FireMIP) - elm-eca - ukesm1-0-ll,491.22509765625
1852-12-31 00:00:00,elm-eca,historical,ukesm1-0-ll,historical (FireMIP) - elm-eca - ukesm1-0-ll,497.3952331542969
1853-12-31 00:00:00,elm-eca,historical,ukesm1-0-ll,historical (FireMIP) - elm-eca - ukesm1-0-ll,470.7784118652344
1854-12-31 00:00:00,elm-eca,historical,ukesm1-0-ll,historical (FireMIP) - elm-eca - ukesm1-0-ll,444.3571472167969
1855-12-31 00:00:00,elm-eca,historical,ukesm1-0-ll,historical (FireMIP) - elm-eca - ukesm1-0-ll,439.74951171875
1856-12-31 00:00:00,elm-eca,historical,ukesm1-0-ll,historical (FireMIP) - elm-eca - ukesm1-0-ll,417.021484375
1857-12-31 00:00:00,elm-eca,historical,ukesm1-0-ll,historical (FireMIP) - elm-eca - ukesm1-0-ll,449.926513671875
1858-12-31 00:00:00,elm-eca,historical,ukesm1-0-ll,historical (FireMIP) - elm-eca - ukesm1-0-ll,418.457763671875
1859-12-31 00:00:00,elm-eca,historical,ukesm1-0-ll,historical (FireMIP) - elm-eca - ukesm1-0-ll,489.14501953125
1860-12-31 00:00:00,elm-eca,historical,ukesm1-0-ll,historical (FireMIP) - elm-eca - ukesm1-0-ll,452.0394287109375
1861-12-31 00:00:00,elm-eca,historical,ukesm1-0-ll,historical (FireMIP) - elm-eca - ukesm1-0-ll,427.0958557128906
1862-12-31 00:00:00,elm-eca,historical,ukesm1-0-ll,historical (FireMIP) - elm-eca - ukesm1-0-ll,446.3799133300781
1863-12-31 00:00:00,elm-eca,historical,ukesm1-0-ll,historical (FireMIP) - elm-eca - ukesm1-0-ll,472.1461181640625
1864-12-31 00:00:00,elm-eca,historical,ukesm1-0-ll,historical (FireMIP) - elm-eca - ukesm1-0-ll,461.4591369628906
1865-12-31 00:00:00,elm-eca,historical,ukesm1-0-ll,historical (FireMIP) - elm-eca - ukesm1-0-ll,437.9423522949219
1866-12-31 00:00:00,elm-eca,historical,ukesm1-0-ll,historical (FireMIP) - elm-eca - ukesm1-0-ll,353.1142578125
1867-12-31 00:00:00,elm-eca,historical,ukesm1-0-ll,historical (FireMIP) - elm-eca - ukesm1-0-ll,447.6767578125
1868-12-31 00:00:00,elm-eca,historical,ukesm1-0-ll,historical (FireMIP) - elm-eca - ukesm1-0-ll,387.4102783203125
1869-12-31 00:00:00,elm-eca,historical,ukesm1-0-ll,historical (FireMIP) - elm-eca - ukesm1-0-ll,443.8994140625
1870-12-31 00:00:00,elm-eca,historical,ukesm1-0-ll,historical (FireMIP) - elm-eca - ukesm1-0-ll,399.25830078125
1871-12-31 00:00:00,elm-eca,historical,ukesm1-0-ll,historical (FireMIP) - elm-eca - ukesm1-0-ll,456.1485900878906
1872-12-31 00:00:00,elm-eca,historical,ukesm1-0-ll,historical (FireMIP) - elm-eca - ukesm1-0-ll,478.0064697265625
1873-12-31 00:00:00,elm-eca,historical,ukesm1-0-ll,historical (FireMIP) - elm-eca - ukesm1-0-ll,462.6084899902344
1874-12-31 00:00:00,elm-eca,historical,ukesm1-0-ll,historical (FireMIP) - elm-eca - ukesm1-0-ll,425.99169921875
1875-12-31 00:00:00,elm-eca,historical,ukesm1-0-ll,historical (FireMIP) - elm-eca - ukesm1-0-ll,419.807861328125
1876-12-31 00:00:00,elm-eca,historical,ukesm1-0-ll,historical (FireMIP) - elm-eca - ukesm1-0-ll,398.5981750488281
1877-12-31 00:00:00,elm-eca,historical,ukesm1-0-ll,historical (FireMIP) - elm-eca - ukesm1-0-ll,429.6348571777344
1878-12-31 00:00:00,elm-eca,historical,ukesm1-0-ll,historical (FireMIP) - elm-eca - ukesm1-0-ll,407.3590393066406
1879-12-31 00:00:00,elm-eca,historical,ukesm1-0-ll,historical (FireMIP) - elm-eca - ukesm1-0-ll,471.4189758300781
1880-12-31 00:00:00,elm-eca,historical,ukesm1-0-ll,historical (FireMIP) - elm-eca - ukesm1-0-ll,439.3558654785156
1881-12-31 00:00:00,elm-eca,historical,ukesm1-0-ll,historical (FireMIP) - elm-eca - ukesm1-0-ll,423.3502197265625
1882-12-31 00:00:00,elm-eca,historical,ukesm1-0-ll,historical (FireMIP) - elm-eca - ukesm1-0-ll,430.8127746582031
1883-12-31 00:00:00,elm-eca,historical,ukesm1-0-ll,historical (FireMIP) - elm-eca - ukesm1-0-ll,452.4595642089844
1884-12-31 00:00:00,elm-eca,historical,ukesm1-0-ll,historical (FireMIP) - elm-eca - ukesm1-0-ll,438.9639892578125
1885-12-31 00:00:00,elm-eca,historical,ukesm1-0-ll,historical (FireMIP) - elm-eca - ukesm1-0-ll,416.1702880859375
1886-12-31 00:00:00,elm-eca,historical,ukesm1-0-ll,historical (FireMIP) - elm-eca - ukesm1-0-ll,349.1724548339844
1887-12-31 00:00:00,elm-eca,historical,ukesm1-0-ll,historical (FireMIP) - elm-eca - ukesm1-0-ll,430.5628356933594
1888-12-31 00:00:00,elm-eca,historical,ukesm1-0-ll,historical (FireMIP) - elm-eca - ukesm1-0-ll,376.7701416015625
1889-12-31 00:00:00,elm-eca,historical,ukesm1-0-ll,historical (FireMIP) - elm-eca - ukesm1-0-ll,427.9407043457031
1890-12-31 00:00:00,elm-eca,historical,ukesm1-0-ll,historical (FireMIP) - elm-eca - ukesm1-0-ll,378.1945495605469
1891-12-31 00:00:00,elm-eca,historical,ukesm1-0-ll,historical (FireMIP) - elm-eca - ukesm1-0-ll,432.5202331542969
1892-12-31 00:00:00,elm-eca,historical,ukesm1-0-ll,historical (FireMIP) - elm-eca - ukesm1-0-ll,453.640625
1893-12-31 00:00:00,elm-eca,historical,ukesm1-0-ll,historical (FireMIP) - elm-eca - ukesm1-0-ll,454.7222900390625
1894-12-31 00:00:00,elm-eca,historical,ukesm1-0-ll,historical (FireMIP) - elm-eca - ukesm1-0-ll,416.9983825683594
1895-12-31 00:00:00,elm-eca,historical,ukesm1-0-ll,historical (FireMIP) - elm-eca - ukesm1-0-ll,405.388671875
1896-12-31 00:00:00,elm-eca,historical,ukesm1-0-ll,historical (FireMIP) - elm-eca - ukesm1-0-ll,380.8034973144531
1897-12-31 00:00:00,elm-eca,historical,ukesm1-0-ll,historical (FireMIP) - elm-eca - ukesm1-0-ll,419.7060852050781
1898-12-31 00:00:00,elm-eca,historical,ukesm1-0-ll,historical (FireMIP) - elm-eca - ukesm1-0-ll,404.1090393066406
1899-12-31 00:00:00,elm-eca,historical,ukesm1-0-ll,historical (FireMIP) - elm-eca - ukesm1-0-ll,456.9693908691406
1900-12-31 00:00:00,elm-eca,historical,ukesm1-0-ll,historical (FireMIP) - elm-eca - ukesm1-0-ll,423.7965393066406
1901-12-31 00:00:00,elm-eca,historical,ukesm1-0-ll,historical (FireMIP) - elm-eca - ukesm1-0-ll,424.2310791015625
1902-12-31 00:00:00,elm-eca,historical,ukesm1-0-ll,historical (FireMIP) - elm-eca - ukesm1-0-ll,427.5370788574219
1903-12-31 00:00:00,elm-eca,historical,ukesm1-0-ll,historical (FireMIP) - elm-eca - ukesm1-0-ll,439.5426330566406
1904-12-31 00:00:00,elm-eca,historical,ukesm1-0-ll,historical (FireMIP) - elm-eca - ukesm1-0-ll,417.4795227050781
1905-12-31 00:00:00,elm-eca,historical,ukesm1-0-ll,historical (FireMIP) - elm-eca - ukesm1-0-ll,398.6676330566406
1906-12-31 00:00:00,elm-eca,historical,ukesm1-0-ll,historical (FireMIP) - elm-eca - ukesm1-0-ll,347.9077453613281
1907-12-31 00:00:00,elm-eca,historical,ukesm1-0-ll,historical (FireMIP) - elm-eca - ukesm1-0-ll,420.42041015625
1908-12-31 00:00:00,elm-eca,historical,ukesm1-0-ll,historical (FireMIP) - elm-eca - ukesm1-0-ll,379.9608459472656
1909-12-31 00:00:00,elm-eca,historical,ukesm1-0-ll,historical (FireMIP) - elm-eca - ukesm1-0-ll,423.0868225097656
1910-12-31 00:00:00,elm-eca,historical,ukesm1-0-ll,historical (FireMIP) - elm-eca - ukesm1-0-ll,376.7124938964844
1911-12-31 00:00:00,elm-eca,historical,ukesm1-0-ll,historical (FireMIP) - elm-eca - ukesm1-0-ll,418.659912109375
1912-12-31 00:00:00,elm-eca,historical,ukesm1-0-ll,historical (FireMIP) - elm-eca - ukesm1-0-ll,451.6368103027344
1913-12-31 00:00:00,elm-eca,historical,ukesm1-0-ll,historical (FireMIP) - elm-eca - ukesm1-0-ll,461.2772521972656
1914-12-31 00:00:00,elm-eca,historical,ukesm1-0-ll,historical (FireMIP) - elm-eca - ukesm1-0-ll,422.7977294921875
1915-12-31 00:00:00,elm-eca,historical,ukesm1-0-ll,historical (FireMIP) - elm-eca - ukesm1-0-ll,401.6930236816406
1916-12-31 00:00:00,elm-eca,historical,ukesm1-0-ll,historical (FireMIP) - elm-eca - ukesm1-0-ll,374.4873962402344
1917-12-31 00:00:00,elm-eca,historical,ukesm1-0-ll,historical (FireMIP) - elm-eca - ukesm1-0-ll,412.432861328125
1918-12-31 00:00:00,elm-eca,historical,ukesm1-0-ll,historical (FireMIP) - elm-eca - ukesm1-0-ll,408.9354553222656
1919-12-31 00:00:00,elm-eca,historical,ukesm1-0-ll,historical (FireMIP) - elm-eca - ukesm1-0-ll,440.2576599121094
1920-12-31 00:00:00,elm-eca,historical,ukesm1-0-ll,historical (FireMIP) - elm-eca - ukesm1-0-ll,419.7215881347656
1921-12-31 00:00:00,elm-eca,historical,ukesm1-0-ll,historical (FireMIP) - elm-eca - ukesm1-0-ll,467.337158203125
1922-12-31 00:00:00,elm-eca,historical,ukesm1-0-ll,historical (FireMIP) - elm-eca - ukesm1-0-ll,398.0502624511719
1923-12-31 00:00:00,elm-eca,historical,ukesm1-0-ll,historical (FireMIP) - elm-eca - ukesm1-0-ll,420.3547058105469
1924-12-31 00:00:00,elm-eca,historical,ukesm1-0-ll,historical (FireMIP) - elm-eca - ukesm1-0-ll,358.8143005371094
1925-12-31 00:00:00,elm-eca,historical,ukesm1-0-ll,historical (FireMIP) - elm-eca - ukesm1-0-ll,386.1912841796875
1926-12-31 00:00:00,elm-eca,historical,ukesm1-0-ll,historical (FireMIP) - elm-eca - ukesm1-0-ll,456.193603515625
1927-12-31 00:00:00,elm-eca,historical,ukesm1-0-ll,historical (FireMIP) - elm-eca - ukesm1-0-ll,301.3070983886719
1928-12-31 00:00:00,elm-eca,historical,ukesm1-0-ll,historical (FireMIP) - elm-eca - ukesm1-0-ll,447.66015625
1929-12-31 00:00:00,elm-eca,historical,ukesm1-0-ll,historical (FireMIP) - elm-eca - ukesm1-0-ll,423.9739990234375
1930-12-31 00:00:00,elm-eca,historical,ukesm1-0-ll,historical (FireMIP) - elm-eca - ukesm1-0-ll,432.366455078125
1931-12-31 00:00:00,elm-eca,historical,ukesm1-0-ll,historical (FireMIP) - elm-eca - ukesm1-0-ll,401.5423583984375
1932-12-31 00:00:00,elm-eca,historical,ukesm1-0-ll,historical (FireMIP) - elm-eca - ukesm1-0-ll,343.9277648925781
1933-12-31 00:00:00,elm-eca,historical,ukesm1-0-ll,historical (FireMIP) - elm-eca - ukesm1-0-ll,429.4261779785156
1934-12-31 00:00:00,elm-eca,historical,ukesm1-0-ll,historical (FireMIP) - elm-eca - ukesm1-0-ll,393.5577087402344
1935-12-31 00:00:00,elm-eca,historical,ukesm1-0-ll,historical (FireMIP) - elm-eca - ukesm1-0-ll,350.3794250488281
1936-12-31 00:00:00,elm-eca,historical,ukesm1-0-ll,historical (FireMIP) - elm-eca - ukesm1-0-ll,413.1767578125
1937-12-31 00:00:00,elm-eca,historical,ukesm1-0-ll,historical (FireMIP) - elm-eca - ukesm1-0-ll,352.2022399902344
1938-12-31 00:00:00,elm-eca,historical,ukesm1-0-ll,historical (FireMIP) - elm-eca - ukesm1-0-ll,372.4766845703125
1939-12-31 00:00:00,elm-eca,historical,ukesm1-0-ll,historical (FireMIP) - elm-eca - ukesm1-0-ll,405.4089660644531
1940-12-31 00:00:00,elm-eca,historical,ukesm1-0-ll,historical (FireMIP) - elm-eca - ukesm1-0-ll,395.3993225097656
1941-12-31 00:00:00,elm-eca,historical,ukesm1-0-ll,historical (FireMIP) - elm-eca - ukesm1-0-ll,338.6211853027344
1942-12-31 00:00:00,elm-eca,historical,ukesm1-0-ll,historical (FireMIP) - elm-eca - ukesm1-0-ll,409.0400085449219
1943-12-31 00:00:00,elm-eca,historical,ukesm1-0-ll,historical (FireMIP) - elm-eca - ukesm1-0-ll,401.6084899902344
1944-12-31 00:00:00,elm-eca,historical,ukesm1-0-ll,historical (FireMIP) - elm-eca - ukesm1-0-ll,400.96875
1945-12-31 00:00:00,elm-eca,historical,ukesm1-0-ll,historical (FireMIP) - elm-eca - ukesm1-0-ll,321.8284912109375
1946-12-31 00:00:00,elm-eca,historical,ukesm1-0-ll,historical (FireMIP) - elm-eca - ukesm1-0-ll,397.6880187988281
1947-12-31 00:00:00,elm-eca,historical,ukesm1-0-ll,historical (FireMIP) - elm-eca - ukesm1-0-ll,452.7525634765625
1948-12-31 00:00:00,elm-eca,historical,ukesm1-0-ll,historical (FireMIP) - elm-eca - ukesm1-0-ll,386.4823913574219
1949-12-31 00:00:00,elm-eca,historical,ukesm1-0-ll,historical (FireMIP) - elm-eca - ukesm1-0-ll,361.531982421875
1950-12-31 00:00:00,elm-eca,historical,ukesm1-0-ll,historical (FireMIP) - elm-eca - ukesm1-0-ll,407.0392150878906
1951-12-31 00:00:00,elm-eca,historical,ukesm1-0-ll,historical (FireMIP) - elm-eca - ukesm1-0-ll,375.8077087402344
1952-12-31 00:00:00,elm-eca,historical,ukesm1-0-ll,historical (FireMIP) - elm-eca - ukesm1-0-ll,362.7821044921875
1953-12-31 00:00:00,elm-eca,historical,ukesm1-0-ll,historical (FireMIP) - elm-eca - ukesm1-0-ll,437.2062072753906
1954-12-31 00:00:00,elm-eca,historical,ukesm1-0-ll,historical (FireMIP) - elm-eca - ukesm1-0-ll,431.8312072753906
1955-12-31 00:00:00,elm-eca,historical,ukesm1-0-ll,historical (FireMIP) - elm-eca - ukesm1-0-ll,317.44140625
1956-12-31 00:00:00,elm-eca,historical,ukesm1-0-ll,historical (FireMIP) - elm-eca - ukesm1-0-ll,370.8236999511719
1957-12-31 00:00:00,elm-eca,historical,ukesm1-0-ll,historical (FireMIP) - elm-eca - ukesm1-0-ll,426.6882629394531
1958-12-31 00:00:00,elm-eca,historical,ukesm1-0-ll,historical (FireMIP) - elm-eca - ukesm1-0-ll,401.1227111816406
1959-12-31 00:00:00,elm-eca,historical,ukesm1-0-ll,historical (FireMIP) - elm-eca - ukesm1-0-ll,415.6482849121094
1960-12-31 00:00:00,elm-eca,historical,ukesm1-0-ll,historical (FireMIP) - elm-eca - ukesm1-0-ll,320.7701721191406
1961-12-31 00:00:00,elm-eca,historical,ukesm1-0-ll,historical (FireMIP) - elm-eca - ukesm1-0-ll,383.5603942871094
1962-12-31 00:00:00,elm-eca,historical,ukesm1-0-ll,historical (FireMIP) - elm-eca - ukesm1-0-ll,440.4949951171875
1963-12-31 00:00:00,elm-eca,historical,ukesm1-0-ll,historical (FireMIP) - elm-eca - ukesm1-0-ll,371.4513244628906
1964-12-31 00:00:00,elm-eca,historical,ukesm1-0-ll,historical (FireMIP) - elm-eca - ukesm1-0-ll,309.6780700683594
1965-12-31 00:00:00,elm-eca,historical,ukesm1-0-ll,historical (FireMIP) - elm-eca - ukesm1-0-ll,394.5808410644531
1966-12-31 00:00:00,elm-eca,historical,ukesm1-0-ll,historical (FireMIP) - elm-eca - ukesm1-0-ll,338.3128356933594
1967-12-31 00:00:00,elm-eca,historical,ukesm1-0-ll,historical (FireMIP) - elm-eca - ukesm1-0-ll,353.1029357910156
1968-12-31 00:00:00,elm-eca,historical,ukesm1-0-ll,historical (FireMIP) - elm-eca - ukesm1-0-ll,333.37847900390625
1969-12-31 00:00:00,elm-eca,historical,ukesm1-0-ll,historical (FireMIP) - elm-eca - ukesm1-0-ll,388.1239929199219
1970-12-31 00:00:00,elm-eca,historical,ukesm1-0-ll,historical (FireMIP) - elm-eca - ukesm1-0-ll,365.0443115234375
1971-12-31 00:00:00,elm-eca,historical,ukesm1-0-ll,historical (FireMIP) - elm-eca - ukesm1-0-ll,326.4459533691406
1972-12-31 00:00:00,elm-eca,historical,ukesm1-0-ll,historical (FireMIP) - elm-eca - ukesm1-0-ll,338.2134704589844
1973-12-31 00:00:00,elm-eca,historical,ukesm1-0-ll,historical (FireMIP) - elm-eca - ukesm1-0-ll,307.220458984375
1974-12-31 00:00:00,elm-eca,historical,ukesm1-0-ll,historical (FireMIP) - elm-eca - ukesm1-0-ll,369.6029357910156
1975-12-31 00:00:00,elm-eca,historical,ukesm1-0-ll,historical (FireMIP) - elm-eca - ukesm1-0-ll,382.0155029296875
1976-12-31 00:00:00,elm-eca,historical,ukesm1-0-ll,historical (FireMIP) - elm-eca - ukesm1-0-ll,332.5677490234375
1977-12-31 00:00:00,elm-eca,historical,ukesm1-0-ll,historical (FireMIP) - elm-eca - ukesm1-0-ll,351.5983581542969
1978-12-31 00:00:00,elm-eca,historical,ukesm1-0-ll,historical (FireMIP) - elm-eca - ukesm1-0-ll,447.7076721191406
1979-12-31 00:00:00,elm-eca,historical,ukesm1-0-ll,historical (FireMIP) - elm-eca - ukesm1-0-ll,355.1062927246094
1980-12-31 00:00:00,elm-eca,historical,ukesm1-0-ll,historical (FireMIP) - elm-eca - ukesm1-0-ll,295.4921875
1981-12-31 00:00:00,elm-eca,historical,ukesm1-0-ll,historical (FireMIP) - elm-eca - ukesm1-0-ll,387.7742614746094
1982-12-31 00:00:00,elm-eca,historical,ukesm1-0-ll,historical (FireMIP) - elm-eca - ukesm1-0-ll,409.4524841308594
1983-12-31 00:00:00,elm-eca,historical,ukesm1-0-ll,historical (FireMIP) - elm-eca - ukesm1-0-ll,409.8272399902344
1984-12-31 00:00:00,elm-eca,historical,ukesm1-0-ll,historical (FireMIP) - elm-eca - ukesm1-0-ll,374.7491149902344
1985-12-31 00:00:00,elm-eca,historical,ukesm1-0-ll,historical (FireMIP) - elm-eca - ukesm1-0-ll,418.161865234375
1986-12-31 00:00:00,elm-eca,historical,ukesm1-0-ll,historical (FireMIP) - elm-eca - ukesm1-0-ll,355.1432189941406
1987-12-31 00:00:00,elm-eca,historical,ukesm1-0-ll,historical (FireMIP) - elm-eca - ukesm1-0-ll,398.4996643066406
1988-12-31 00:00:00,elm-eca,historical,ukesm1-0-ll,historical (FireMIP) - elm-eca - ukesm1-0-ll,345.5855712890625
1989-12-31 00:00:00,elm-eca,historical,ukesm1-0-ll,historical (FireMIP) - elm-eca - ukesm1-0-ll,392.3323059082031
1990-12-31 00:00:00,elm-eca,historical,ukesm1-0-ll,historical (FireMIP) - elm-eca - ukesm1-0-ll,375.0001220703125
1991-12-31 00:00:00,elm-eca,historical,ukesm1-0-ll,historical (FireMIP) - elm-eca - ukesm1-0-ll,363.1014099121094
1992-12-31 00:00:00,elm-eca,historical,ukesm1-0-ll,historical (FireMIP) - elm-eca - ukesm1-0-ll,323.3181457519531
1993-12-31 00:00:00,elm-eca,historical,ukesm1-0-ll,historical (FireMIP) - elm-eca - ukesm1-0-ll,318.3130798339844
1994-12-31 00:00:00,elm-eca,historical,ukesm1-0-ll,historical (FireMIP) - elm-eca - ukesm1-0-ll,361.5433349609375
1995-12-31 00:00:00,elm-eca,historical,ukesm1-0-ll,historical (FireMIP) - elm-eca - ukesm1-0-ll,289.4679870605469
1996-12-31 00:00:00,elm-eca,historical,ukesm1-0-ll,historical (FireMIP) - elm-eca - ukesm1-0-ll,416.3472595214844
1997-12-31 00:00:00,elm-eca,historical,ukesm1-0-ll,historical (FireMIP) - elm-eca - ukesm1-0-ll,336.7226867675781
1998-12-31 00:00:00,elm-eca,historical,ukesm1-0-ll,historical (FireMIP) - elm-eca - ukesm1-0-ll,453.000732421875
1999-12-31 00:00:00,elm-eca,historical,ukesm1-0-ll,historical (FireMIP) - elm-eca - ukesm1-0-ll,307.9557189941406
2000-12-31 00:00:00,elm-eca,historical,ukesm1-0-ll,historical (FireMIP) - elm-eca - ukesm1-0-ll,344.4819641113281
2001-12-31 00:00:00,elm-eca,historical,ukesm1-0-ll,historical (FireMIP) - elm-eca - ukesm1-0-ll,415.3421325683594
2002-12-31 00:00:00,elm-eca,historical,ukesm1-0-ll,historical (FireMIP) - elm-eca - ukesm1-0-ll,398.7774353027344
2003-12-31 00:00:00,elm-eca,historical,ukesm1-0-ll,historical (FireMIP) - elm-eca - ukesm1-0-ll,375.5653076171875
2004-12-31 00:00:00,elm-eca,historical,ukesm1-0-ll,historical (FireMIP) - elm-eca - ukesm1-0-ll,436.0772705078125
2005-12-31 00:00:00,elm-eca,historical,ukesm1-0-ll,historical (FireMIP) - elm-eca - ukesm1-0-ll,379.0224914550781
2006-12-31 00:00:00,elm-eca,historical,ukesm1-0-ll,historical (FireMIP) - elm-eca - ukesm1-0-ll,357.1708984375
2007-12-31 00:00:00,elm-eca,historical,ukesm1-0-ll,historical (FireMIP) - elm-eca - ukesm1-0-ll,396.1199035644531
2008-12-31 00:00:00,elm-eca,historical,ukesm1-0-ll,historical (FireMIP) - elm-eca - ukesm1-0-ll,466.3833312988281
2009-12-31 00:00:00,elm-eca,historical,ukesm1-0-ll,historical (FireMIP) - elm-eca - ukesm1-0-ll,448.9914855957031
2010-12-31 00:00:00,elm-eca,historical,ukesm1-0-ll,historical (FireMIP) - elm-eca - ukesm1-0-ll,374.7205505371094
2011-12-31 00:00:00,elm-eca,historical,ukesm1-0-ll,historical (FireMIP) - elm-eca - ukesm1-0-ll,386.3208923339844
2012-12-31 00:00:00,elm-eca,historical,ukesm1-0-ll,historical (FireMIP) - elm-eca - ukesm1-0-ll,379.5101318359375
2013-12-31 00:00:00,elm-eca,historical,ukesm1-0-ll,historical (FireMIP) - elm-eca - ukesm1-0-ll,357.8338928222656
2014-12-31 00:00:00,elm-eca,historical,ukesm1-0-ll,historical (FireMIP) - elm-eca - ukesm1-0-ll,373.9263000488281
1850-12-31 00:00:00,elm-eca,historical,gfdl-esm4,historical (FireMIP) - elm-eca - gfdl-esm4,462.3840637207031
1851-12-31 00:00:00,elm-eca,historical,gfdl-esm4,historical (FireMIP) - elm-eca - gfdl-esm4,400.7569885253906
1852-12-31 00:00:00,elm-eca,historical,gfdl-esm4,historical (FireMIP) - elm-eca - gfdl-esm4,314.5819396972656
1853-12-31 00:00:00,elm-eca,historical,gfdl-esm4,historical (FireMIP) - elm-eca - gfdl-esm4,519.6770629882812
1854-12-31 00:00:00,elm-eca,historical,gfdl-esm4,historical (FireMIP) - elm-eca - gfdl-esm4,440.2937316894531
1855-12-31 00:00:00,elm-eca,historical,gfdl-esm4,historical (FireMIP) - elm-eca - gfdl-esm4,477.9841003417969
1856-12-31 00:00:00,elm-eca,historical,gfdl-esm4,historical (FireMIP) - elm-eca - gfdl-esm4,518.9874877929688
1857-12-31 00:00:00,elm-eca,historical,gfdl-esm4,historical (FireMIP) - elm-eca - gfdl-esm4,555.9349975585938
1858-12-31 00:00:00,elm-eca,historical,gfdl-esm4,historical (FireMIP) - elm-eca - gfdl-esm4,417.5487365722656
1859-12-31 00:00:00,elm-eca,historical,gfdl-esm4,historical (FireMIP) - elm-eca - gfdl-esm4,422.1937561035156
1860-12-31 00:00:00,elm-eca,historical,gfdl-esm4,historical (FireMIP) - elm-eca - gfdl-esm4,519.8427124023438
1861-12-31 00:00:00,elm-eca,historical,gfdl-esm4,historical (FireMIP) - elm-eca - gfdl-esm4,454.7691955566406
1862-12-31 00:00:00,elm-eca,historical,gfdl-esm4,historical (FireMIP) - elm-eca - gfdl-esm4,330.9969787597656
1863-12-31 00:00:00,elm-eca,historical,gfdl-esm4,historical (FireMIP) - elm-eca - gfdl-esm4,422.8270568847656
1864-12-31 00:00:00,elm-eca,historical,gfdl-esm4,historical (FireMIP) - elm-eca - gfdl-esm4,460.3685607910156
1865-12-31 00:00:00,elm-eca,historical,gfdl-esm4,historical (FireMIP) - elm-eca - gfdl-esm4,443.890380859375
1866-12-31 00:00:00,elm-eca,historical,gfdl-esm4,historical (FireMIP) - elm-eca - gfdl-esm4,495.9712219238281
1867-12-31 00:00:00,elm-eca,historical,gfdl-esm4,historical (FireMIP) - elm-eca - gfdl-esm4,486.52734375
1868-12-31 00:00:00,elm-eca,historical,gfdl-esm4,historical (FireMIP) - elm-eca - gfdl-esm4,467.9420471191406
1869-12-31 00:00:00,elm-eca,historical,gfdl-esm4,historical (FireMIP) - elm-eca - gfdl-esm4,426.5743408203125
1870-12-31 00:00:00,elm-eca,historical,gfdl-esm4,historical (FireMIP) - elm-eca - gfdl-esm4,471.9640197753906
1871-12-31 00:00:00,elm-eca,historical,gfdl-esm4,historical (FireMIP) - elm-eca - gfdl-esm4,383.3282775878906
1872-12-31 00:00:00,elm-eca,historical,gfdl-esm4,historical (FireMIP) - elm-eca - gfdl-esm4,313.9084167480469
1873-12-31 00:00:00,elm-eca,historical,gfdl-esm4,historical (FireMIP) - elm-eca - gfdl-esm4,542.441162109375
1874-12-31 00:00:00,elm-eca,historical,gfdl-esm4,historical (FireMIP) - elm-eca - gfdl-esm4,447.5126647949219
1875-12-31 00:00:00,elm-eca,historical,gfdl-esm4,historical (FireMIP) - elm-eca - gfdl-esm4,464.8859558105469
1876-12-31 00:00:00,elm-eca,historical,gfdl-esm4,historical (FireMIP) - elm-eca - gfdl-esm4,508.7521057128906
1877-12-31 00:00:00,elm-eca,historical,gfdl-esm4,historical (FireMIP) - elm-eca - gfdl-esm4,543.1475219726562
1878-12-31 00:00:00,elm-eca,historical,gfdl-esm4,historical (FireMIP) - elm-eca - gfdl-esm4,413.0630187988281
1879-12-31 00:00:00,elm-eca,historical,gfdl-esm4,historical (FireMIP) - elm-eca - gfdl-esm4,419.1479797363281
1880-12-31 00:00:00,elm-eca,historical,gfdl-esm4,historical (FireMIP) - elm-eca - gfdl-esm4,510.6702575683594
1881-12-31 00:00:00,elm-eca,historical,gfdl-esm4,historical (FireMIP) - elm-eca - gfdl-esm4,443.7784729003906
1882-12-31 00:00:00,elm-eca,historical,gfdl-esm4,historical (FireMIP) - elm-eca - gfdl-esm4,324.2563781738281
1883-12-31 00:00:00,elm-eca,historical,gfdl-esm4,historical (FireMIP) - elm-eca - gfdl-esm4,409.1045227050781
1884-12-31 00:00:00,elm-eca,historical,gfdl-esm4,historical (FireMIP) - elm-eca - gfdl-esm4,441.0534362792969
1885-12-31 00:00:00,elm-eca,historical,gfdl-esm4,historical (FireMIP) - elm-eca - gfdl-esm4,421.9101257324219
1886-12-31 00:00:00,elm-eca,historical,gfdl-esm4,historical (FireMIP) - elm-eca - gfdl-esm4,444.3598327636719
1887-12-31 00:00:00,elm-eca,historical,gfdl-esm4,historical (FireMIP) - elm-eca - gfdl-esm4,465.1187438964844
1888-12-31 00:00:00,elm-eca,historical,gfdl-esm4,historical (FireMIP) - elm-eca - gfdl-esm4,451.6661376953125
1889-12-31 00:00:00,elm-eca,historical,gfdl-esm4,historical (FireMIP) - elm-eca - gfdl-esm4,403.8058776855469
1890-12-31 00:00:00,elm-eca,historical,gfdl-esm4,historical (FireMIP) - elm-eca - gfdl-esm4,439.39892578125
1891-12-31 00:00:00,elm-eca,historical,gfdl-esm4,historical (FireMIP) - elm-eca - gfdl-esm4,362.6315612792969
1892-12-31 00:00:00,elm-eca,historical,gfdl-esm4,historical (FireMIP) - elm-eca - gfdl-esm4,295.1143493652344
1893-12-31 00:00:00,elm-eca,historical,gfdl-esm4,historical (FireMIP) - elm-eca - gfdl-esm4,520.0849609375
1894-12-31 00:00:00,elm-eca,historical,gfdl-esm4,historical (FireMIP) - elm-eca - gfdl-esm4,431.1463317871094
1895-12-31 00:00:00,elm-eca,historical,gfdl-esm4,historical (FireMIP) - elm-eca - gfdl-esm4,435.5200500488281
1896-12-31 00:00:00,elm-eca,historical,gfdl-esm4,historical (FireMIP) - elm-eca - gfdl-esm4,468.8525695800781
1897-12-31 00:00:00,elm-eca,historical,gfdl-esm4,historical (FireMIP) - elm-eca - gfdl-esm4,515.4056396484375
1898-12-31 00:00:00,elm-eca,historical,gfdl-esm4,historical (FireMIP) - elm-eca - gfdl-esm4,393.0339050292969
1899-12-31 00:00:00,elm-eca,historical,gfdl-esm4,historical (FireMIP) - elm-eca - gfdl-esm4,401.5065002441406
1900-12-31 00:00:00,elm-eca,historical,gfdl-esm4,historical (FireMIP) - elm-eca - gfdl-esm4,491.5543212890625
1901-12-31 00:00:00,elm-eca,historical,gfdl-esm4,historical (FireMIP) - elm-eca - gfdl-esm4,407.5023193359375
1902-12-31 00:00:00,elm-eca,historical,gfdl-esm4,historical (FireMIP) - elm-eca - gfdl-esm4,348.2316589355469
1903-12-31 00:00:00,elm-eca,historical,gfdl-esm4,historical (FireMIP) - elm-eca - gfdl-esm4,282.34716796875
1904-12-31 00:00:00,elm-eca,historical,gfdl-esm4,historical (FireMIP) - elm-eca - gfdl-esm4,510.3121643066406
1905-12-31 00:00:00,elm-eca,historical,gfdl-esm4,historical (FireMIP) - elm-eca - gfdl-esm4,419.2129821777344
1906-12-31 00:00:00,elm-eca,historical,gfdl-esm4,historical (FireMIP) - elm-eca - gfdl-esm4,421.1727600097656
1907-12-31 00:00:00,elm-eca,historical,gfdl-esm4,historical (FireMIP) - elm-eca - gfdl-esm4,446.5035705566406
1908-12-31 00:00:00,elm-eca,historical,gfdl-esm4,historical (FireMIP) - elm-eca - gfdl-esm4,499.5738830566406
1909-12-31 00:00:00,elm-eca,historical,gfdl-esm4,historical (FireMIP) - elm-eca - gfdl-esm4,385.7970275878906
1910-12-31 00:00:00,elm-eca,historical,gfdl-esm4,historical (FireMIP) - elm-eca - gfdl-esm4,397.8117980957031
1911-12-31 00:00:00,elm-eca,historical,gfdl-esm4,historical (FireMIP) - elm-eca - gfdl-esm4,482.2640686035156
1912-12-31 00:00:00,elm-eca,historical,gfdl-esm4,historical (FireMIP) - elm-eca - gfdl-esm4,428.384765625
1913-12-31 00:00:00,elm-eca,historical,gfdl-esm4,historical (FireMIP) - elm-eca - gfdl-esm4,318.4271240234375
1914-12-31 00:00:00,elm-eca,historical,gfdl-esm4,historical (FireMIP) - elm-eca - gfdl-esm4,388.9150390625
1915-12-31 00:00:00,elm-eca,historical,gfdl-esm4,historical (FireMIP) - elm-eca - gfdl-esm4,427.9093322753906
1916-12-31 00:00:00,elm-eca,historical,gfdl-esm4,historical (FireMIP) - elm-eca - gfdl-esm4,404.6464538574219
1917-12-31 00:00:00,elm-eca,historical,gfdl-esm4,historical (FireMIP) - elm-eca - gfdl-esm4,399.8916320800781
1918-12-31 00:00:00,elm-eca,historical,gfdl-esm4,historical (FireMIP) - elm-eca - gfdl-esm4,443.822021484375
1919-12-31 00:00:00,elm-eca,historical,gfdl-esm4,historical (FireMIP) - elm-eca - gfdl-esm4,442.6172790527344
1920-12-31 00:00:00,elm-eca,historical,gfdl-esm4,historical (FireMIP) - elm-eca - gfdl-esm4,392.3543701171875
1921-12-31 00:00:00,elm-eca,historical,gfdl-esm4,historical (FireMIP) - elm-eca - gfdl-esm4,375.330810546875
1922-12-31 00:00:00,elm-eca,historical,gfdl-esm4,historical (FireMIP) - elm-eca - gfdl-esm4,437.5179748535156
1923-12-31 00:00:00,elm-eca,historical,gfdl-esm4,historical (FireMIP) - elm-eca - gfdl-esm4,447.1500549316406
1924-12-31 00:00:00,elm-eca,historical,gfdl-esm4,historical (FireMIP) - elm-eca - gfdl-esm4,301.2497253417969
1925-12-31 00:00:00,elm-eca,historical,gfdl-esm4,historical (FireMIP) - elm-eca - gfdl-esm4,406.5548400878906
1926-12-31 00:00:00,elm-eca,historical,gfdl-esm4,historical (FireMIP) - elm-eca - gfdl-esm4,378.4256286621094
1927-12-31 00:00:00,elm-eca,historical,gfdl-esm4,historical (FireMIP) - elm-eca - gfdl-esm4,401.0675048828125
1928-12-31 00:00:00,elm-eca,historical,gfdl-esm4,historical (FireMIP) - elm-eca - gfdl-esm4,439.3973388671875
1929-12-31 00:00:00,elm-eca,historical,gfdl-esm4,historical (FireMIP) - elm-eca - gfdl-esm4,494.5368957519531
1930-12-31 00:00:00,elm-eca,historical,gfdl-esm4,historical (FireMIP) - elm-eca - gfdl-esm4,386.9396057128906
1931-12-31 00:00:00,elm-eca,historical,gfdl-esm4,historical (FireMIP) - elm-eca - gfdl-esm4,422.3235778808594
1932-12-31 00:00:00,elm-eca,historical,gfdl-esm4,historical (FireMIP) - elm-eca - gfdl-esm4,509.9768371582031
1933-12-31 00:00:00,elm-eca,historical,gfdl-esm4,historical (FireMIP) - elm-eca - gfdl-esm4,379.2088623046875
1934-12-31 00:00:00,elm-eca,historical,gfdl-esm4,historical (FireMIP) - elm-eca - gfdl-esm4,408.3572082519531
1935-12-31 00:00:00,elm-eca,historical,gfdl-esm4,historical (FireMIP) - elm-eca - gfdl-esm4,419.6723937988281
1936-12-31 00:00:00,elm-eca,historical,gfdl-esm4,historical (FireMIP) - elm-eca - gfdl-esm4,371.3019104003906
1937-12-31 00:00:00,elm-eca,historical,gfdl-esm4,historical (FireMIP) - elm-eca - gfdl-esm4,397.0220947265625
1938-12-31 00:00:00,elm-eca,historical,gfdl-esm4,historical (FireMIP) - elm-eca - gfdl-esm4,387.9639587402344
1939-12-31 00:00:00,elm-eca,historical,gfdl-esm4,historical (FireMIP) - elm-eca - gfdl-esm4,440.566162109375
1940-12-31 00:00:00,elm-eca,historical,gfdl-esm4,historical (FireMIP) - elm-eca - gfdl-esm4,428.4750671386719
1941-12-31 00:00:00,elm-eca,historical,gfdl-esm4,historical (FireMIP) - elm-eca - gfdl-esm4,399.3810729980469
1942-12-31 00:00:00,elm-eca,historical,gfdl-esm4,historical (FireMIP) - elm-eca - gfdl-esm4,372.380126953125
1943-12-31 00:00:00,elm-eca,historical,gfdl-esm4,historical (FireMIP) - elm-eca - gfdl-esm4,430.2715148925781
1944-12-31 00:00:00,elm-eca,historical,gfdl-esm4,historical (FireMIP) - elm-eca - gfdl-esm4,488.750244140625
1945-12-31 00:00:00,elm-eca,historical,gfdl-esm4,historical (FireMIP) - elm-eca - gfdl-esm4,385.3056640625
1946-12-31 00:00:00,elm-eca,historical,gfdl-esm4,historical (FireMIP) - elm-eca - gfdl-esm4,440.8708801269531
1947-12-31 00:00:00,elm-eca,historical,gfdl-esm4,historical (FireMIP) - elm-eca - gfdl-esm4,409.0784912109375
1948-12-31 00:00:00,elm-eca,historical,gfdl-esm4,historical (FireMIP) - elm-eca - gfdl-esm4,374.1177062988281
1949-12-31 00:00:00,elm-eca,historical,gfdl-esm4,historical (FireMIP) - elm-eca - gfdl-esm4,368.0008239746094
1950-12-31 00:00:00,elm-eca,historical,gfdl-esm4,historical (FireMIP) - elm-eca - gfdl-esm4,485.81982421875
1951-12-31 00:00:00,elm-eca,historical,gfdl-esm4,historical (FireMIP) - elm-eca - gfdl-esm4,423.4182434082031
1952-12-31 00:00:00,elm-eca,historical,gfdl-esm4,historical (FireMIP) - elm-eca - gfdl-esm4,354.9190673828125
1953-12-31 00:00:00,elm-eca,historical,gfdl-esm4,historical (FireMIP) - elm-eca - gfdl-esm4,483.825927734375
1954-12-31 00:00:00,elm-eca,historical,gfdl-esm4,historical (FireMIP) - elm-eca - gfdl-esm4,424.9512023925781
1955-12-31 00:00:00,elm-eca,historical,gfdl-esm4,historical (FireMIP) - elm-eca - gfdl-esm4,439.7093505859375
1956-12-31 00:00:00,elm-eca,historical,gfdl-esm4,historical (FireMIP) - elm-eca - gfdl-esm4,323.22308349609375
1957-12-31 00:00:00,elm-eca,historical,gfdl-esm4,historical (FireMIP) - elm-eca - gfdl-esm4,426.4721374511719
1958-12-31 00:00:00,elm-eca,historical,gfdl-esm4,historical (FireMIP) - elm-eca - gfdl-esm4,451.6278076171875
1959-12-31 00:00:00,elm-eca,historical,gfdl-esm4,historical (FireMIP) - elm-eca - gfdl-esm4,410.2494812011719
1960-12-31 00:00:00,elm-eca,historical,gfdl-esm4,historical (FireMIP) - elm-eca - gfdl-esm4,359.9979248046875
1961-12-31 00:00:00,elm-eca,historical,gfdl-esm4,historical (FireMIP) - elm-eca - gfdl-esm4,343.8140869140625
1962-12-31 00:00:00,elm-eca,historical,gfdl-esm4,historical (FireMIP) - elm-eca - gfdl-esm4,444.0478210449219
1963-12-31 00:00:00,elm-eca,historical,gfdl-esm4,historical (FireMIP) - elm-eca - gfdl-esm4,497.1432189941406
1964-12-31 00:00:00,elm-eca,historical,gfdl-esm4,historical (FireMIP) - elm-eca - gfdl-esm4,395.2249755859375
1965-12-31 00:00:00,elm-eca,historical,gfdl-esm4,historical (FireMIP) - elm-eca - gfdl-esm4,301.3341369628906
1966-12-31 00:00:00,elm-eca,historical,gfdl-esm4,historical (FireMIP) - elm-eca - gfdl-esm4,415.2269287109375
1967-12-31 00:00:00,elm-eca,historical,gfdl-esm4,historical (FireMIP) - elm-eca - gfdl-esm4,474.1851806640625
1968-12-31 00:00:00,elm-eca,historical,gfdl-esm4,historical (FireMIP) - elm-eca - gfdl-esm4,251.63368225097656
1969-12-31 00:00:00,elm-eca,historical,gfdl-esm4,historical (FireMIP) - elm-eca - gfdl-esm4,384.2901611328125
1970-12-31 00:00:00,elm-eca,historical,gfdl-esm4,historical (FireMIP) - elm-eca - gfdl-esm4,414.1825256347656
1971-12-31 00:00:00,elm-eca,historical,gfdl-esm4,historical (FireMIP) - elm-eca - gfdl-esm4,334.6592102050781
1972-12-31 00:00:00,elm-eca,historical,gfdl-esm4,historical (FireMIP) - elm-eca - gfdl-esm4,424.5861511230469
1973-12-31 00:00:00,elm-eca,historical,gfdl-esm4,historical (FireMIP) - elm-eca - gfdl-esm4,355.7445068359375
1974-12-31 00:00:00,elm-eca,historical,gfdl-esm4,historical (FireMIP) - elm-eca - gfdl-esm4,404.6341857910156
1975-12-31 00:00:00,elm-eca,historical,gfdl-esm4,historical (FireMIP) - elm-eca - gfdl-esm4,425.5596923828125
1976-12-31 00:00:00,elm-eca,historical,gfdl-esm4,historical (FireMIP) - elm-eca - gfdl-esm4,386.9737854003906
1977-12-31 00:00:00,elm-eca,historical,gfdl-esm4,historical (FireMIP) - elm-eca - gfdl-esm4,353.9989929199219
1978-12-31 00:00:00,elm-eca,historical,gfdl-esm4,historical (FireMIP) - elm-eca - gfdl-esm4,335.3548278808594
1979-12-31 00:00:00,elm-eca,historical,gfdl-esm4,historical (FireMIP) - elm-eca - gfdl-esm4,302.856201171875
1980-12-31 00:00:00,elm-eca,historical,gfdl-esm4,historical (FireMIP) - elm-eca - gfdl-esm4,456.9390869140625
1981-12-31 00:00:00,elm-eca,historical,gfdl-esm4,historical (FireMIP) - elm-eca - gfdl-esm4,412.1858215332031
1982-12-31 00:00:00,elm-eca,historical,gfdl-esm4,historical (FireMIP) - elm-eca - gfdl-esm4,369.6208190917969
1983-12-31 00:00:00,elm-eca,historical,gfdl-esm4,historical (FireMIP) - elm-eca - gfdl-esm4,344.6121826171875
1984-12-31 00:00:00,elm-eca,historical,gfdl-esm4,historical (FireMIP) - elm-eca - gfdl-esm4,371.6004943847656
1985-12-31 00:00:00,elm-eca,historical,gfdl-esm4,historical (FireMIP) - elm-eca - gfdl-esm4,429.0216369628906
1986-12-31 00:00:00,elm-eca,historical,gfdl-esm4,historical (FireMIP) - elm-eca - gfdl-esm4,371.8958740234375
1987-12-31 00:00:00,elm-eca,historical,gfdl-esm4,historical (FireMIP) - elm-eca - gfdl-esm4,456.35302734375
1988-12-31 00:00:00,elm-eca,historical,gfdl-esm4,historical (FireMIP) - elm-eca - gfdl-esm4,398.9718017578125
1989-12-31 00:00:00,elm-eca,historical,gfdl-esm4,historical (FireMIP) - elm-eca - gfdl-esm4,435.4411315917969
1990-12-31 00:00:00,elm-eca,historical,gfdl-esm4,historical (FireMIP) - elm-eca - gfdl-esm4,460.5374450683594
1991-12-31 00:00:00,elm-eca,historical,gfdl-esm4,historical (FireMIP) - elm-eca - gfdl-esm4,417.6014709472656
1992-12-31 00:00:00,elm-eca,historical,gfdl-esm4,historical (FireMIP) - elm-eca - gfdl-esm4,283.9803466796875
1993-12-31 00:00:00,elm-eca,historical,gfdl-esm4,historical (FireMIP) - elm-eca - gfdl-esm4,349.3768005371094
1994-12-31 00:00:00,elm-eca,historical,gfdl-esm4,historical (FireMIP) - elm-eca - gfdl-esm4,377.6211853027344
1995-12-31 00:00:00,elm-eca,historical,gfdl-esm4,historical (FireMIP) - elm-eca - gfdl-esm4,459.8275146484375
1996-12-31 00:00:00,elm-eca,historical,gfdl-esm4,historical (FireMIP) - elm-eca - gfdl-esm4,318.2839050292969
1997-12-31 00:00:00,elm-eca,historical,gfdl-esm4,historical (FireMIP) - elm-eca - gfdl-esm4,296.1581726074219
1998-12-31 00:00:00,elm-eca,historical,gfdl-esm4,historical (FireMIP) - elm-eca - gfdl-esm4,336.1683349609375
1999-12-31 00:00:00,elm-eca,historical,gfdl-esm4,historical (FireMIP) - elm-eca - gfdl-esm4,358.0134582519531
2000-12-31 00:00:00,elm-eca,historical,gfdl-esm4,historical (FireMIP) - elm-eca - gfdl-esm4,431.6601257324219
2001-12-31 00:00:00,elm-eca,historical,gfdl-esm4,historical (FireMIP) - elm-eca - gfdl-esm4,461.7748718261719
2002-12-31 00:00:00,elm-eca,historical,gfdl-esm4,historical (FireMIP) - elm-eca - gfdl-esm4,388.1476745605469
2003-12-31 00:00:00,elm-eca,historical,gfdl-esm4,historical (FireMIP) - elm-eca - gfdl-esm4,344.8659973144531
2004-12-31 00:00:00,elm-eca,historical,gfdl-esm4,historical (FireMIP) - elm-eca - gfdl-esm4,513.6871948242188
2005-12-31 00:00:00,elm-eca,historical,gfdl-esm4,historical (FireMIP) - elm-eca - gfdl-esm4,351.7069091796875
2006-12-31 00:00:00,elm-eca,historical,gfdl-esm4,historical (FireMIP) - elm-eca - gfdl-esm4,308.1524963378906
2007-12-31 00:00:00,elm-eca,historical,gfdl-esm4,historical (FireMIP) - elm-eca - gfdl-esm4,390.7552795410156
2008-12-31 00:00:00,elm-eca,historical,gfdl-esm4,historical (FireMIP) - elm-eca - gfdl-esm4,461.3025817871094
2009-12-31 00:00:00,elm-eca,historical,gfdl-esm4,historical (FireMIP) - elm-eca - gfdl-esm4,464.9851989746094
2010-12-31 00:00:00,elm-eca,historical,gfdl-esm4,historical (FireMIP) - elm-eca - gfdl-esm4,389.6201477050781
2011-12-31 00:00:00,elm-eca,historical,gfdl-esm4,historical (FireMIP) - elm-eca - gfdl-esm4,347.3863830566406
2012-12-31 00:00:00,elm-eca,historical,gfdl-esm4,historical (FireMIP) - elm-eca - gfdl-esm4,545.0271606445312
2013-12-31 00:00:00,elm-eca,historical,gfdl-esm4,historical (FireMIP) - elm-eca - gfdl-esm4,511.8292541503906
2014-12-31 00:00:00,elm-eca,historical,gfdl-esm4,historical (FireMIP) - elm-eca - gfdl-esm4,387.98486328125
1850-12-31 00:00:00,elm-eca,historical,ipsl-cm6a-lr,historical (FireMIP) - elm-eca - ipsl-cm6a-lr,356.76708984375
1851-12-31 00:00:00,elm-eca,historical,ipsl-cm6a-lr,historical (FireMIP) - elm-eca - ipsl-cm6a-lr,358.84228515625
1852-12-31 00:00:00,elm-eca,historical,ipsl-cm6a-lr,historical (FireMIP) - elm-eca - ipsl-cm6a-lr,406.9710388183594
1853-12-31 00:00:00,elm-eca,historical,ipsl-cm6a-lr,historical (FireMIP) - elm-eca - ipsl-cm6a-lr,340.2686462402344
1854-12-31 00:00:00,elm-eca,historical,ipsl-cm6a-lr,historical (FireMIP) - elm-eca - ipsl-cm6a-lr,383.7261047363281
1855-12-31 00:00:00,elm-eca,historical,ipsl-cm6a-lr,historical (FireMIP) - elm-eca - ipsl-cm6a-lr,415.4301452636719
1856-12-31 00:00:00,elm-eca,historical,ipsl-cm6a-lr,historical (FireMIP) - elm-eca - ipsl-cm6a-lr,583.193115234375
1857-12-31 00:00:00,elm-eca,historical,ipsl-cm6a-lr,historical (FireMIP) - elm-eca - ipsl-cm6a-lr,359.4504699707031
1858-12-31 00:00:00,elm-eca,historical,ipsl-cm6a-lr,historical (FireMIP) - elm-eca - ipsl-cm6a-lr,381.7236022949219
1859-12-31 00:00:00,elm-eca,historical,ipsl-cm6a-lr,historical (FireMIP) - elm-eca - ipsl-cm6a-lr,466.8018798828125
1860-12-31 00:00:00,elm-eca,historical,ipsl-cm6a-lr,historical (FireMIP) - elm-eca - ipsl-cm6a-lr,467.4302673339844
1861-12-31 00:00:00,elm-eca,historical,ipsl-cm6a-lr,historical (FireMIP) - elm-eca - ipsl-cm6a-lr,397.3531494140625
1862-12-31 00:00:00,elm-eca,historical,ipsl-cm6a-lr,historical (FireMIP) - elm-eca - ipsl-cm6a-lr,323.9012145996094
1863-12-31 00:00:00,elm-eca,historical,ipsl-cm6a-lr,historical (FireMIP) - elm-eca - ipsl-cm6a-lr,373.2025451660156
1864-12-31 00:00:00,elm-eca,historical,ipsl-cm6a-lr,historical (FireMIP) - elm-eca - ipsl-cm6a-lr,467.9204406738281
1865-12-31 00:00:00,elm-eca,historical,ipsl-cm6a-lr,historical (FireMIP) - elm-eca - ipsl-cm6a-lr,480.5409240722656
1866-12-31 00:00:00,elm-eca,historical,ipsl-cm6a-lr,historical (FireMIP) - elm-eca - ipsl-cm6a-lr,480.0826721191406
1867-12-31 00:00:00,elm-eca,historical,ipsl-cm6a-lr,historical (FireMIP) - elm-eca - ipsl-cm6a-lr,438.9903564453125
1868-12-31 00:00:00,elm-eca,historical,ipsl-cm6a-lr,historical (FireMIP) - elm-eca - ipsl-cm6a-lr,379.0748596191406
1869-12-31 00:00:00,elm-eca,historical,ipsl-cm6a-lr,historical (FireMIP) - elm-eca - ipsl-cm6a-lr,385.4844055175781
1870-12-31 00:00:00,elm-eca,historical,ipsl-cm6a-lr,historical (FireMIP) - elm-eca - ipsl-cm6a-lr,342.37548828125
1871-12-31 00:00:00,elm-eca,historical,ipsl-cm6a-lr,historical (FireMIP) - elm-eca - ipsl-cm6a-lr,351.3919982910156
1872-12-31 00:00:00,elm-eca,historical,ipsl-cm6a-lr,historical (FireMIP) - elm-eca - ipsl-cm6a-lr,399.72802734375
1873-12-31 00:00:00,elm-eca,historical,ipsl-cm6a-lr,historical (FireMIP) - elm-eca - ipsl-cm6a-lr,334.7503662109375
1874-12-31 00:00:00,elm-eca,historical,ipsl-cm6a-lr,historical (FireMIP) - elm-eca - ipsl-cm6a-lr,371.6941223144531
1875-12-31 00:00:00,elm-eca,historical,ipsl-cm6a-lr,historical (FireMIP) - elm-eca - ipsl-cm6a-lr,410.0999450683594
1876-12-31 00:00:00,elm-eca,historical,ipsl-cm6a-lr,historical (FireMIP) - elm-eca - ipsl-cm6a-lr,560.0751953125
1877-12-31 00:00:00,elm-eca,historical,ipsl-cm6a-lr,historical (FireMIP) - elm-eca - ipsl-cm6a-lr,344.2203063964844
1878-12-31 00:00:00,elm-eca,historical,ipsl-cm6a-lr,historical (FireMIP) - elm-eca - ipsl-cm6a-lr,370.3019714355469
1879-12-31 00:00:00,elm-eca,historical,ipsl-cm6a-lr,historical (FireMIP) - elm-eca - ipsl-cm6a-lr,445.1336975097656
1880-12-31 00:00:00,elm-eca,historical,ipsl-cm6a-lr,historical (FireMIP) - elm-eca - ipsl-cm6a-lr,455.1017761230469
1881-12-31 00:00:00,elm-eca,historical,ipsl-cm6a-lr,historical (FireMIP) - elm-eca - ipsl-cm6a-lr,384.9652099609375
1882-12-31 00:00:00,elm-eca,historical,ipsl-cm6a-lr,historical (FireMIP) - elm-eca - ipsl-cm6a-lr,319.2606506347656
1883-12-31 00:00:00,elm-eca,historical,ipsl-cm6a-lr,historical (FireMIP) - elm-eca - ipsl-cm6a-lr,369.4222106933594
1884-12-31 00:00:00,elm-eca,historical,ipsl-cm6a-lr,historical (FireMIP) - elm-eca - ipsl-cm6a-lr,447.0194396972656
1885-12-31 00:00:00,elm-eca,historical,ipsl-cm6a-lr,historical (FireMIP) - elm-eca - ipsl-cm6a-lr,460.1835021972656
1886-12-31 00:00:00,elm-eca,historical,ipsl-cm6a-lr,historical (FireMIP) - elm-eca - ipsl-cm6a-lr,468.3987731933594
1887-12-31 00:00:00,elm-eca,historical,ipsl-cm6a-lr,historical (FireMIP) - elm-eca - ipsl-cm6a-lr,430.0030212402344
1888-12-31 00:00:00,elm-eca,historical,ipsl-cm6a-lr,historical (FireMIP) - elm-eca - ipsl-cm6a-lr,364.2822570800781
1889-12-31 00:00:00,elm-eca,historical,ipsl-cm6a-lr,historical (FireMIP) - elm-eca - ipsl-cm6a-lr,376.4584655761719
1890-12-31 00:00:00,elm-eca,historical,ipsl-cm6a-lr,historical (FireMIP) - elm-eca - ipsl-cm6a-lr,332.34490966796875
1891-12-31 00:00:00,elm-eca,historical,ipsl-cm6a-lr,historical (FireMIP) - elm-eca - ipsl-cm6a-lr,342.5702209472656
1892-12-31 00:00:00,elm-eca,historical,ipsl-cm6a-lr,historical (FireMIP) - elm-eca - ipsl-cm6a-lr,386.6133728027344
1893-12-31 00:00:00,elm-eca,historical,ipsl-cm6a-lr,historical (FireMIP) - elm-eca - ipsl-cm6a-lr,330.1826477050781
1894-12-31 00:00:00,elm-eca,historical,ipsl-cm6a-lr,historical (FireMIP) - elm-eca - ipsl-cm6a-lr,366.86181640625
1895-12-31 00:00:00,elm-eca,historical,ipsl-cm6a-lr,historical (FireMIP) - elm-eca - ipsl-cm6a-lr,402.2351379394531
1896-12-31 00:00:00,elm-eca,historical,ipsl-cm6a-lr,historical (FireMIP) - elm-eca - ipsl-cm6a-lr,541.0084228515625
1897-12-31 00:00:00,elm-eca,historical,ipsl-cm6a-lr,historical (FireMIP) - elm-eca - ipsl-cm6a-lr,341.0337829589844
1898-12-31 00:00:00,elm-eca,historical,ipsl-cm6a-lr,historical (FireMIP) - elm-eca - ipsl-cm6a-lr,370.5968933105469
1899-12-31 00:00:00,elm-eca,historical,ipsl-cm6a-lr,historical (FireMIP) - elm-eca - ipsl-cm6a-lr,437.366943359375
1900-12-31 00:00:00,elm-eca,historical,ipsl-cm6a-lr,historical (FireMIP) - elm-eca - ipsl-cm6a-lr,441.3634033203125
1901-12-31 00:00:00,elm-eca,historical,ipsl-cm6a-lr,historical (FireMIP) - elm-eca - ipsl-cm6a-lr,378.2687072753906
1902-12-31 00:00:00,elm-eca,historical,ipsl-cm6a-lr,historical (FireMIP) - elm-eca - ipsl-cm6a-lr,322.4736022949219
1903-12-31 00:00:00,elm-eca,historical,ipsl-cm6a-lr,historical (FireMIP) - elm-eca - ipsl-cm6a-lr,366.4407043457031
1904-12-31 00:00:00,elm-eca,historical,ipsl-cm6a-lr,historical (FireMIP) - elm-eca - ipsl-cm6a-lr,437.1209411621094
1905-12-31 00:00:00,elm-eca,historical,ipsl-cm6a-lr,historical (FireMIP) - elm-eca - ipsl-cm6a-lr,446.5955810546875
1906-12-31 00:00:00,elm-eca,historical,ipsl-cm6a-lr,historical (FireMIP) - elm-eca - ipsl-cm6a-lr,461.4666748046875
1907-12-31 00:00:00,elm-eca,historical,ipsl-cm6a-lr,historical (FireMIP) - elm-eca - ipsl-cm6a-lr,416.6212463378906
1908-12-31 00:00:00,elm-eca,historical,ipsl-cm6a-lr,historical (FireMIP) - elm-eca - ipsl-cm6a-lr,360.1676940917969
1909-12-31 00:00:00,elm-eca,historical,ipsl-cm6a-lr,historical (FireMIP) - elm-eca - ipsl-cm6a-lr,383.3621520996094
1910-12-31 00:00:00,elm-eca,historical,ipsl-cm6a-lr,historical (FireMIP) - elm-eca - ipsl-cm6a-lr,329.9183349609375
1911-12-31 00:00:00,elm-eca,historical,ipsl-cm6a-lr,historical (FireMIP) - elm-eca - ipsl-cm6a-lr,345.6256103515625
1912-12-31 00:00:00,elm-eca,historical,ipsl-cm6a-lr,historical (FireMIP) - elm-eca - ipsl-cm6a-lr,388.1780090332031
1913-12-31 00:00:00,elm-eca,historical,ipsl-cm6a-lr,historical (FireMIP) - elm-eca - ipsl-cm6a-lr,333.9438781738281
1914-12-31 00:00:00,elm-eca,historical,ipsl-cm6a-lr,historical (FireMIP) - elm-eca - ipsl-cm6a-lr,368.9147033691406
1915-12-31 00:00:00,elm-eca,historical,ipsl-cm6a-lr,historical (FireMIP) - elm-eca - ipsl-cm6a-lr,404.6772766113281
1916-12-31 00:00:00,elm-eca,historical,ipsl-cm6a-lr,historical (FireMIP) - elm-eca - ipsl-cm6a-lr,536.6967163085938
1917-12-31 00:00:00,elm-eca,historical,ipsl-cm6a-lr,historical (FireMIP) - elm-eca - ipsl-cm6a-lr,341.2201843261719
1918-12-31 00:00:00,elm-eca,historical,ipsl-cm6a-lr,historical (FireMIP) - elm-eca - ipsl-cm6a-lr,370.0997314453125
1919-12-31 00:00:00,elm-eca,historical,ipsl-cm6a-lr,historical (FireMIP) - elm-eca - ipsl-cm6a-lr,433.035888671875
1920-12-31 00:00:00,elm-eca,historical,ipsl-cm6a-lr,historical (FireMIP) - elm-eca - ipsl-cm6a-lr,445.1321716308594
1921-12-31 00:00:00,elm-eca,historical,ipsl-cm6a-lr,historical (FireMIP) - elm-eca - ipsl-cm6a-lr,432.2720642089844
1922-12-31 00:00:00,elm-eca,historical,ipsl-cm6a-lr,historical (FireMIP) - elm-eca - ipsl-cm6a-lr,395.4716491699219
1923-12-31 00:00:00,elm-eca,historical,ipsl-cm6a-lr,historical (FireMIP) - elm-eca - ipsl-cm6a-lr,378.3630065917969
1924-12-31 00:00:00,elm-eca,historical,ipsl-cm6a-lr,historical (FireMIP) - elm-eca - ipsl-cm6a-lr,397.8710632324219
1925-12-31 00:00:00,elm-eca,historical,ipsl-cm6a-lr,historical (FireMIP) - elm-eca - ipsl-cm6a-lr,465.2651672363281
1926-12-31 00:00:00,elm-eca,historical,ipsl-cm6a-lr,historical (FireMIP) - elm-eca - ipsl-cm6a-lr,401.6034240722656
1927-12-31 00:00:00,elm-eca,historical,ipsl-cm6a-lr,historical (FireMIP) - elm-eca - ipsl-cm6a-lr,374.77587890625
1928-12-31 00:00:00,elm-eca,historical,ipsl-cm6a-lr,historical (FireMIP) - elm-eca - ipsl-cm6a-lr,359.0816345214844
1929-12-31 00:00:00,elm-eca,historical,ipsl-cm6a-lr,historical (FireMIP) - elm-eca - ipsl-cm6a-lr,438.5993347167969
1930-12-31 00:00:00,elm-eca,historical,ipsl-cm6a-lr,historical (FireMIP) - elm-eca - ipsl-cm6a-lr,420.0482482910156
1931-12-31 00:00:00,elm-eca,historical,ipsl-cm6a-lr,historical (FireMIP) - elm-eca - ipsl-cm6a-lr,336.8935546875
1932-12-31 00:00:00,elm-eca,historical,ipsl-cm6a-lr,historical (FireMIP) - elm-eca - ipsl-cm6a-lr,423.10009765625
1933-12-31 00:00:00,elm-eca,historical,ipsl-cm6a-lr,historical (FireMIP) - elm-eca - ipsl-cm6a-lr,564.518798828125
1934-12-31 00:00:00,elm-eca,historical,ipsl-cm6a-lr,historical (FireMIP) - elm-eca - ipsl-cm6a-lr,430.2886047363281
1935-12-31 00:00:00,elm-eca,historical,ipsl-cm6a-lr,historical (FireMIP) - elm-eca - ipsl-cm6a-lr,372.081787109375
1936-12-31 00:00:00,elm-eca,historical,ipsl-cm6a-lr,historical (FireMIP) - elm-eca - ipsl-cm6a-lr,422.37939453125
1937-12-31 00:00:00,elm-eca,historical,ipsl-cm6a-lr,historical (FireMIP) - elm-eca - ipsl-cm6a-lr,315.8619689941406
1938-12-31 00:00:00,elm-eca,historical,ipsl-cm6a-lr,historical (FireMIP) - elm-eca - ipsl-cm6a-lr,362.05322265625
1939-12-31 00:00:00,elm-eca,historical,ipsl-cm6a-lr,historical (FireMIP) - elm-eca - ipsl-cm6a-lr,352.7605895996094
1940-12-31 00:00:00,elm-eca,historical,ipsl-cm6a-lr,historical (FireMIP) - elm-eca - ipsl-cm6a-lr,379.9743347167969
1941-12-31 00:00:00,elm-eca,historical,ipsl-cm6a-lr,historical (FireMIP) - elm-eca - ipsl-cm6a-lr,450.021240234375
1942-12-31 00:00:00,elm-eca,historical,ipsl-cm6a-lr,historical (FireMIP) - elm-eca - ipsl-cm6a-lr,454.595458984375
1943-12-31 00:00:00,elm-eca,historical,ipsl-cm6a-lr,historical (FireMIP) - elm-eca - ipsl-cm6a-lr,384.1746520996094
1944-12-31 00:00:00,elm-eca,historical,ipsl-cm6a-lr,historical (FireMIP) - elm-eca - ipsl-cm6a-lr,346.5810546875
1945-12-31 00:00:00,elm-eca,historical,ipsl-cm6a-lr,historical (FireMIP) - elm-eca - ipsl-cm6a-lr,417.0939025878906
1946-12-31 00:00:00,elm-eca,historical,ipsl-cm6a-lr,historical (FireMIP) - elm-eca - ipsl-cm6a-lr,398.2777404785156
1947-12-31 00:00:00,elm-eca,historical,ipsl-cm6a-lr,historical (FireMIP) - elm-eca - ipsl-cm6a-lr,353.7953796386719
1948-12-31 00:00:00,elm-eca,historical,ipsl-cm6a-lr,historical (FireMIP) - elm-eca - ipsl-cm6a-lr,372.1070861816406
1949-12-31 00:00:00,elm-eca,historical,ipsl-cm6a-lr,historical (FireMIP) - elm-eca - ipsl-cm6a-lr,451.1105041503906
1950-12-31 00:00:00,elm-eca,historical,ipsl-cm6a-lr,historical (FireMIP) - elm-eca - ipsl-cm6a-lr,346.4411926269531
1951-12-31 00:00:00,elm-eca,historical,ipsl-cm6a-lr,historical (FireMIP) - elm-eca - ipsl-cm6a-lr,402.4212951660156
1952-12-31 00:00:00,elm-eca,historical,ipsl-cm6a-lr,historical (FireMIP) - elm-eca - ipsl-cm6a-lr,445.5915222167969
1953-12-31 00:00:00,elm-eca,historical,ipsl-cm6a-lr,historical (FireMIP) - elm-eca - ipsl-cm6a-lr,390.0321350097656
1954-12-31 00:00:00,elm-eca,historical,ipsl-cm6a-lr,historical (FireMIP) - elm-eca - ipsl-cm6a-lr,422.7232666015625
1955-12-31 00:00:00,elm-eca,historical,ipsl-cm6a-lr,historical (FireMIP) - elm-eca - ipsl-cm6a-lr,434.548095703125
1956-12-31 00:00:00,elm-eca,historical,ipsl-cm6a-lr,historical (FireMIP) - elm-eca - ipsl-cm6a-lr,398.5022277832031
1957-12-31 00:00:00,elm-eca,historical,ipsl-cm6a-lr,historical (FireMIP) - elm-eca - ipsl-cm6a-lr,359.8141784667969
1958-12-31 00:00:00,elm-eca,historical,ipsl-cm6a-lr,historical (FireMIP) - elm-eca - ipsl-cm6a-lr,418.0967102050781
1959-12-31 00:00:00,elm-eca,historical,ipsl-cm6a-lr,historical (FireMIP) - elm-eca - ipsl-cm6a-lr,465.4169921875
1960-12-31 00:00:00,elm-eca,historical,ipsl-cm6a-lr,historical (FireMIP) - elm-eca - ipsl-cm6a-lr,377.90869140625
1961-12-31 00:00:00,elm-eca,historical,ipsl-cm6a-lr,historical (FireMIP) - elm-eca - ipsl-cm6a-lr,360.5206604003906
1962-12-31 00:00:00,elm-eca,historical,ipsl-cm6a-lr,historical (FireMIP) - elm-eca - ipsl-cm6a-lr,427.7593994140625
1963-12-31 00:00:00,elm-eca,historical,ipsl-cm6a-lr,historical (FireMIP) - elm-eca - ipsl-cm6a-lr,341.8435363769531
1964-12-31 00:00:00,elm-eca,historical,ipsl-cm6a-lr,historical (FireMIP) - elm-eca - ipsl-cm6a-lr,344.1366271972656
1965-12-31 00:00:00,elm-eca,historical,ipsl-cm6a-lr,historical (FireMIP) - elm-eca - ipsl-cm6a-lr,361.8087158203125
1966-12-31 00:00:00,elm-eca,historical,ipsl-cm6a-lr,historical (FireMIP) - elm-eca - ipsl-cm6a-lr,341.0194396972656
1967-12-31 00:00:00,elm-eca,historical,ipsl-cm6a-lr,historical (FireMIP) - elm-eca - ipsl-cm6a-lr,415.8617248535156
1968-12-31 00:00:00,elm-eca,historical,ipsl-cm6a-lr,historical (FireMIP) - elm-eca - ipsl-cm6a-lr,428.48583984375
1969-12-31 00:00:00,elm-eca,historical,ipsl-cm6a-lr,historical (FireMIP) - elm-eca - ipsl-cm6a-lr,363.0299987792969
1970-12-31 00:00:00,elm-eca,historical,ipsl-cm6a-lr,historical (FireMIP) - elm-eca - ipsl-cm6a-lr,369.3646240234375
1971-12-31 00:00:00,elm-eca,historical,ipsl-cm6a-lr,historical (FireMIP) - elm-eca - ipsl-cm6a-lr,326.6301574707031
1972-12-31 00:00:00,elm-eca,historical,ipsl-cm6a-lr,historical (FireMIP) - elm-eca - ipsl-cm6a-lr,433.41064453125
1973-12-31 00:00:00,elm-eca,historical,ipsl-cm6a-lr,historical (FireMIP) - elm-eca - ipsl-cm6a-lr,449.4704284667969
1974-12-31 00:00:00,elm-eca,historical,ipsl-cm6a-lr,historical (FireMIP) - elm-eca - ipsl-cm6a-lr,370.7908630371094
1975-12-31 00:00:00,elm-eca,historical,ipsl-cm6a-lr,historical (FireMIP) - elm-eca - ipsl-cm6a-lr,371.9776306152344
1976-12-31 00:00:00,elm-eca,historical,ipsl-cm6a-lr,historical (FireMIP) - elm-eca - ipsl-cm6a-lr,445.7088928222656
1977-12-31 00:00:00,elm-eca,historical,ipsl-cm6a-lr,historical (FireMIP) - elm-eca - ipsl-cm6a-lr,358.1640319824219
1978-12-31 00:00:00,elm-eca,historical,ipsl-cm6a-lr,historical (FireMIP) - elm-eca - ipsl-cm6a-lr,361.0727844238281
1979-12-31 00:00:00,elm-eca,historical,ipsl-cm6a-lr,historical (FireMIP) - elm-eca - ipsl-cm6a-lr,407.1805114746094
1980-12-31 00:00:00,elm-eca,historical,ipsl-cm6a-lr,historical (FireMIP) - elm-eca - ipsl-cm6a-lr,447.6374816894531
1981-12-31 00:00:00,elm-eca,historical,ipsl-cm6a-lr,historical (FireMIP) - elm-eca - ipsl-cm6a-lr,341.3999938964844
1982-12-31 00:00:00,elm-eca,historical,ipsl-cm6a-lr,historical (FireMIP) - elm-eca - ipsl-cm6a-lr,397.5597839355469
1983-12-31 00:00:00,elm-eca,historical,ipsl-cm6a-lr,historical (FireMIP) - elm-eca - ipsl-cm6a-lr,319.2874450683594
1984-12-31 00:00:00,elm-eca,historical,ipsl-cm6a-lr,historical (FireMIP) - elm-eca - ipsl-cm6a-lr,342.00537109375
1985-12-31 00:00:00,elm-eca,historical,ipsl-cm6a-lr,historical (FireMIP) - elm-eca - ipsl-cm6a-lr,454.7635498046875
1986-12-31 00:00:00,elm-eca,historical,ipsl-cm6a-lr,historical (FireMIP) - elm-eca - ipsl-cm6a-lr,389.0349426269531
1987-12-31 00:00:00,elm-eca,historical,ipsl-cm6a-lr,historical (FireMIP) - elm-eca - ipsl-cm6a-lr,434.8073425292969
1988-12-31 00:00:00,elm-eca,historical,ipsl-cm6a-lr,historical (FireMIP) - elm-eca - ipsl-cm6a-lr,406.3956298828125
1989-12-31 00:00:00,elm-eca,historical,ipsl-cm6a-lr,historical (FireMIP) - elm-eca - ipsl-cm6a-lr,379.328369140625
1990-12-31 00:00:00,elm-eca,historical,ipsl-cm6a-lr,historical (FireMIP) - elm-eca - ipsl-cm6a-lr,429.8940734863281
1991-12-31 00:00:00,elm-eca,historical,ipsl-cm6a-lr,historical (FireMIP) - elm-eca - ipsl-cm6a-lr,268.4255676269531
1992-12-31 00:00:00,elm-eca,historical,ipsl-cm6a-lr,historical (FireMIP) - elm-eca - ipsl-cm6a-lr,370.9461975097656
1993-12-31 00:00:00,elm-eca,historical,ipsl-cm6a-lr,historical (FireMIP) - elm-eca - ipsl-cm6a-lr,398.8172607421875
1994-12-31 00:00:00,elm-eca,historical,ipsl-cm6a-lr,historical (FireMIP) - elm-eca - ipsl-cm6a-lr,326.6221618652344
1995-12-31 00:00:00,elm-eca,historical,ipsl-cm6a-lr,historical (FireMIP) - elm-eca - ipsl-cm6a-lr,375.6197509765625
1996-12-31 00:00:00,elm-eca,historical,ipsl-cm6a-lr,historical (FireMIP) - elm-eca - ipsl-cm6a-lr,388.6180419921875
1997-12-31 00:00:00,elm-eca,historical,ipsl-cm6a-lr,historical (FireMIP) - elm-eca - ipsl-cm6a-lr,391.7847900390625
1998-12-31 00:00:00,elm-eca,historical,ipsl-cm6a-lr,historical (FireMIP) - elm-eca - ipsl-cm6a-lr,335.2633972167969
1999-12-31 00:00:00,elm-eca,historical,ipsl-cm6a-lr,historical (FireMIP) - elm-eca - ipsl-cm6a-lr,403.8857421875
2000-12-31 00:00:00,elm-eca,historical,ipsl-cm6a-lr,historical (FireMIP) - elm-eca - ipsl-cm6a-lr,398.4740905761719
2001-12-31 00:00:00,elm-eca,historical,ipsl-cm6a-lr,historical (FireMIP) - elm-eca - ipsl-cm6a-lr,368.4967346191406
2002-12-31 00:00:00,elm-eca,historical,ipsl-cm6a-lr,historical (FireMIP) - elm-eca - ipsl-cm6a-lr,330.9726867675781
2003-12-31 00:00:00,elm-eca,historical,ipsl-cm6a-lr,historical (FireMIP) - elm-eca - ipsl-cm6a-lr,417.877197265625
2004-12-31 00:00:00,elm-eca,historical,ipsl-cm6a-lr,historical (FireMIP) - elm-eca - ipsl-cm6a-lr,380.3194274902344
2005-12-31 00:00:00,elm-eca,historical,ipsl-cm6a-lr,historical (FireMIP) - elm-eca - ipsl-cm6a-lr,418.5829162597656
2006-12-31 00:00:00,elm-eca,historical,ipsl-cm6a-lr,historical (FireMIP) - elm-eca - ipsl-cm6a-lr,341.2261657714844
2007-12-31 00:00:00,elm-eca,historical,ipsl-cm6a-lr,historical (FireMIP) - elm-eca - ipsl-cm6a-lr,360.0111999511719
2008-12-31 00:00:00,elm-eca,historical,ipsl-cm6a-lr,historical (FireMIP) - elm-eca - ipsl-cm6a-lr,385.7017517089844
2009-12-31 00:00:00,elm-eca,historical,ipsl-cm6a-lr,historical (FireMIP) - elm-eca - ipsl-cm6a-lr,488.3673400878906
2010-12-31 00:00:00,elm-eca,historical,ipsl-cm6a-lr,historical (FireMIP) - elm-eca - ipsl-cm6a-lr,480.2843017578125
2011-12-31 00:00:00,elm-eca,historical,ipsl-cm6a-lr,historical (FireMIP) - elm-eca - ipsl-cm6a-lr,355.3752136230469
2012-12-31 00:00:00,elm-eca,historical,ipsl-cm6a-lr,historical (FireMIP) - elm-eca - ipsl-cm6a-lr,420.2688903808594
2013-12-31 00:00:00,elm-eca,historical,ipsl-cm6a-lr,historical (FireMIP) - elm-eca - ipsl-cm6a-lr,423.1527404785156
2014-12-31 00:00:00,elm-eca,historical,ipsl-cm6a-lr,historical (FireMIP) - elm-eca - ipsl-cm6a-lr,396.789306640625
2015-12-31 00:00:00,elm-eca,ssp126,mpi-esm1-2-hr,ssp126 (FireMIP) - elm-eca - mpi-esm1-2-hr,372.3047180175781
2016-12-31 00:00:00,elm-eca,ssp126,mpi-esm1-2-hr,ssp126 (FireMIP) - elm-eca - mpi-esm1-2-hr,371.3847961425781
2017-12-31 00:00:00,elm-eca,ssp126,mpi-esm1-2-hr,ssp126 (FireMIP) - elm-eca - mpi-esm1-2-hr,360.6435852050781
2018-12-31 00:00:00,elm-eca,ssp126,mpi-esm1-2-hr,ssp126 (FireMIP) - elm-eca - mpi-esm1-2-hr,345.7830810546875
2019-12-31 00:00:00,elm-eca,ssp126,mpi-esm1-2-hr,ssp126 (FireMIP) - elm-eca - mpi-esm1-2-hr,400.5944519042969
2020-12-31 00:00:00,elm-eca,ssp126,mpi-esm1-2-hr,ssp126 (FireMIP) - elm-eca - mpi-esm1-2-hr,357.3961486816406
2021-12-31 00:00:00,elm-eca,ssp126,mpi-esm1-2-hr,ssp126 (FireMIP) - elm-eca - mpi-esm1-2-hr,371.9415283203125
2022-12-31 00:00:00,elm-eca,ssp126,mpi-esm1-2-hr,ssp126 (FireMIP) - elm-eca - mpi-esm1-2-hr,416.1421203613281
2023-12-31 00:00:00,elm-eca,ssp126,mpi-esm1-2-hr,ssp126 (FireMIP) - elm-eca - mpi-esm1-2-hr,349.7292175292969
2024-12-31 00:00:00,elm-eca,ssp126,mpi-esm1-2-hr,ssp126 (FireMIP) - elm-eca - mpi-esm1-2-hr,427.7663879394531
2025-12-31 00:00:00,elm-eca,ssp126,mpi-esm1-2-hr,ssp126 (FireMIP) - elm-eca - mpi-esm1-2-hr,465.8480529785156
2026-12-31 00:00:00,elm-eca,ssp126,mpi-esm1-2-hr,ssp126 (FireMIP) - elm-eca - mpi-esm1-2-hr,334.2288513183594
2027-12-31 00:00:00,elm-eca,ssp126,mpi-esm1-2-hr,ssp126 (FireMIP) - elm-eca - mpi-esm1-2-hr,352.0201721191406
2028-12-31 00:00:00,elm-eca,ssp126,mpi-esm1-2-hr,ssp126 (FireMIP) - elm-eca - mpi-esm1-2-hr,370.6089172363281
2029-12-31 00:00:00,elm-eca,ssp126,mpi-esm1-2-hr,ssp126 (FireMIP) - elm-eca - mpi-esm1-2-hr,407.0381774902344
2030-12-31 00:00:00,elm-eca,ssp126,mpi-esm1-2-hr,ssp126 (FireMIP) - elm-eca - mpi-esm1-2-hr,428.4888000488281
2031-12-31 00:00:00,elm-eca,ssp126,mpi-esm1-2-hr,ssp126 (FireMIP) - elm-eca - mpi-esm1-2-hr,353.0890197753906
2032-12-31 00:00:00,elm-eca,ssp126,mpi-esm1-2-hr,ssp126 (FireMIP) - elm-eca - mpi-esm1-2-hr,416.9118347167969
2033-12-31 00:00:00,elm-eca,ssp126,mpi-esm1-2-hr,ssp126 (FireMIP) - elm-eca - mpi-esm1-2-hr,303.5650939941406
2034-12-31 00:00:00,elm-eca,ssp126,mpi-esm1-2-hr,ssp126 (FireMIP) - elm-eca - mpi-esm1-2-hr,412.9749755859375
2035-12-31 00:00:00,elm-eca,ssp126,mpi-esm1-2-hr,ssp126 (FireMIP) - elm-eca - mpi-esm1-2-hr,517.3435668945312
2036-12-31 00:00:00,elm-eca,ssp126,mpi-esm1-2-hr,ssp126 (FireMIP) - elm-eca - mpi-esm1-2-hr,404.3404846191406
2037-12-31 00:00:00,elm-eca,ssp126,mpi-esm1-2-hr,ssp126 (FireMIP) - elm-eca - mpi-esm1-2-hr,389.5504150390625
2038-12-31 00:00:00,elm-eca,ssp126,mpi-esm1-2-hr,ssp126 (FireMIP) - elm-eca - mpi-esm1-2-hr,433.2293701171875
2039-12-31 00:00:00,elm-eca,ssp126,mpi-esm1-2-hr,ssp126 (FireMIP) - elm-eca - mpi-esm1-2-hr,353.4723815917969
2040-12-31 00:00:00,elm-eca,ssp126,mpi-esm1-2-hr,ssp126 (FireMIP) - elm-eca - mpi-esm1-2-hr,397.1810607910156
2041-12-31 00:00:00,elm-eca,ssp126,mpi-esm1-2-hr,ssp126 (FireMIP) - elm-eca - mpi-esm1-2-hr,368.6622009277344
2042-12-31 00:00:00,elm-eca,ssp126,mpi-esm1-2-hr,ssp126 (FireMIP) - elm-eca - mpi-esm1-2-hr,357.8671569824219
2043-12-31 00:00:00,elm-eca,ssp126,mpi-esm1-2-hr,ssp126 (FireMIP) - elm-eca - mpi-esm1-2-hr,420.8510437011719
2044-12-31 00:00:00,elm-eca,ssp126,mpi-esm1-2-hr,ssp126 (FireMIP) - elm-eca - mpi-esm1-2-hr,466.2086486816406
2045-12-31 00:00:00,elm-eca,ssp126,mpi-esm1-2-hr,ssp126 (FireMIP) - elm-eca - mpi-esm1-2-hr,402.2535705566406
2046-12-31 00:00:00,elm-eca,ssp126,mpi-esm1-2-hr,ssp126 (FireMIP) - elm-eca - mpi-esm1-2-hr,440.5724792480469
2047-12-31 00:00:00,elm-eca,ssp126,mpi-esm1-2-hr,ssp126 (FireMIP) - elm-eca - mpi-esm1-2-hr,352.2926330566406
2048-12-31 00:00:00,elm-eca,ssp126,mpi-esm1-2-hr,ssp126 (FireMIP) - elm-eca - mpi-esm1-2-hr,336.4433288574219
2049-12-31 00:00:00,elm-eca,ssp126,mpi-esm1-2-hr,ssp126 (FireMIP) - elm-eca - mpi-esm1-2-hr,494.0373840332031
2050-12-31 00:00:00,elm-eca,ssp126,mpi-esm1-2-hr,ssp126 (FireMIP) - elm-eca - mpi-esm1-2-hr,366.404052734375
2051-12-31 00:00:00,elm-eca,ssp126,mpi-esm1-2-hr,ssp126 (FireMIP) - elm-eca - mpi-esm1-2-hr,380.5005187988281
2052-12-31 00:00:00,elm-eca,ssp126,mpi-esm1-2-hr,ssp126 (FireMIP) - elm-eca - mpi-esm1-2-hr,423.736328125
2053-12-31 00:00:00,elm-eca,ssp126,mpi-esm1-2-hr,ssp126 (FireMIP) - elm-eca - mpi-esm1-2-hr,383.2167663574219
2054-12-31 00:00:00,elm-eca,ssp126,mpi-esm1-2-hr,ssp126 (FireMIP) - elm-eca - mpi-esm1-2-hr,435.6211242675781
2055-12-31 00:00:00,elm-eca,ssp126,mpi-esm1-2-hr,ssp126 (FireMIP) - elm-eca - mpi-esm1-2-hr,424.92822265625
2056-12-31 00:00:00,elm-eca,ssp126,mpi-esm1-2-hr,ssp126 (FireMIP) - elm-eca - mpi-esm1-2-hr,429.4480285644531
2057-12-31 00:00:00,elm-eca,ssp126,mpi-esm1-2-hr,ssp126 (FireMIP) - elm-eca - mpi-esm1-2-hr,435.6010437011719
2058-12-31 00:00:00,elm-eca,ssp126,mpi-esm1-2-hr,ssp126 (FireMIP) - elm-eca - mpi-esm1-2-hr,379.5159912109375
2059-12-31 00:00:00,elm-eca,ssp126,mpi-esm1-2-hr,ssp126 (FireMIP) - elm-eca - mpi-esm1-2-hr,396.3390808105469
2060-12-31 00:00:00,elm-eca,ssp126,mpi-esm1-2-hr,ssp126 (FireMIP) - elm-eca - mpi-esm1-2-hr,433.1361999511719
2061-12-31 00:00:00,elm-eca,ssp126,mpi-esm1-2-hr,ssp126 (FireMIP) - elm-eca - mpi-esm1-2-hr,338.9363098144531
2062-12-31 00:00:00,elm-eca,ssp126,mpi-esm1-2-hr,ssp126 (FireMIP) - elm-eca - mpi-esm1-2-hr,417.84716796875
2063-12-31 00:00:00,elm-eca,ssp126,mpi-esm1-2-hr,ssp126 (FireMIP) - elm-eca - mpi-esm1-2-hr,456.8923645019531
2064-12-31 00:00:00,elm-eca,ssp126,mpi-esm1-2-hr,ssp126 (FireMIP) - elm-eca - mpi-esm1-2-hr,398.5510559082031
2065-12-31 00:00:00,elm-eca,ssp126,mpi-esm1-2-hr,ssp126 (FireMIP) - elm-eca - mpi-esm1-2-hr,359.6643981933594
2066-12-31 00:00:00,elm-eca,ssp126,mpi-esm1-2-hr,ssp126 (FireMIP) - elm-eca - mpi-esm1-2-hr,386.2945556640625
2067-12-31 00:00:00,elm-eca,ssp126,mpi-esm1-2-hr,ssp126 (FireMIP) - elm-eca - mpi-esm1-2-hr,567.3425903320312
2068-12-31 00:00:00,elm-eca,ssp126,mpi-esm1-2-hr,ssp126 (FireMIP) - elm-eca - mpi-esm1-2-hr,423.5163269042969
2069-12-31 00:00:00,elm-eca,ssp126,mpi-esm1-2-hr,ssp126 (FireMIP) - elm-eca - mpi-esm1-2-hr,406.206787109375
2070-12-31 00:00:00,elm-eca,ssp126,mpi-esm1-2-hr,ssp126 (FireMIP) - elm-eca - mpi-esm1-2-hr,424.5592041015625
2071-12-31 00:00:00,elm-eca,ssp126,mpi-esm1-2-hr,ssp126 (FireMIP) - elm-eca - mpi-esm1-2-hr,368.5237731933594
2072-12-31 00:00:00,elm-eca,ssp126,mpi-esm1-2-hr,ssp126 (FireMIP) - elm-eca - mpi-esm1-2-hr,435.8327331542969
2073-12-31 00:00:00,elm-eca,ssp126,mpi-esm1-2-hr,ssp126 (FireMIP) - elm-eca - mpi-esm1-2-hr,440.54638671875
2074-12-31 00:00:00,elm-eca,ssp126,mpi-esm1-2-hr,ssp126 (FireMIP) - elm-eca - mpi-esm1-2-hr,389.2816162109375
2075-12-31 00:00:00,elm-eca,ssp126,mpi-esm1-2-hr,ssp126 (FireMIP) - elm-eca - mpi-esm1-2-hr,459.776123046875
2076-12-31 00:00:00,elm-eca,ssp126,mpi-esm1-2-hr,ssp126 (FireMIP) - elm-eca - mpi-esm1-2-hr,349.8678894042969
2077-12-31 00:00:00,elm-eca,ssp126,mpi-esm1-2-hr,ssp126 (FireMIP) - elm-eca - mpi-esm1-2-hr,410.9806213378906
2078-12-31 00:00:00,elm-eca,ssp126,mpi-esm1-2-hr,ssp126 (FireMIP) - elm-eca - mpi-esm1-2-hr,437.4197998046875
2079-12-31 00:00:00,elm-eca,ssp126,mpi-esm1-2-hr,ssp126 (FireMIP) - elm-eca - mpi-esm1-2-hr,421.8489074707031
2080-12-31 00:00:00,elm-eca,ssp126,mpi-esm1-2-hr,ssp126 (FireMIP) - elm-eca - mpi-esm1-2-hr,419.5378112792969
2081-12-31 00:00:00,elm-eca,ssp126,mpi-esm1-2-hr,ssp126 (FireMIP) - elm-eca - mpi-esm1-2-hr,370.7510986328125
2082-12-31 00:00:00,elm-eca,ssp126,mpi-esm1-2-hr,ssp126 (FireMIP) - elm-eca - mpi-esm1-2-hr,372.3000183105469
2083-12-31 00:00:00,elm-eca,ssp126,mpi-esm1-2-hr,ssp126 (FireMIP) - elm-eca - mpi-esm1-2-hr,400.7586364746094
2084-12-31 00:00:00,elm-eca,ssp126,mpi-esm1-2-hr,ssp126 (FireMIP) - elm-eca - mpi-esm1-2-hr,363.4739074707031
2085-12-31 00:00:00,elm-eca,ssp126,mpi-esm1-2-hr,ssp126 (FireMIP) - elm-eca - mpi-esm1-2-hr,341.1955871582031
2086-12-31 00:00:00,elm-eca,ssp126,mpi-esm1-2-hr,ssp126 (FireMIP) - elm-eca - mpi-esm1-2-hr,491.5533142089844
2087-12-31 00:00:00,elm-eca,ssp126,mpi-esm1-2-hr,ssp126 (FireMIP) - elm-eca - mpi-esm1-2-hr,363.0352478027344
2088-12-31 00:00:00,elm-eca,ssp126,mpi-esm1-2-hr,ssp126 (FireMIP) - elm-eca - mpi-esm1-2-hr,377.0294189453125
2089-12-31 00:00:00,elm-eca,ssp126,mpi-esm1-2-hr,ssp126 (FireMIP) - elm-eca - mpi-esm1-2-hr,462.9520568847656
2090-12-31 00:00:00,elm-eca,ssp126,mpi-esm1-2-hr,ssp126 (FireMIP) - elm-eca - mpi-esm1-2-hr,392.9458312988281
2091-12-31 00:00:00,elm-eca,ssp126,mpi-esm1-2-hr,ssp126 (FireMIP) - elm-eca - mpi-esm1-2-hr,363.8115234375
2092-12-31 00:00:00,elm-eca,ssp126,mpi-esm1-2-hr,ssp126 (FireMIP) - elm-eca - mpi-esm1-2-hr,427.7594909667969
2093-12-31 00:00:00,elm-eca,ssp126,mpi-esm1-2-hr,ssp126 (FireMIP) - elm-eca - mpi-esm1-2-hr,365.2915954589844
2094-12-31 00:00:00,elm-eca,ssp126,mpi-esm1-2-hr,ssp126 (FireMIP) - elm-eca - mpi-esm1-2-hr,515.1544799804688
2095-12-31 00:00:00,elm-eca,ssp126,mpi-esm1-2-hr,ssp126 (FireMIP) - elm-eca - mpi-esm1-2-hr,469.2547912597656
2096-12-31 00:00:00,elm-eca,ssp126,mpi-esm1-2-hr,ssp126 (FireMIP) - elm-eca - mpi-esm1-2-hr,427.31005859375
2097-12-31 00:00:00,elm-eca,ssp126,mpi-esm1-2-hr,ssp126 (FireMIP) - elm-eca - mpi-esm1-2-hr,345.7319030761719
2098-12-31 00:00:00,elm-eca,ssp126,mpi-esm1-2-hr,ssp126 (FireMIP) - elm-eca - mpi-esm1-2-hr,424.7876892089844
2099-12-31 00:00:00,elm-eca,ssp126,mpi-esm1-2-hr,ssp126 (FireMIP) - elm-eca - mpi-esm1-2-hr,359.0162353515625
2100-12-31 00:00:00,elm-eca,ssp126,mpi-esm1-2-hr,ssp126 (FireMIP) - elm-eca - mpi-esm1-2-hr,359.9681701660156
2015-12-31 00:00:00,elm-eca,ssp126,mri-esm2-0,ssp126 (FireMIP) - elm-eca - mri-esm2-0,349.8458251953125
2016-12-31 00:00:00,elm-eca,ssp126,mri-esm2-0,ssp126 (FireMIP) - elm-eca - mri-esm2-0,386.7439270019531
2017-12-31 00:00:00,elm-eca,ssp126,mri-esm2-0,ssp126 (FireMIP) - elm-eca - mri-esm2-0,402.8642883300781
2018-12-31 00:00:00,elm-eca,ssp126,mri-esm2-0,ssp126 (FireMIP) - elm-eca - mri-esm2-0,276.1728820800781
2019-12-31 00:00:00,elm-eca,ssp126,mri-esm2-0,ssp126 (FireMIP) - elm-eca - mri-esm2-0,399.7309265136719
2020-12-31 00:00:00,elm-eca,ssp126,mri-esm2-0,ssp126 (FireMIP) - elm-eca - mri-esm2-0,377.9284362792969
2021-12-31 00:00:00,elm-eca,ssp126,mri-esm2-0,ssp126 (FireMIP) - elm-eca - mri-esm2-0,349.3412780761719
2022-12-31 00:00:00,elm-eca,ssp126,mri-esm2-0,ssp126 (FireMIP) - elm-eca - mri-esm2-0,310.0107116699219
2023-12-31 00:00:00,elm-eca,ssp126,mri-esm2-0,ssp126 (FireMIP) - elm-eca - mri-esm2-0,445.60791015625
2024-12-31 00:00:00,elm-eca,ssp126,mri-esm2-0,ssp126 (FireMIP) - elm-eca - mri-esm2-0,429.8995666503906
2025-12-31 00:00:00,elm-eca,ssp126,mri-esm2-0,ssp126 (FireMIP) - elm-eca - mri-esm2-0,350.5076904296875
2026-12-31 00:00:00,elm-eca,ssp126,mri-esm2-0,ssp126 (FireMIP) - elm-eca - mri-esm2-0,387.0300598144531
2027-12-31 00:00:00,elm-eca,ssp126,mri-esm2-0,ssp126 (FireMIP) - elm-eca - mri-esm2-0,358.0734558105469
2028-12-31 00:00:00,elm-eca,ssp126,mri-esm2-0,ssp126 (FireMIP) - elm-eca - mri-esm2-0,405.6873779296875
2029-12-31 00:00:00,elm-eca,ssp126,mri-esm2-0,ssp126 (FireMIP) - elm-eca - mri-esm2-0,439.3576965332031
2030-12-31 00:00:00,elm-eca,ssp126,mri-esm2-0,ssp126 (FireMIP) - elm-eca - mri-esm2-0,397.5047302246094
2031-12-31 00:00:00,elm-eca,ssp126,mri-esm2-0,ssp126 (FireMIP) - elm-eca - mri-esm2-0,398.66845703125
2032-12-31 00:00:00,elm-eca,ssp126,mri-esm2-0,ssp126 (FireMIP) - elm-eca - mri-esm2-0,473.0466613769531
2033-12-31 00:00:00,elm-eca,ssp126,mri-esm2-0,ssp126 (FireMIP) - elm-eca - mri-esm2-0,412.1788635253906
2034-12-31 00:00:00,elm-eca,ssp126,mri-esm2-0,ssp126 (FireMIP) - elm-eca - mri-esm2-0,381.92919921875
2035-12-31 00:00:00,elm-eca,ssp126,mri-esm2-0,ssp126 (FireMIP) - elm-eca - mri-esm2-0,494.6517028808594
2036-12-31 00:00:00,elm-eca,ssp126,mri-esm2-0,ssp126 (FireMIP) - elm-eca - mri-esm2-0,362.3178405761719
2037-12-31 00:00:00,elm-eca,ssp126,mri-esm2-0,ssp126 (FireMIP) - elm-eca - mri-esm2-0,461.9876403808594
2038-12-31 00:00:00,elm-eca,ssp126,mri-esm2-0,ssp126 (FireMIP) - elm-eca - mri-esm2-0,379.2203063964844
2039-12-31 00:00:00,elm-eca,ssp126,mri-esm2-0,ssp126 (FireMIP) - elm-eca - mri-esm2-0,452.3361511230469
2040-12-31 00:00:00,elm-eca,ssp126,mri-esm2-0,ssp126 (FireMIP) - elm-eca - mri-esm2-0,379.7243347167969
2041-12-31 00:00:00,elm-eca,ssp126,mri-esm2-0,ssp126 (FireMIP) - elm-eca - mri-esm2-0,460.6236267089844
2042-12-31 00:00:00,elm-eca,ssp126,mri-esm2-0,ssp126 (FireMIP) - elm-eca - mri-esm2-0,376.0373229980469
2043-12-31 00:00:00,elm-eca,ssp126,mri-esm2-0,ssp126 (FireMIP) - elm-eca - mri-esm2-0,382.3455505371094
2044-12-31 00:00:00,elm-eca,ssp126,mri-esm2-0,ssp126 (FireMIP) - elm-eca - mri-esm2-0,406.844482421875
2045-12-31 00:00:00,elm-eca,ssp126,mri-esm2-0,ssp126 (FireMIP) - elm-eca - mri-esm2-0,391.5184631347656
2046-12-31 00:00:00,elm-eca,ssp126,mri-esm2-0,ssp126 (FireMIP) - elm-eca - mri-esm2-0,370.7639465332031
2047-12-31 00:00:00,elm-eca,ssp126,mri-esm2-0,ssp126 (FireMIP) - elm-eca - mri-esm2-0,389.6156921386719
2048-12-31 00:00:00,elm-eca,ssp126,mri-esm2-0,ssp126 (FireMIP) - elm-eca - mri-esm2-0,441.4268493652344
2049-12-31 00:00:00,elm-eca,ssp126,mri-esm2-0,ssp126 (FireMIP) - elm-eca - mri-esm2-0,348.0793762207031
2050-12-31 00:00:00,elm-eca,ssp126,mri-esm2-0,ssp126 (FireMIP) - elm-eca - mri-esm2-0,376.9146728515625
2051-12-31 00:00:00,elm-eca,ssp126,mri-esm2-0,ssp126 (FireMIP) - elm-eca - mri-esm2-0,433.2150573730469
2052-12-31 00:00:00,elm-eca,ssp126,mri-esm2-0,ssp126 (FireMIP) - elm-eca - mri-esm2-0,364.0464172363281
2053-12-31 00:00:00,elm-eca,ssp126,mri-esm2-0,ssp126 (FireMIP) - elm-eca - mri-esm2-0,454.1846618652344
2054-12-31 00:00:00,elm-eca,ssp126,mri-esm2-0,ssp126 (FireMIP) - elm-eca - mri-esm2-0,400.78564453125
2055-12-31 00:00:00,elm-eca,ssp126,mri-esm2-0,ssp126 (FireMIP) - elm-eca - mri-esm2-0,407.7308654785156
2056-12-31 00:00:00,elm-eca,ssp126,mri-esm2-0,ssp126 (FireMIP) - elm-eca - mri-esm2-0,411.3163146972656
2057-12-31 00:00:00,elm-eca,ssp126,mri-esm2-0,ssp126 (FireMIP) - elm-eca - mri-esm2-0,465.1175537109375
2058-12-31 00:00:00,elm-eca,ssp126,mri-esm2-0,ssp126 (FireMIP) - elm-eca - mri-esm2-0,430.0984191894531
2059-12-31 00:00:00,elm-eca,ssp126,mri-esm2-0,ssp126 (FireMIP) - elm-eca - mri-esm2-0,319.74029541015625
2060-12-31 00:00:00,elm-eca,ssp126,mri-esm2-0,ssp126 (FireMIP) - elm-eca - mri-esm2-0,398.3007507324219
2061-12-31 00:00:00,elm-eca,ssp126,mri-esm2-0,ssp126 (FireMIP) - elm-eca - mri-esm2-0,461.2995910644531
2062-12-31 00:00:00,elm-eca,ssp126,mri-esm2-0,ssp126 (FireMIP) - elm-eca - mri-esm2-0,394.7265319824219
2063-12-31 00:00:00,elm-eca,ssp126,mri-esm2-0,ssp126 (FireMIP) - elm-eca - mri-esm2-0,340.5207214355469
2064-12-31 00:00:00,elm-eca,ssp126,mri-esm2-0,ssp126 (FireMIP) - elm-eca - mri-esm2-0,406.107666015625
2065-12-31 00:00:00,elm-eca,ssp126,mri-esm2-0,ssp126 (FireMIP) - elm-eca - mri-esm2-0,399.6505432128906
2066-12-31 00:00:00,elm-eca,ssp126,mri-esm2-0,ssp126 (FireMIP) - elm-eca - mri-esm2-0,401.9490051269531
2067-12-31 00:00:00,elm-eca,ssp126,mri-esm2-0,ssp126 (FireMIP) - elm-eca - mri-esm2-0,418.6459045410156
2068-12-31 00:00:00,elm-eca,ssp126,mri-esm2-0,ssp126 (FireMIP) - elm-eca - mri-esm2-0,369.467529296875
2069-12-31 00:00:00,elm-eca,ssp126,mri-esm2-0,ssp126 (FireMIP) - elm-eca - mri-esm2-0,382.5589294433594
2070-12-31 00:00:00,elm-eca,ssp126,mri-esm2-0,ssp126 (FireMIP) - elm-eca - mri-esm2-0,426.865478515625
2071-12-31 00:00:00,elm-eca,ssp126,mri-esm2-0,ssp126 (FireMIP) - elm-eca - mri-esm2-0,376.4166259765625
2072-12-31 00:00:00,elm-eca,ssp126,mri-esm2-0,ssp126 (FireMIP) - elm-eca - mri-esm2-0,418.4246826171875
2073-12-31 00:00:00,elm-eca,ssp126,mri-esm2-0,ssp126 (FireMIP) - elm-eca - mri-esm2-0,490.9309997558594
2074-12-31 00:00:00,elm-eca,ssp126,mri-esm2-0,ssp126 (FireMIP) - elm-eca - mri-esm2-0,368.333251953125
2075-12-31 00:00:00,elm-eca,ssp126,mri-esm2-0,ssp126 (FireMIP) - elm-eca - mri-esm2-0,361.146240234375
2076-12-31 00:00:00,elm-eca,ssp126,mri-esm2-0,ssp126 (FireMIP) - elm-eca - mri-esm2-0,417.6800537109375
2077-12-31 00:00:00,elm-eca,ssp126,mri-esm2-0,ssp126 (FireMIP) - elm-eca - mri-esm2-0,453.143310546875
2078-12-31 00:00:00,elm-eca,ssp126,mri-esm2-0,ssp126 (FireMIP) - elm-eca - mri-esm2-0,401.0648193359375
2079-12-31 00:00:00,elm-eca,ssp126,mri-esm2-0,ssp126 (FireMIP) - elm-eca - mri-esm2-0,428.2270812988281
2080-12-31 00:00:00,elm-eca,ssp126,mri-esm2-0,ssp126 (FireMIP) - elm-eca - mri-esm2-0,427.2626953125
2081-12-31 00:00:00,elm-eca,ssp126,mri-esm2-0,ssp126 (FireMIP) - elm-eca - mri-esm2-0,475.42626953125
2082-12-31 00:00:00,elm-eca,ssp126,mri-esm2-0,ssp126 (FireMIP) - elm-eca - mri-esm2-0,471.6402587890625
2083-12-31 00:00:00,elm-eca,ssp126,mri-esm2-0,ssp126 (FireMIP) - elm-eca - mri-esm2-0,412.4129943847656
2084-12-31 00:00:00,elm-eca,ssp126,mri-esm2-0,ssp126 (FireMIP) - elm-eca - mri-esm2-0,447.6935729980469
2085-12-31 00:00:00,elm-eca,ssp126,mri-esm2-0,ssp126 (FireMIP) - elm-eca - mri-esm2-0,337.9415588378906
2086-12-31 00:00:00,elm-eca,ssp126,mri-esm2-0,ssp126 (FireMIP) - elm-eca - mri-esm2-0,357.4774169921875
2087-12-31 00:00:00,elm-eca,ssp126,mri-esm2-0,ssp126 (FireMIP) - elm-eca - mri-esm2-0,367.677734375
2088-12-31 00:00:00,elm-eca,ssp126,mri-esm2-0,ssp126 (FireMIP) - elm-eca - mri-esm2-0,439.2725830078125
2089-12-31 00:00:00,elm-eca,ssp126,mri-esm2-0,ssp126 (FireMIP) - elm-eca - mri-esm2-0,404.3798522949219
2090-12-31 00:00:00,elm-eca,ssp126,mri-esm2-0,ssp126 (FireMIP) - elm-eca - mri-esm2-0,458.3317565917969
2091-12-31 00:00:00,elm-eca,ssp126,mri-esm2-0,ssp126 (FireMIP) - elm-eca - mri-esm2-0,411.6976318359375
2092-12-31 00:00:00,elm-eca,ssp126,mri-esm2-0,ssp126 (FireMIP) - elm-eca - mri-esm2-0,397.4938049316406
2093-12-31 00:00:00,elm-eca,ssp126,mri-esm2-0,ssp126 (FireMIP) - elm-eca - mri-esm2-0,369.5955810546875
2094-12-31 00:00:00,elm-eca,ssp126,mri-esm2-0,ssp126 (FireMIP) - elm-eca - mri-esm2-0,388.1756286621094
2095-12-31 00:00:00,elm-eca,ssp126,mri-esm2-0,ssp126 (FireMIP) - elm-eca - mri-esm2-0,416.396728515625
2096-12-31 00:00:00,elm-eca,ssp126,mri-esm2-0,ssp126 (FireMIP) - elm-eca - mri-esm2-0,422.7727355957031
2097-12-31 00:00:00,elm-eca,ssp126,mri-esm2-0,ssp126 (FireMIP) - elm-eca - mri-esm2-0,392.9266662597656
2098-12-31 00:00:00,elm-eca,ssp126,mri-esm2-0,ssp126 (FireMIP) - elm-eca - mri-esm2-0,440.4178466796875
2099-12-31 00:00:00,elm-eca,ssp126,mri-esm2-0,ssp126 (FireMIP) - elm-eca - mri-esm2-0,426.6252136230469
2100-12-31 00:00:00,elm-eca,ssp126,mri-esm2-0,ssp126 (FireMIP) - elm-eca - mri-esm2-0,446.0984191894531
2015-12-31 00:00:00,elm-eca,ssp126,ukesm1-0-ll,ssp126 (FireMIP) - elm-eca - ukesm1-0-ll,471.810302734375
2016-12-31 00:00:00,elm-eca,ssp126,ukesm1-0-ll,ssp126 (FireMIP) - elm-eca - ukesm1-0-ll,379.6044006347656
2017-12-31 00:00:00,elm-eca,ssp126,ukesm1-0-ll,ssp126 (FireMIP) - elm-eca - ukesm1-0-ll,463.6601867675781
2018-12-31 00:00:00,elm-eca,ssp126,ukesm1-0-ll,ssp126 (FireMIP) - elm-eca - ukesm1-0-ll,404.39404296875
2019-12-31 00:00:00,elm-eca,ssp126,ukesm1-0-ll,ssp126 (FireMIP) - elm-eca - ukesm1-0-ll,493.5728454589844
2020-12-31 00:00:00,elm-eca,ssp126,ukesm1-0-ll,ssp126 (FireMIP) - elm-eca - ukesm1-0-ll,443.2471618652344
2021-12-31 00:00:00,elm-eca,ssp126,ukesm1-0-ll,ssp126 (FireMIP) - elm-eca - ukesm1-0-ll,334.8948669433594
2022-12-31 00:00:00,elm-eca,ssp126,ukesm1-0-ll,ssp126 (FireMIP) - elm-eca - ukesm1-0-ll,489.4927673339844
2023-12-31 00:00:00,elm-eca,ssp126,ukesm1-0-ll,ssp126 (FireMIP) - elm-eca - ukesm1-0-ll,413.0327453613281
2024-12-31 00:00:00,elm-eca,ssp126,ukesm1-0-ll,ssp126 (FireMIP) - elm-eca - ukesm1-0-ll,390.0191345214844
2025-12-31 00:00:00,elm-eca,ssp126,ukesm1-0-ll,ssp126 (FireMIP) - elm-eca - ukesm1-0-ll,433.9420166015625
2026-12-31 00:00:00,elm-eca,ssp126,ukesm1-0-ll,ssp126 (FireMIP) - elm-eca - ukesm1-0-ll,404.5730895996094
2027-12-31 00:00:00,elm-eca,ssp126,ukesm1-0-ll,ssp126 (FireMIP) - elm-eca - ukesm1-0-ll,531.9634399414062
2028-12-31 00:00:00,elm-eca,ssp126,ukesm1-0-ll,ssp126 (FireMIP) - elm-eca - ukesm1-0-ll,486.1038818359375
2029-12-31 00:00:00,elm-eca,ssp126,ukesm1-0-ll,ssp126 (FireMIP) - elm-eca - ukesm1-0-ll,364.1930236816406
2030-12-31 00:00:00,elm-eca,ssp126,ukesm1-0-ll,ssp126 (FireMIP) - elm-eca - ukesm1-0-ll,446.8467102050781
2031-12-31 00:00:00,elm-eca,ssp126,ukesm1-0-ll,ssp126 (FireMIP) - elm-eca - ukesm1-0-ll,471.2225341796875
2032-12-31 00:00:00,elm-eca,ssp126,ukesm1-0-ll,ssp126 (FireMIP) - elm-eca - ukesm1-0-ll,475.6266784667969
2033-12-31 00:00:00,elm-eca,ssp126,ukesm1-0-ll,ssp126 (FireMIP) - elm-eca - ukesm1-0-ll,403.9094543457031
2034-12-31 00:00:00,elm-eca,ssp126,ukesm1-0-ll,ssp126 (FireMIP) - elm-eca - ukesm1-0-ll,533.8358154296875
2035-12-31 00:00:00,elm-eca,ssp126,ukesm1-0-ll,ssp126 (FireMIP) - elm-eca - ukesm1-0-ll,459.8147277832031
2036-12-31 00:00:00,elm-eca,ssp126,ukesm1-0-ll,ssp126 (FireMIP) - elm-eca - ukesm1-0-ll,558.8451538085938
2037-12-31 00:00:00,elm-eca,ssp126,ukesm1-0-ll,ssp126 (FireMIP) - elm-eca - ukesm1-0-ll,496.6797180175781
2038-12-31 00:00:00,elm-eca,ssp126,ukesm1-0-ll,ssp126 (FireMIP) - elm-eca - ukesm1-0-ll,455.4129333496094
2039-12-31 00:00:00,elm-eca,ssp126,ukesm1-0-ll,ssp126 (FireMIP) - elm-eca - ukesm1-0-ll,461.0614013671875
2040-12-31 00:00:00,elm-eca,ssp126,ukesm1-0-ll,ssp126 (FireMIP) - elm-eca - ukesm1-0-ll,650.22216796875
2041-12-31 00:00:00,elm-eca,ssp126,ukesm1-0-ll,ssp126 (FireMIP) - elm-eca - ukesm1-0-ll,480.0268859863281
2042-12-31 00:00:00,elm-eca,ssp126,ukesm1-0-ll,ssp126 (FireMIP) - elm-eca - ukesm1-0-ll,414.64208984375
2043-12-31 00:00:00,elm-eca,ssp126,ukesm1-0-ll,ssp126 (FireMIP) - elm-eca - ukesm1-0-ll,464.3337097167969
2044-12-31 00:00:00,elm-eca,ssp126,ukesm1-0-ll,ssp126 (FireMIP) - elm-eca - ukesm1-0-ll,584.2456665039062
2045-12-31 00:00:00,elm-eca,ssp126,ukesm1-0-ll,ssp126 (FireMIP) - elm-eca - ukesm1-0-ll,575.9473266601562
2046-12-31 00:00:00,elm-eca,ssp126,ukesm1-0-ll,ssp126 (FireMIP) - elm-eca - ukesm1-0-ll,468.5453796386719
2047-12-31 00:00:00,elm-eca,ssp126,ukesm1-0-ll,ssp126 (FireMIP) - elm-eca - ukesm1-0-ll,421.170166015625
2048-12-31 00:00:00,elm-eca,ssp126,ukesm1-0-ll,ssp126 (FireMIP) - elm-eca - ukesm1-0-ll,388.099609375
2049-12-31 00:00:00,elm-eca,ssp126,ukesm1-0-ll,ssp126 (FireMIP) - elm-eca - ukesm1-0-ll,473.0221862792969
2050-12-31 00:00:00,elm-eca,ssp126,ukesm1-0-ll,ssp126 (FireMIP) - elm-eca - ukesm1-0-ll,453.8094787597656
2051-12-31 00:00:00,elm-eca,ssp126,ukesm1-0-ll,ssp126 (FireMIP) - elm-eca - ukesm1-0-ll,496.2007141113281
2052-12-31 00:00:00,elm-eca,ssp126,ukesm1-0-ll,ssp126 (FireMIP) - elm-eca - ukesm1-0-ll,461.2308349609375
2053-12-31 00:00:00,elm-eca,ssp126,ukesm1-0-ll,ssp126 (FireMIP) - elm-eca - ukesm1-0-ll,665.4189453125
2054-12-31 00:00:00,elm-eca,ssp126,ukesm1-0-ll,ssp126 (FireMIP) - elm-eca - ukesm1-0-ll,533.6719360351562
2055-12-31 00:00:00,elm-eca,ssp126,ukesm1-0-ll,ssp126 (FireMIP) - elm-eca - ukesm1-0-ll,496.3876647949219
2056-12-31 00:00:00,elm-eca,ssp126,ukesm1-0-ll,ssp126 (FireMIP) - elm-eca - ukesm1-0-ll,590.1558837890625
2057-12-31 00:00:00,elm-eca,ssp126,ukesm1-0-ll,ssp126 (FireMIP) - elm-eca - ukesm1-0-ll,535.7252807617188
2058-12-31 00:00:00,elm-eca,ssp126,ukesm1-0-ll,ssp126 (FireMIP) - elm-eca - ukesm1-0-ll,465.6360168457031
2059-12-31 00:00:00,elm-eca,ssp126,ukesm1-0-ll,ssp126 (FireMIP) - elm-eca - ukesm1-0-ll,516.062255859375
2060-12-31 00:00:00,elm-eca,ssp126,ukesm1-0-ll,ssp126 (FireMIP) - elm-eca - ukesm1-0-ll,496.147216796875
2061-12-31 00:00:00,elm-eca,ssp126,ukesm1-0-ll,ssp126 (FireMIP) - elm-eca - ukesm1-0-ll,521.2196655273438
2062-12-31 00:00:00,elm-eca,ssp126,ukesm1-0-ll,ssp126 (FireMIP) - elm-eca - ukesm1-0-ll,522.5640258789062
2063-12-31 00:00:00,elm-eca,ssp126,ukesm1-0-ll,ssp126 (FireMIP) - elm-eca - ukesm1-0-ll,627.6925659179688
2064-12-31 00:00:00,elm-eca,ssp126,ukesm1-0-ll,ssp126 (FireMIP) - elm-eca - ukesm1-0-ll,501.6388854980469
2065-12-31 00:00:00,elm-eca,ssp126,ukesm1-0-ll,ssp126 (FireMIP) - elm-eca - ukesm1-0-ll,474.2398681640625
2066-12-31 00:00:00,elm-eca,ssp126,ukesm1-0-ll,ssp126 (FireMIP) - elm-eca - ukesm1-0-ll,582.8563232421875
2067-12-31 00:00:00,elm-eca,ssp126,ukesm1-0-ll,ssp126 (FireMIP) - elm-eca - ukesm1-0-ll,607.27734375
2068-12-31 00:00:00,elm-eca,ssp126,ukesm1-0-ll,ssp126 (FireMIP) - elm-eca - ukesm1-0-ll,372.3645935058594
2069-12-31 00:00:00,elm-eca,ssp126,ukesm1-0-ll,ssp126 (FireMIP) - elm-eca - ukesm1-0-ll,530.9136352539062
2070-12-31 00:00:00,elm-eca,ssp126,ukesm1-0-ll,ssp126 (FireMIP) - elm-eca - ukesm1-0-ll,529.5610961914062
2071-12-31 00:00:00,elm-eca,ssp126,ukesm1-0-ll,ssp126 (FireMIP) - elm-eca - ukesm1-0-ll,493.6693420410156
2072-12-31 00:00:00,elm-eca,ssp126,ukesm1-0-ll,ssp126 (FireMIP) - elm-eca - ukesm1-0-ll,432.2466125488281
2073-12-31 00:00:00,elm-eca,ssp126,ukesm1-0-ll,ssp126 (FireMIP) - elm-eca - ukesm1-0-ll,587.0357055664062
2074-12-31 00:00:00,elm-eca,ssp126,ukesm1-0-ll,ssp126 (FireMIP) - elm-eca - ukesm1-0-ll,591.0459594726562
2075-12-31 00:00:00,elm-eca,ssp126,ukesm1-0-ll,ssp126 (FireMIP) - elm-eca - ukesm1-0-ll,473.8200988769531
2076-12-31 00:00:00,elm-eca,ssp126,ukesm1-0-ll,ssp126 (FireMIP) - elm-eca - ukesm1-0-ll,455.8765869140625
2077-12-31 00:00:00,elm-eca,ssp126,ukesm1-0-ll,ssp126 (FireMIP) - elm-eca - ukesm1-0-ll,473.2909240722656
2078-12-31 00:00:00,elm-eca,ssp126,ukesm1-0-ll,ssp126 (FireMIP) - elm-eca - ukesm1-0-ll,471.504638671875
2079-12-31 00:00:00,elm-eca,ssp126,ukesm1-0-ll,ssp126 (FireMIP) - elm-eca - ukesm1-0-ll,520.3099365234375
2080-12-31 00:00:00,elm-eca,ssp126,ukesm1-0-ll,ssp126 (FireMIP) - elm-eca - ukesm1-0-ll,594.3842163085938
2081-12-31 00:00:00,elm-eca,ssp126,ukesm1-0-ll,ssp126 (FireMIP) - elm-eca - ukesm1-0-ll,666.5786743164062
2082-12-31 00:00:00,elm-eca,ssp126,ukesm1-0-ll,ssp126 (FireMIP) - elm-eca - ukesm1-0-ll,544.6702270507812
2083-12-31 00:00:00,elm-eca,ssp126,ukesm1-0-ll,ssp126 (FireMIP) - elm-eca - ukesm1-0-ll,419.5010681152344
2084-12-31 00:00:00,elm-eca,ssp126,ukesm1-0-ll,ssp126 (FireMIP) - elm-eca - ukesm1-0-ll,525.5828247070312
2085-12-31 00:00:00,elm-eca,ssp126,ukesm1-0-ll,ssp126 (FireMIP) - elm-eca - ukesm1-0-ll,563.9566040039062
2086-12-31 00:00:00,elm-eca,ssp126,ukesm1-0-ll,ssp126 (FireMIP) - elm-eca - ukesm1-0-ll,469.142578125
2087-12-31 00:00:00,elm-eca,ssp126,ukesm1-0-ll,ssp126 (FireMIP) - elm-eca - ukesm1-0-ll,557.1616821289062
2088-12-31 00:00:00,elm-eca,ssp126,ukesm1-0-ll,ssp126 (FireMIP) - elm-eca - ukesm1-0-ll,539.467529296875
2089-12-31 00:00:00,elm-eca,ssp126,ukesm1-0-ll,ssp126 (FireMIP) - elm-eca - ukesm1-0-ll,456.5671691894531
2090-12-31 00:00:00,elm-eca,ssp126,ukesm1-0-ll,ssp126 (FireMIP) - elm-eca - ukesm1-0-ll,706.119140625
2091-12-31 00:00:00,elm-eca,ssp126,ukesm1-0-ll,ssp126 (FireMIP) - elm-eca - ukesm1-0-ll,532.6553955078125
2092-12-31 00:00:00,elm-eca,ssp126,ukesm1-0-ll,ssp126 (FireMIP) - elm-eca - ukesm1-0-ll,526.1602172851562
2093-12-31 00:00:00,elm-eca,ssp126,ukesm1-0-ll,ssp126 (FireMIP) - elm-eca - ukesm1-0-ll,548.285400390625
2094-12-31 00:00:00,elm-eca,ssp126,ukesm1-0-ll,ssp126 (FireMIP) - elm-eca - ukesm1-0-ll,570.4685668945312
2095-12-31 00:00:00,elm-eca,ssp126,ukesm1-0-ll,ssp126 (FireMIP) - elm-eca - ukesm1-0-ll,484.3526611328125
2096-12-31 00:00:00,elm-eca,ssp126,ukesm1-0-ll,ssp126 (FireMIP) - elm-eca - ukesm1-0-ll,403.1632995605469
2097-12-31 00:00:00,elm-eca,ssp126,ukesm1-0-ll,ssp126 (FireMIP) - elm-eca - ukesm1-0-ll,482.9314270019531
2098-12-31 00:00:00,elm-eca,ssp126,ukesm1-0-ll,ssp126 (FireMIP) - elm-eca - ukesm1-0-ll,548.956298828125
2099-12-31 00:00:00,elm-eca,ssp126,ukesm1-0-ll,ssp126 (FireMIP) - elm-eca - ukesm1-0-ll,540.6280517578125
2100-12-31 00:00:00,elm-eca,ssp126,ukesm1-0-ll,ssp126 (FireMIP) - elm-eca - ukesm1-0-ll,583.4620971679688
2015-12-31 00:00:00,elm-eca,ssp126,gfdl-esm4,ssp126 (FireMIP) - elm-eca - gfdl-esm4,378.4472961425781
2016-12-31 00:00:00,elm-eca,ssp126,gfdl-esm4,ssp126 (FireMIP) - elm-eca - gfdl-esm4,369.3245849609375
2017-12-31 00:00:00,elm-eca,ssp126,gfdl-esm4,ssp126 (FireMIP) - elm-eca - gfdl-esm4,435.6262512207031
2018-12-31 00:00:00,elm-eca,ssp126,gfdl-esm4,ssp126 (FireMIP) - elm-eca - gfdl-esm4,327.9178161621094
2019-12-31 00:00:00,elm-eca,ssp126,gfdl-esm4,ssp126 (FireMIP) - elm-eca - gfdl-esm4,354.0752868652344
2020-12-31 00:00:00,elm-eca,ssp126,gfdl-esm4,ssp126 (FireMIP) - elm-eca - gfdl-esm4,386.5377197265625
2021-12-31 00:00:00,elm-eca,ssp126,gfdl-esm4,ssp126 (FireMIP) - elm-eca - gfdl-esm4,476.3249206542969
2022-12-31 00:00:00,elm-eca,ssp126,gfdl-esm4,ssp126 (FireMIP) - elm-eca - gfdl-esm4,356.2861633300781
2023-12-31 00:00:00,elm-eca,ssp126,gfdl-esm4,ssp126 (FireMIP) - elm-eca - gfdl-esm4,397.6668701171875
2024-12-31 00:00:00,elm-eca,ssp126,gfdl-esm4,ssp126 (FireMIP) - elm-eca - gfdl-esm4,474.3426818847656
2025-12-31 00:00:00,elm-eca,ssp126,gfdl-esm4,ssp126 (FireMIP) - elm-eca - gfdl-esm4,475.1002502441406
2026-12-31 00:00:00,elm-eca,ssp126,gfdl-esm4,ssp126 (FireMIP) - elm-eca - gfdl-esm4,404.6610412597656
2027-12-31 00:00:00,elm-eca,ssp126,gfdl-esm4,ssp126 (FireMIP) - elm-eca - gfdl-esm4,377.38134765625
2028-12-31 00:00:00,elm-eca,ssp126,gfdl-esm4,ssp126 (FireMIP) - elm-eca - gfdl-esm4,341.9117431640625
2029-12-31 00:00:00,elm-eca,ssp126,gfdl-esm4,ssp126 (FireMIP) - elm-eca - gfdl-esm4,482.0313415527344
2030-12-31 00:00:00,elm-eca,ssp126,gfdl-esm4,ssp126 (FireMIP) - elm-eca - gfdl-esm4,366.241455078125
2031-12-31 00:00:00,elm-eca,ssp126,gfdl-esm4,ssp126 (FireMIP) - elm-eca - gfdl-esm4,416.1187744140625
2032-12-31 00:00:00,elm-eca,ssp126,gfdl-esm4,ssp126 (FireMIP) - elm-eca - gfdl-esm4,447.7293701171875
2033-12-31 00:00:00,elm-eca,ssp126,gfdl-esm4,ssp126 (FireMIP) - elm-eca - gfdl-esm4,414.7080078125
2034-12-31 00:00:00,elm-eca,ssp126,gfdl-esm4,ssp126 (FireMIP) - elm-eca - gfdl-esm4,454.6281433105469
2035-12-31 00:00:00,elm-eca,ssp126,gfdl-esm4,ssp126 (FireMIP) - elm-eca - gfdl-esm4,396.0696716308594
2036-12-31 00:00:00,elm-eca,ssp126,gfdl-esm4,ssp126 (FireMIP) - elm-eca - gfdl-esm4,371.2694396972656
2037-12-31 00:00:00,elm-eca,ssp126,gfdl-esm4,ssp126 (FireMIP) - elm-eca - gfdl-esm4,457.1014099121094
2038-12-31 00:00:00,elm-eca,ssp126,gfdl-esm4,ssp126 (FireMIP) - elm-eca - gfdl-esm4,382.2666931152344
2039-12-31 00:00:00,elm-eca,ssp126,gfdl-esm4,ssp126 (FireMIP) - elm-eca - gfdl-esm4,452.7580261230469
2040-12-31 00:00:00,elm-eca,ssp126,gfdl-esm4,ssp126 (FireMIP) - elm-eca - gfdl-esm4,313.22052001953125
2041-12-31 00:00:00,elm-eca,ssp126,gfdl-esm4,ssp126 (FireMIP) - elm-eca - gfdl-esm4,448.6321716308594
2042-12-31 00:00:00,elm-eca,ssp126,gfdl-esm4,ssp126 (FireMIP) - elm-eca - gfdl-esm4,426.9032287597656
2043-12-31 00:00:00,elm-eca,ssp126,gfdl-esm4,ssp126 (FireMIP) - elm-eca - gfdl-esm4,342.4980773925781
2044-12-31 00:00:00,elm-eca,ssp126,gfdl-esm4,ssp126 (FireMIP) - elm-eca - gfdl-esm4,421.9772033691406
2045-12-31 00:00:00,elm-eca,ssp126,gfdl-esm4,ssp126 (FireMIP) - elm-eca - gfdl-esm4,393.6582336425781
2046-12-31 00:00:00,elm-eca,ssp126,gfdl-esm4,ssp126 (FireMIP) - elm-eca - gfdl-esm4,532.5852661132812
2047-12-31 00:00:00,elm-eca,ssp126,gfdl-esm4,ssp126 (FireMIP) - elm-eca - gfdl-esm4,366.114501953125
2048-12-31 00:00:00,elm-eca,ssp126,gfdl-esm4,ssp126 (FireMIP) - elm-eca - gfdl-esm4,450.8040466308594
2049-12-31 00:00:00,elm-eca,ssp126,gfdl-esm4,ssp126 (FireMIP) - elm-eca - gfdl-esm4,493.3211975097656
2050-12-31 00:00:00,elm-eca,ssp126,gfdl-esm4,ssp126 (FireMIP) - elm-eca - gfdl-esm4,397.5539855957031
2051-12-31 00:00:00,elm-eca,ssp126,gfdl-esm4,ssp126 (FireMIP) - elm-eca - gfdl-esm4,443.2662048339844
2052-12-31 00:00:00,elm-eca,ssp126,gfdl-esm4,ssp126 (FireMIP) - elm-eca - gfdl-esm4,447.5256042480469
2053-12-31 00:00:00,elm-eca,ssp126,gfdl-esm4,ssp126 (FireMIP) - elm-eca - gfdl-esm4,445.9737243652344
2054-12-31 00:00:00,elm-eca,ssp126,gfdl-esm4,ssp126 (FireMIP) - elm-eca - gfdl-esm4,448.2465515136719
2055-12-31 00:00:00,elm-eca,ssp126,gfdl-esm4,ssp126 (FireMIP) - elm-eca - gfdl-esm4,479.7106628417969
2056-12-31 00:00:00,elm-eca,ssp126,gfdl-esm4,ssp126 (FireMIP) - elm-eca - gfdl-esm4,371.6497497558594
2057-12-31 00:00:00,elm-eca,ssp126,gfdl-esm4,ssp126 (FireMIP) - elm-eca - gfdl-esm4,444.8785095214844
2058-12-31 00:00:00,elm-eca,ssp126,gfdl-esm4,ssp126 (FireMIP) - elm-eca - gfdl-esm4,461.00732421875
2059-12-31 00:00:00,elm-eca,ssp126,gfdl-esm4,ssp126 (FireMIP) - elm-eca - gfdl-esm4,417.6344909667969
2060-12-31 00:00:00,elm-eca,ssp126,gfdl-esm4,ssp126 (FireMIP) - elm-eca - gfdl-esm4,404.845703125
2061-12-31 00:00:00,elm-eca,ssp126,gfdl-esm4,ssp126 (FireMIP) - elm-eca - gfdl-esm4,396.7138977050781
2062-12-31 00:00:00,elm-eca,ssp126,gfdl-esm4,ssp126 (FireMIP) - elm-eca - gfdl-esm4,405.1093444824219
2063-12-31 00:00:00,elm-eca,ssp126,gfdl-esm4,ssp126 (FireMIP) - elm-eca - gfdl-esm4,473.6328430175781
2064-12-31 00:00:00,elm-eca,ssp126,gfdl-esm4,ssp126 (FireMIP) - elm-eca - gfdl-esm4,427.2445373535156
2065-12-31 00:00:00,elm-eca,ssp126,gfdl-esm4,ssp126 (FireMIP) - elm-eca - gfdl-esm4,419.9661560058594
2066-12-31 00:00:00,elm-eca,ssp126,gfdl-esm4,ssp126 (FireMIP) - elm-eca - gfdl-esm4,467.9415588378906
2067-12-31 00:00:00,elm-eca,ssp126,gfdl-esm4,ssp126 (FireMIP) - elm-eca - gfdl-esm4,365.030517578125
2068-12-31 00:00:00,elm-eca,ssp126,gfdl-esm4,ssp126 (FireMIP) - elm-eca - gfdl-esm4,508.9063415527344
2069-12-31 00:00:00,elm-eca,ssp126,gfdl-esm4,ssp126 (FireMIP) - elm-eca - gfdl-esm4,437.0546875
2070-12-31 00:00:00,elm-eca,ssp126,gfdl-esm4,ssp126 (FireMIP) - elm-eca - gfdl-esm4,357.4285888671875
2071-12-31 00:00:00,elm-eca,ssp126,gfdl-esm4,ssp126 (FireMIP) - elm-eca - gfdl-esm4,521.7656860351562
2072-12-31 00:00:00,elm-eca,ssp126,gfdl-esm4,ssp126 (FireMIP) - elm-eca - gfdl-esm4,359.05419921875
2073-12-31 00:00:00,elm-eca,ssp126,gfdl-esm4,ssp126 (FireMIP) - elm-eca - gfdl-esm4,451.2075500488281
2074-12-31 00:00:00,elm-eca,ssp126,gfdl-esm4,ssp126 (FireMIP) - elm-eca - gfdl-esm4,438.7438659667969
2075-12-31 00:00:00,elm-eca,ssp126,gfdl-esm4,ssp126 (FireMIP) - elm-eca - gfdl-esm4,442.020751953125
2076-12-31 00:00:00,elm-eca,ssp126,gfdl-esm4,ssp126 (FireMIP) - elm-eca - gfdl-esm4,349.8913269042969
2077-12-31 00:00:00,elm-eca,ssp126,gfdl-esm4,ssp126 (FireMIP) - elm-eca - gfdl-esm4,536.4173583984375
2078-12-31 00:00:00,elm-eca,ssp126,gfdl-esm4,ssp126 (FireMIP) - elm-eca - gfdl-esm4,416.6278991699219
2079-12-31 00:00:00,elm-eca,ssp126,gfdl-esm4,ssp126 (FireMIP) - elm-eca - gfdl-esm4,376.2000732421875
2080-12-31 00:00:00,elm-eca,ssp126,gfdl-esm4,ssp126 (FireMIP) - elm-eca - gfdl-esm4,498.3734436035156
2081-12-31 00:00:00,elm-eca,ssp126,gfdl-esm4,ssp126 (FireMIP) - elm-eca - gfdl-esm4,389.33740234375
2082-12-31 00:00:00,elm-eca,ssp126,gfdl-esm4,ssp126 (FireMIP) - elm-eca - gfdl-esm4,450.3336486816406
2083-12-31 00:00:00,elm-eca,ssp126,gfdl-esm4,ssp126 (FireMIP) - elm-eca - gfdl-esm4,433.7618103027344
2084-12-31 00:00:00,elm-eca,ssp126,gfdl-esm4,ssp126 (FireMIP) - elm-eca - gfdl-esm4,368.6253967285156
2085-12-31 00:00:00,elm-eca,ssp126,gfdl-esm4,ssp126 (FireMIP) - elm-eca - gfdl-esm4,350.839599609375
2086-12-31 00:00:00,elm-eca,ssp126,gfdl-esm4,ssp126 (FireMIP) - elm-eca - gfdl-esm4,524.8781127929688
2087-12-31 00:00:00,elm-eca,ssp126,gfdl-esm4,ssp126 (FireMIP) - elm-eca - gfdl-esm4,432.0741271972656
2088-12-31 00:00:00,elm-eca,ssp126,gfdl-esm4,ssp126 (FireMIP) - elm-eca - gfdl-esm4,406.820556640625
2089-12-31 00:00:00,elm-eca,ssp126,gfdl-esm4,ssp126 (FireMIP) - elm-eca - gfdl-esm4,467.2711181640625
2090-12-31 00:00:00,elm-eca,ssp126,gfdl-esm4,ssp126 (FireMIP) - elm-eca - gfdl-esm4,510.8732604980469
2091-12-31 00:00:00,elm-eca,ssp126,gfdl-esm4,ssp126 (FireMIP) - elm-eca - gfdl-esm4,437.4192199707031
2092-12-31 00:00:00,elm-eca,ssp126,gfdl-esm4,ssp126 (FireMIP) - elm-eca - gfdl-esm4,371.0984802246094
2093-12-31 00:00:00,elm-eca,ssp126,gfdl-esm4,ssp126 (FireMIP) - elm-eca - gfdl-esm4,468.0431213378906
2094-12-31 00:00:00,elm-eca,ssp126,gfdl-esm4,ssp126 (FireMIP) - elm-eca - gfdl-esm4,350.543701171875
2095-12-31 00:00:00,elm-eca,ssp126,gfdl-esm4,ssp126 (FireMIP) - elm-eca - gfdl-esm4,428.5315246582031
2096-12-31 00:00:00,elm-eca,ssp126,gfdl-esm4,ssp126 (FireMIP) - elm-eca - gfdl-esm4,376.5201110839844
2097-12-31 00:00:00,elm-eca,ssp126,gfdl-esm4,ssp126 (FireMIP) - elm-eca - gfdl-esm4,428.392822265625
2098-12-31 00:00:00,elm-eca,ssp126,gfdl-esm4,ssp126 (FireMIP) - elm-eca - gfdl-esm4,431.4101867675781
2099-12-31 00:00:00,elm-eca,ssp126,gfdl-esm4,ssp126 (FireMIP) - elm-eca - gfdl-esm4,483.0603942871094
2100-12-31 00:00:00,elm-eca,ssp126,gfdl-esm4,ssp126 (FireMIP) - elm-eca - gfdl-esm4,440.6160583496094
2015-12-31 00:00:00,elm-eca,ssp126,ipsl-cm6a-lr,ssp126 (FireMIP) - elm-eca - ipsl-cm6a-lr,415.1554870605469
2016-12-31 00:00:00,elm-eca,ssp126,ipsl-cm6a-lr,ssp126 (FireMIP) - elm-eca - ipsl-cm6a-lr,373.1110534667969
2017-12-31 00:00:00,elm-eca,ssp126,ipsl-cm6a-lr,ssp126 (FireMIP) - elm-eca - ipsl-cm6a-lr,498.3891296386719
2018-12-31 00:00:00,elm-eca,ssp126,ipsl-cm6a-lr,ssp126 (FireMIP) - elm-eca - ipsl-cm6a-lr,381.345703125
2019-12-31 00:00:00,elm-eca,ssp126,ipsl-cm6a-lr,ssp126 (FireMIP) - elm-eca - ipsl-cm6a-lr,412.4842224121094
2020-12-31 00:00:00,elm-eca,ssp126,ipsl-cm6a-lr,ssp126 (FireMIP) - elm-eca - ipsl-cm6a-lr,394.3799743652344
2021-12-31 00:00:00,elm-eca,ssp126,ipsl-cm6a-lr,ssp126 (FireMIP) - elm-eca - ipsl-cm6a-lr,363.7428283691406
2022-12-31 00:00:00,elm-eca,ssp126,ipsl-cm6a-lr,ssp126 (FireMIP) - elm-eca - ipsl-cm6a-lr,377.4644470214844
2023-12-31 00:00:00,elm-eca,ssp126,ipsl-cm6a-lr,ssp126 (FireMIP) - elm-eca - ipsl-cm6a-lr,423.0194091796875
2024-12-31 00:00:00,elm-eca,ssp126,ipsl-cm6a-lr,ssp126 (FireMIP) - elm-eca - ipsl-cm6a-lr,421.7525329589844
2025-12-31 00:00:00,elm-eca,ssp126,ipsl-cm6a-lr,ssp126 (FireMIP) - elm-eca - ipsl-cm6a-lr,392.7532958984375
2026-12-31 00:00:00,elm-eca,ssp126,ipsl-cm6a-lr,ssp126 (FireMIP) - elm-eca - ipsl-cm6a-lr,437.4635314941406
2027-12-31 00:00:00,elm-eca,ssp126,ipsl-cm6a-lr,ssp126 (FireMIP) - elm-eca - ipsl-cm6a-lr,352.5998840332031
2028-12-31 00:00:00,elm-eca,ssp126,ipsl-cm6a-lr,ssp126 (FireMIP) - elm-eca - ipsl-cm6a-lr,421.8731689453125
2029-12-31 00:00:00,elm-eca,ssp126,ipsl-cm6a-lr,ssp126 (FireMIP) - elm-eca - ipsl-cm6a-lr,368.9878845214844
2030-12-31 00:00:00,elm-eca,ssp126,ipsl-cm6a-lr,ssp126 (FireMIP) - elm-eca - ipsl-cm6a-lr,467.8923034667969
2031-12-31 00:00:00,elm-eca,ssp126,ipsl-cm6a-lr,ssp126 (FireMIP) - elm-eca - ipsl-cm6a-lr,427.9588928222656
2032-12-31 00:00:00,elm-eca,ssp126,ipsl-cm6a-lr,ssp126 (FireMIP) - elm-eca - ipsl-cm6a-lr,387.022216796875
2033-12-31 00:00:00,elm-eca,ssp126,ipsl-cm6a-lr,ssp126 (FireMIP) - elm-eca - ipsl-cm6a-lr,402.94921875
2034-12-31 00:00:00,elm-eca,ssp126,ipsl-cm6a-lr,ssp126 (FireMIP) - elm-eca - ipsl-cm6a-lr,444.4716796875
2035-12-31 00:00:00,elm-eca,ssp126,ipsl-cm6a-lr,ssp126 (FireMIP) - elm-eca - ipsl-cm6a-lr,412.4423828125
2036-12-31 00:00:00,elm-eca,ssp126,ipsl-cm6a-lr,ssp126 (FireMIP) - elm-eca - ipsl-cm6a-lr,339.259521484375
2037-12-31 00:00:00,elm-eca,ssp126,ipsl-cm6a-lr,ssp126 (FireMIP) - elm-eca - ipsl-cm6a-lr,571.9568481445312
2038-12-31 00:00:00,elm-eca,ssp126,ipsl-cm6a-lr,ssp126 (FireMIP) - elm-eca - ipsl-cm6a-lr,409.7658996582031
2039-12-31 00:00:00,elm-eca,ssp126,ipsl-cm6a-lr,ssp126 (FireMIP) - elm-eca - ipsl-cm6a-lr,345.708251953125
2040-12-31 00:00:00,elm-eca,ssp126,ipsl-cm6a-lr,ssp126 (FireMIP) - elm-eca - ipsl-cm6a-lr,403.911376953125
2041-12-31 00:00:00,elm-eca,ssp126,ipsl-cm6a-lr,ssp126 (FireMIP) - elm-eca - ipsl-cm6a-lr,413.8329162597656
2042-12-31 00:00:00,elm-eca,ssp126,ipsl-cm6a-lr,ssp126 (FireMIP) - elm-eca - ipsl-cm6a-lr,461.2582092285156
2043-12-31 00:00:00,elm-eca,ssp126,ipsl-cm6a-lr,ssp126 (FireMIP) - elm-eca - ipsl-cm6a-lr,415.5470886230469
2044-12-31 00:00:00,elm-eca,ssp126,ipsl-cm6a-lr,ssp126 (FireMIP) - elm-eca - ipsl-cm6a-lr,461.4887390136719
2045-12-31 00:00:00,elm-eca,ssp126,ipsl-cm6a-lr,ssp126 (FireMIP) - elm-eca - ipsl-cm6a-lr,474.9090270996094
2046-12-31 00:00:00,elm-eca,ssp126,ipsl-cm6a-lr,ssp126 (FireMIP) - elm-eca - ipsl-cm6a-lr,458.474609375
2047-12-31 00:00:00,elm-eca,ssp126,ipsl-cm6a-lr,ssp126 (FireMIP) - elm-eca - ipsl-cm6a-lr,454.2603759765625
2048-12-31 00:00:00,elm-eca,ssp126,ipsl-cm6a-lr,ssp126 (FireMIP) - elm-eca - ipsl-cm6a-lr,417.3629455566406
2049-12-31 00:00:00,elm-eca,ssp126,ipsl-cm6a-lr,ssp126 (FireMIP) - elm-eca - ipsl-cm6a-lr,425.9574890136719
2050-12-31 00:00:00,elm-eca,ssp126,ipsl-cm6a-lr,ssp126 (FireMIP) - elm-eca - ipsl-cm6a-lr,445.9498596191406
2051-12-31 00:00:00,elm-eca,ssp126,ipsl-cm6a-lr,ssp126 (FireMIP) - elm-eca - ipsl-cm6a-lr,496.3875732421875
2052-12-31 00:00:00,elm-eca,ssp126,ipsl-cm6a-lr,ssp126 (FireMIP) - elm-eca - ipsl-cm6a-lr,370.4502868652344
2053-12-31 00:00:00,elm-eca,ssp126,ipsl-cm6a-lr,ssp126 (FireMIP) - elm-eca - ipsl-cm6a-lr,498.1490478515625
2054-12-31 00:00:00,elm-eca,ssp126,ipsl-cm6a-lr,ssp126 (FireMIP) - elm-eca - ipsl-cm6a-lr,436.1604309082031
2055-12-31 00:00:00,elm-eca,ssp126,ipsl-cm6a-lr,ssp126 (FireMIP) - elm-eca - ipsl-cm6a-lr,388.5998229980469
2056-12-31 00:00:00,elm-eca,ssp126,ipsl-cm6a-lr,ssp126 (FireMIP) - elm-eca - ipsl-cm6a-lr,536.8523559570312
2057-12-31 00:00:00,elm-eca,ssp126,ipsl-cm6a-lr,ssp126 (FireMIP) - elm-eca - ipsl-cm6a-lr,409.6075439453125
2058-12-31 00:00:00,elm-eca,ssp126,ipsl-cm6a-lr,ssp126 (FireMIP) - elm-eca - ipsl-cm6a-lr,385.3237609863281
2059-12-31 00:00:00,elm-eca,ssp126,ipsl-cm6a-lr,ssp126 (FireMIP) - elm-eca - ipsl-cm6a-lr,549.0784301757812
2060-12-31 00:00:00,elm-eca,ssp126,ipsl-cm6a-lr,ssp126 (FireMIP) - elm-eca - ipsl-cm6a-lr,407.7609558105469
2061-12-31 00:00:00,elm-eca,ssp126,ipsl-cm6a-lr,ssp126 (FireMIP) - elm-eca - ipsl-cm6a-lr,368.8564147949219
2062-12-31 00:00:00,elm-eca,ssp126,ipsl-cm6a-lr,ssp126 (FireMIP) - elm-eca - ipsl-cm6a-lr,464.55615234375
2063-12-31 00:00:00,elm-eca,ssp126,ipsl-cm6a-lr,ssp126 (FireMIP) - elm-eca - ipsl-cm6a-lr,409.062255859375
2064-12-31 00:00:00,elm-eca,ssp126,ipsl-cm6a-lr,ssp126 (FireMIP) - elm-eca - ipsl-cm6a-lr,395.1129455566406
2065-12-31 00:00:00,elm-eca,ssp126,ipsl-cm6a-lr,ssp126 (FireMIP) - elm-eca - ipsl-cm6a-lr,406.4305114746094
2066-12-31 00:00:00,elm-eca,ssp126,ipsl-cm6a-lr,ssp126 (FireMIP) - elm-eca - ipsl-cm6a-lr,482.2306823730469
2067-12-31 00:00:00,elm-eca,ssp126,ipsl-cm6a-lr,ssp126 (FireMIP) - elm-eca - ipsl-cm6a-lr,405.3753662109375
2068-12-31 00:00:00,elm-eca,ssp126,ipsl-cm6a-lr,ssp126 (FireMIP) - elm-eca - ipsl-cm6a-lr,479.9329833984375
2069-12-31 00:00:00,elm-eca,ssp126,ipsl-cm6a-lr,ssp126 (FireMIP) - elm-eca - ipsl-cm6a-lr,415.6039733886719
2070-12-31 00:00:00,elm-eca,ssp126,ipsl-cm6a-lr,ssp126 (FireMIP) - elm-eca - ipsl-cm6a-lr,469.3468933105469
2071-12-31 00:00:00,elm-eca,ssp126,ipsl-cm6a-lr,ssp126 (FireMIP) - elm-eca - ipsl-cm6a-lr,488.4013671875
2072-12-31 00:00:00,elm-eca,ssp126,ipsl-cm6a-lr,ssp126 (FireMIP) - elm-eca - ipsl-cm6a-lr,383.0713806152344
2073-12-31 00:00:00,elm-eca,ssp126,ipsl-cm6a-lr,ssp126 (FireMIP) - elm-eca - ipsl-cm6a-lr,385.1947021484375
2074-12-31 00:00:00,elm-eca,ssp126,ipsl-cm6a-lr,ssp126 (FireMIP) - elm-eca - ipsl-cm6a-lr,610.1515502929688
2075-12-31 00:00:00,elm-eca,ssp126,ipsl-cm6a-lr,ssp126 (FireMIP) - elm-eca - ipsl-cm6a-lr,398.6148681640625
2076-12-31 00:00:00,elm-eca,ssp126,ipsl-cm6a-lr,ssp126 (FireMIP) - elm-eca - ipsl-cm6a-lr,406.8014221191406
2077-12-31 00:00:00,elm-eca,ssp126,ipsl-cm6a-lr,ssp126 (FireMIP) - elm-eca - ipsl-cm6a-lr,569.6097412109375
2078-12-31 00:00:00,elm-eca,ssp126,ipsl-cm6a-lr,ssp126 (FireMIP) - elm-eca - ipsl-cm6a-lr,370.0059509277344
2079-12-31 00:00:00,elm-eca,ssp126,ipsl-cm6a-lr,ssp126 (FireMIP) - elm-eca - ipsl-cm6a-lr,457.1772155761719
2080-12-31 00:00:00,elm-eca,ssp126,ipsl-cm6a-lr,ssp126 (FireMIP) - elm-eca - ipsl-cm6a-lr,402.7962646484375
2081-12-31 00:00:00,elm-eca,ssp126,ipsl-cm6a-lr,ssp126 (FireMIP) - elm-eca - ipsl-cm6a-lr,448.6207275390625
2082-12-31 00:00:00,elm-eca,ssp126,ipsl-cm6a-lr,ssp126 (FireMIP) - elm-eca - ipsl-cm6a-lr,434.3899841308594
2083-12-31 00:00:00,elm-eca,ssp126,ipsl-cm6a-lr,ssp126 (FireMIP) - elm-eca - ipsl-cm6a-lr,483.9751892089844
2084-12-31 00:00:00,elm-eca,ssp126,ipsl-cm6a-lr,ssp126 (FireMIP) - elm-eca - ipsl-cm6a-lr,463.1321105957031
2085-12-31 00:00:00,elm-eca,ssp126,ipsl-cm6a-lr,ssp126 (FireMIP) - elm-eca - ipsl-cm6a-lr,414.03759765625
2086-12-31 00:00:00,elm-eca,ssp126,ipsl-cm6a-lr,ssp126 (FireMIP) - elm-eca - ipsl-cm6a-lr,445.4270324707031
2087-12-31 00:00:00,elm-eca,ssp126,ipsl-cm6a-lr,ssp126 (FireMIP) - elm-eca - ipsl-cm6a-lr,356.3372802734375
2088-12-31 00:00:00,elm-eca,ssp126,ipsl-cm6a-lr,ssp126 (FireMIP) - elm-eca - ipsl-cm6a-lr,409.104736328125
2089-12-31 00:00:00,elm-eca,ssp126,ipsl-cm6a-lr,ssp126 (FireMIP) - elm-eca - ipsl-cm6a-lr,425.5083312988281
2090-12-31 00:00:00,elm-eca,ssp126,ipsl-cm6a-lr,ssp126 (FireMIP) - elm-eca - ipsl-cm6a-lr,370.64794921875
2091-12-31 00:00:00,elm-eca,ssp126,ipsl-cm6a-lr,ssp126 (FireMIP) - elm-eca - ipsl-cm6a-lr,440.0097351074219
2092-12-31 00:00:00,elm-eca,ssp126,ipsl-cm6a-lr,ssp126 (FireMIP) - elm-eca - ipsl-cm6a-lr,478.58349609375
2093-12-31 00:00:00,elm-eca,ssp126,ipsl-cm6a-lr,ssp126 (FireMIP) - elm-eca - ipsl-cm6a-lr,367.5839538574219
2094-12-31 00:00:00,elm-eca,ssp126,ipsl-cm6a-lr,ssp126 (FireMIP) - elm-eca - ipsl-cm6a-lr,428.513671875
2095-12-31 00:00:00,elm-eca,ssp126,ipsl-cm6a-lr,ssp126 (FireMIP) - elm-eca - ipsl-cm6a-lr,436.5328369140625
2096-12-31 00:00:00,elm-eca,ssp126,ipsl-cm6a-lr,ssp126 (FireMIP) - elm-eca - ipsl-cm6a-lr,474.9153137207031
2097-12-31 00:00:00,elm-eca,ssp126,ipsl-cm6a-lr,ssp126 (FireMIP) - elm-eca - ipsl-cm6a-lr,464.8627624511719
2098-12-31 00:00:00,elm-eca,ssp126,ipsl-cm6a-lr,ssp126 (FireMIP) - elm-eca - ipsl-cm6a-lr,400.5131530761719
2099-12-31 00:00:00,elm-eca,ssp126,ipsl-cm6a-lr,ssp126 (FireMIP) - elm-eca - ipsl-cm6a-lr,449.9496765136719
2100-12-31 00:00:00,elm-eca,ssp126,ipsl-cm6a-lr,ssp126 (FireMIP) - elm-eca - ipsl-cm6a-lr,498.2320556640625
2015-12-31 00:00:00,elm-eca,ssp370,mpi-esm1-2-hr,ssp370 (FireMIP) - elm-eca - mpi-esm1-2-hr,315.66168212890625
2016-12-31 00:00:00,elm-eca,ssp370,mpi-esm1-2-hr,ssp370 (FireMIP) - elm-eca - mpi-esm1-2-hr,321.0271911621094
2017-12-31 00:00:00,elm-eca,ssp370,mpi-esm1-2-hr,ssp370 (FireMIP) - elm-eca - mpi-esm1-2-hr,401.9309997558594
2018-12-31 00:00:00,elm-eca,ssp370,mpi-esm1-2-hr,ssp370 (FireMIP) - elm-eca - mpi-esm1-2-hr,420.6195373535156
2019-12-31 00:00:00,elm-eca,ssp370,mpi-esm1-2-hr,ssp370 (FireMIP) - elm-eca - mpi-esm1-2-hr,395.7684631347656
2020-12-31 00:00:00,elm-eca,ssp370,mpi-esm1-2-hr,ssp370 (FireMIP) - elm-eca - mpi-esm1-2-hr,358.9822082519531
2021-12-31 00:00:00,elm-eca,ssp370,mpi-esm1-2-hr,ssp370 (FireMIP) - elm-eca - mpi-esm1-2-hr,372.5467529296875
2022-12-31 00:00:00,elm-eca,ssp370,mpi-esm1-2-hr,ssp370 (FireMIP) - elm-eca - mpi-esm1-2-hr,358.5733337402344
2023-12-31 00:00:00,elm-eca,ssp370,mpi-esm1-2-hr,ssp370 (FireMIP) - elm-eca - mpi-esm1-2-hr,429.6024169921875
2024-12-31 00:00:00,elm-eca,ssp370,mpi-esm1-2-hr,ssp370 (FireMIP) - elm-eca - mpi-esm1-2-hr,363.8468017578125
2025-12-31 00:00:00,elm-eca,ssp370,mpi-esm1-2-hr,ssp370 (FireMIP) - elm-eca - mpi-esm1-2-hr,375.2502746582031
2026-12-31 00:00:00,elm-eca,ssp370,mpi-esm1-2-hr,ssp370 (FireMIP) - elm-eca - mpi-esm1-2-hr,384.34326171875
2027-12-31 00:00:00,elm-eca,ssp370,mpi-esm1-2-hr,ssp370 (FireMIP) - elm-eca - mpi-esm1-2-hr,441.4405212402344
2028-12-31 00:00:00,elm-eca,ssp370,mpi-esm1-2-hr,ssp370 (FireMIP) - elm-eca - mpi-esm1-2-hr,312.5825500488281
2029-12-31 00:00:00,elm-eca,ssp370,mpi-esm1-2-hr,ssp370 (FireMIP) - elm-eca - mpi-esm1-2-hr,384.2635803222656
2030-12-31 00:00:00,elm-eca,ssp370,mpi-esm1-2-hr,ssp370 (FireMIP) - elm-eca - mpi-esm1-2-hr,446.403564453125
2031-12-31 00:00:00,elm-eca,ssp370,mpi-esm1-2-hr,ssp370 (FireMIP) - elm-eca - mpi-esm1-2-hr,495.114990234375
2032-12-31 00:00:00,elm-eca,ssp370,mpi-esm1-2-hr,ssp370 (FireMIP) - elm-eca - mpi-esm1-2-hr,375.4310607910156
2033-12-31 00:00:00,elm-eca,ssp370,mpi-esm1-2-hr,ssp370 (FireMIP) - elm-eca - mpi-esm1-2-hr,472.7449645996094
2034-12-31 00:00:00,elm-eca,ssp370,mpi-esm1-2-hr,ssp370 (FireMIP) - elm-eca - mpi-esm1-2-hr,338.3133850097656
2035-12-31 00:00:00,elm-eca,ssp370,mpi-esm1-2-hr,ssp370 (FireMIP) - elm-eca - mpi-esm1-2-hr,399.1960144042969
2036-12-31 00:00:00,elm-eca,ssp370,mpi-esm1-2-hr,ssp370 (FireMIP) - elm-eca - mpi-esm1-2-hr,441.3336181640625
2037-12-31 00:00:00,elm-eca,ssp370,mpi-esm1-2-hr,ssp370 (FireMIP) - elm-eca - mpi-esm1-2-hr,526.3268432617188
2038-12-31 00:00:00,elm-eca,ssp370,mpi-esm1-2-hr,ssp370 (FireMIP) - elm-eca - mpi-esm1-2-hr,362.3123779296875
2039-12-31 00:00:00,elm-eca,ssp370,mpi-esm1-2-hr,ssp370 (FireMIP) - elm-eca - mpi-esm1-2-hr,406.6911926269531
2040-12-31 00:00:00,elm-eca,ssp370,mpi-esm1-2-hr,ssp370 (FireMIP) - elm-eca - mpi-esm1-2-hr,407.037841796875
2041-12-31 00:00:00,elm-eca,ssp370,mpi-esm1-2-hr,ssp370 (FireMIP) - elm-eca - mpi-esm1-2-hr,443.8082275390625
2042-12-31 00:00:00,elm-eca,ssp370,mpi-esm1-2-hr,ssp370 (FireMIP) - elm-eca - mpi-esm1-2-hr,463.7746887207031
2043-12-31 00:00:00,elm-eca,ssp370,mpi-esm1-2-hr,ssp370 (FireMIP) - elm-eca - mpi-esm1-2-hr,405.17724609375
2044-12-31 00:00:00,elm-eca,ssp370,mpi-esm1-2-hr,ssp370 (FireMIP) - elm-eca - mpi-esm1-2-hr,487.310546875
2045-12-31 00:00:00,elm-eca,ssp370,mpi-esm1-2-hr,ssp370 (FireMIP) - elm-eca - mpi-esm1-2-hr,353.69140625
2046-12-31 00:00:00,elm-eca,ssp370,mpi-esm1-2-hr,ssp370 (FireMIP) - elm-eca - mpi-esm1-2-hr,375.3803405761719
2047-12-31 00:00:00,elm-eca,ssp370,mpi-esm1-2-hr,ssp370 (FireMIP) - elm-eca - mpi-esm1-2-hr,476.7454833984375
2048-12-31 00:00:00,elm-eca,ssp370,mpi-esm1-2-hr,ssp370 (FireMIP) - elm-eca - mpi-esm1-2-hr,374.8494567871094
2049-12-31 00:00:00,elm-eca,ssp370,mpi-esm1-2-hr,ssp370 (FireMIP) - elm-eca - mpi-esm1-2-hr,428.2354736328125
2050-12-31 00:00:00,elm-eca,ssp370,mpi-esm1-2-hr,ssp370 (FireMIP) - elm-eca - mpi-esm1-2-hr,599.2120971679688
2051-12-31 00:00:00,elm-eca,ssp370,mpi-esm1-2-hr,ssp370 (FireMIP) - elm-eca - mpi-esm1-2-hr,543.75537109375
2052-12-31 00:00:00,elm-eca,ssp370,mpi-esm1-2-hr,ssp370 (FireMIP) - elm-eca - mpi-esm1-2-hr,469.588623046875
2053-12-31 00:00:00,elm-eca,ssp370,mpi-esm1-2-hr,ssp370 (FireMIP) - elm-eca - mpi-esm1-2-hr,410.6761474609375
2054-12-31 00:00:00,elm-eca,ssp370,mpi-esm1-2-hr,ssp370 (FireMIP) - elm-eca - mpi-esm1-2-hr,368.0199890136719
2055-12-31 00:00:00,elm-eca,ssp370,mpi-esm1-2-hr,ssp370 (FireMIP) - elm-eca - mpi-esm1-2-hr,383.2124328613281
2056-12-31 00:00:00,elm-eca,ssp370,mpi-esm1-2-hr,ssp370 (FireMIP) - elm-eca - mpi-esm1-2-hr,419.9659118652344
2057-12-31 00:00:00,elm-eca,ssp370,mpi-esm1-2-hr,ssp370 (FireMIP) - elm-eca - mpi-esm1-2-hr,443.234619140625
2058-12-31 00:00:00,elm-eca,ssp370,mpi-esm1-2-hr,ssp370 (FireMIP) - elm-eca - mpi-esm1-2-hr,480.8474426269531
2059-12-31 00:00:00,elm-eca,ssp370,mpi-esm1-2-hr,ssp370 (FireMIP) - elm-eca - mpi-esm1-2-hr,403.9402160644531
2060-12-31 00:00:00,elm-eca,ssp370,mpi-esm1-2-hr,ssp370 (FireMIP) - elm-eca - mpi-esm1-2-hr,326.8604431152344
2061-12-31 00:00:00,elm-eca,ssp370,mpi-esm1-2-hr,ssp370 (FireMIP) - elm-eca - mpi-esm1-2-hr,575.9765014648438
2062-12-31 00:00:00,elm-eca,ssp370,mpi-esm1-2-hr,ssp370 (FireMIP) - elm-eca - mpi-esm1-2-hr,448.3262634277344
2063-12-31 00:00:00,elm-eca,ssp370,mpi-esm1-2-hr,ssp370 (FireMIP) - elm-eca - mpi-esm1-2-hr,583.9241333007812
2064-12-31 00:00:00,elm-eca,ssp370,mpi-esm1-2-hr,ssp370 (FireMIP) - elm-eca - mpi-esm1-2-hr,421.0299072265625
2065-12-31 00:00:00,elm-eca,ssp370,mpi-esm1-2-hr,ssp370 (FireMIP) - elm-eca - mpi-esm1-2-hr,404.550537109375
2066-12-31 00:00:00,elm-eca,ssp370,mpi-esm1-2-hr,ssp370 (FireMIP) - elm-eca - mpi-esm1-2-hr,453.1923828125
2067-12-31 00:00:00,elm-eca,ssp370,mpi-esm1-2-hr,ssp370 (FireMIP) - elm-eca - mpi-esm1-2-hr,496.4671630859375
2068-12-31 00:00:00,elm-eca,ssp370,mpi-esm1-2-hr,ssp370 (FireMIP) - elm-eca - mpi-esm1-2-hr,426.3351135253906
2069-12-31 00:00:00,elm-eca,ssp370,mpi-esm1-2-hr,ssp370 (FireMIP) - elm-eca - mpi-esm1-2-hr,544.2268676757812
2070-12-31 00:00:00,elm-eca,ssp370,mpi-esm1-2-hr,ssp370 (FireMIP) - elm-eca - mpi-esm1-2-hr,470.6484375
2071-12-31 00:00:00,elm-eca,ssp370,mpi-esm1-2-hr,ssp370 (FireMIP) - elm-eca - mpi-esm1-2-hr,480.6300048828125
2072-12-31 00:00:00,elm-eca,ssp370,mpi-esm1-2-hr,ssp370 (FireMIP) - elm-eca - mpi-esm1-2-hr,545.4693603515625
2073-12-31 00:00:00,elm-eca,ssp370,mpi-esm1-2-hr,ssp370 (FireMIP) - elm-eca - mpi-esm1-2-hr,464.47509765625
2074-12-31 00:00:00,elm-eca,ssp370,mpi-esm1-2-hr,ssp370 (FireMIP) - elm-eca - mpi-esm1-2-hr,427.5411376953125
2075-12-31 00:00:00,elm-eca,ssp370,mpi-esm1-2-hr,ssp370 (FireMIP) - elm-eca - mpi-esm1-2-hr,521.2920532226562
2076-12-31 00:00:00,elm-eca,ssp370,mpi-esm1-2-hr,ssp370 (FireMIP) - elm-eca - mpi-esm1-2-hr,420.0096740722656
2077-12-31 00:00:00,elm-eca,ssp370,mpi-esm1-2-hr,ssp370 (FireMIP) - elm-eca - mpi-esm1-2-hr,450.850341796875
2078-12-31 00:00:00,elm-eca,ssp370,mpi-esm1-2-hr,ssp370 (FireMIP) - elm-eca - mpi-esm1-2-hr,477.6430358886719
2079-12-31 00:00:00,elm-eca,ssp370,mpi-esm1-2-hr,ssp370 (FireMIP) - elm-eca - mpi-esm1-2-hr,601.756591796875
2080-12-31 00:00:00,elm-eca,ssp370,mpi-esm1-2-hr,ssp370 (FireMIP) - elm-eca - mpi-esm1-2-hr,434.0402526855469
2081-12-31 00:00:00,elm-eca,ssp370,mpi-esm1-2-hr,ssp370 (FireMIP) - elm-eca - mpi-esm1-2-hr,458.1068115234375
2082-12-31 00:00:00,elm-eca,ssp370,mpi-esm1-2-hr,ssp370 (FireMIP) - elm-eca - mpi-esm1-2-hr,521.0484008789062
2083-12-31 00:00:00,elm-eca,ssp370,mpi-esm1-2-hr,ssp370 (FireMIP) - elm-eca - mpi-esm1-2-hr,615.1141967773438
2084-12-31 00:00:00,elm-eca,ssp370,mpi-esm1-2-hr,ssp370 (FireMIP) - elm-eca - mpi-esm1-2-hr,475.6158142089844
2085-12-31 00:00:00,elm-eca,ssp370,mpi-esm1-2-hr,ssp370 (FireMIP) - elm-eca - mpi-esm1-2-hr,518.9600219726562
2086-12-31 00:00:00,elm-eca,ssp370,mpi-esm1-2-hr,ssp370 (FireMIP) - elm-eca - mpi-esm1-2-hr,436.5257873535156
2087-12-31 00:00:00,elm-eca,ssp370,mpi-esm1-2-hr,ssp370 (FireMIP) - elm-eca - mpi-esm1-2-hr,492.1671447753906
2088-12-31 00:00:00,elm-eca,ssp370,mpi-esm1-2-hr,ssp370 (FireMIP) - elm-eca - mpi-esm1-2-hr,460.8944396972656
2089-12-31 00:00:00,elm-eca,ssp370,mpi-esm1-2-hr,ssp370 (FireMIP) - elm-eca - mpi-esm1-2-hr,582.978271484375
2090-12-31 00:00:00,elm-eca,ssp370,mpi-esm1-2-hr,ssp370 (FireMIP) - elm-eca - mpi-esm1-2-hr,405.0323486328125
2091-12-31 00:00:00,elm-eca,ssp370,mpi-esm1-2-hr,ssp370 (FireMIP) - elm-eca - mpi-esm1-2-hr,640.3084106445312
2092-12-31 00:00:00,elm-eca,ssp370,mpi-esm1-2-hr,ssp370 (FireMIP) - elm-eca - mpi-esm1-2-hr,491.7293701171875
2093-12-31 00:00:00,elm-eca,ssp370,mpi-esm1-2-hr,ssp370 (FireMIP) - elm-eca - mpi-esm1-2-hr,540.6527709960938
2094-12-31 00:00:00,elm-eca,ssp370,mpi-esm1-2-hr,ssp370 (FireMIP) - elm-eca - mpi-esm1-2-hr,553.4979858398438
2095-12-31 00:00:00,elm-eca,ssp370,mpi-esm1-2-hr,ssp370 (FireMIP) - elm-eca - mpi-esm1-2-hr,500.2287902832031
2096-12-31 00:00:00,elm-eca,ssp370,mpi-esm1-2-hr,ssp370 (FireMIP) - elm-eca - mpi-esm1-2-hr,525.7453002929688
2097-12-31 00:00:00,elm-eca,ssp370,mpi-esm1-2-hr,ssp370 (FireMIP) - elm-eca - mpi-esm1-2-hr,517.2274780273438
2098-12-31 00:00:00,elm-eca,ssp370,mpi-esm1-2-hr,ssp370 (FireMIP) - elm-eca - mpi-esm1-2-hr,474.6675720214844
2099-12-31 00:00:00,elm-eca,ssp370,mpi-esm1-2-hr,ssp370 (FireMIP) - elm-eca - mpi-esm1-2-hr,506.1805114746094
2100-12-31 00:00:00,elm-eca,ssp370,mpi-esm1-2-hr,ssp370 (FireMIP) - elm-eca - mpi-esm1-2-hr,581.2340698242188
2015-12-31 00:00:00,elm-eca,ssp370,mri-esm2-0,ssp370 (FireMIP) - elm-eca - mri-esm2-0,341.3666076660156
2016-12-31 00:00:00,elm-eca,ssp370,mri-esm2-0,ssp370 (FireMIP) - elm-eca - mri-esm2-0,346.0655822753906
2017-12-31 00:00:00,elm-eca,ssp370,mri-esm2-0,ssp370 (FireMIP) - elm-eca - mri-esm2-0,404.2822265625
2018-12-31 00:00:00,elm-eca,ssp370,mri-esm2-0,ssp370 (FireMIP) - elm-eca - mri-esm2-0,368.1512451171875
2019-12-31 00:00:00,elm-eca,ssp370,mri-esm2-0,ssp370 (FireMIP) - elm-eca - mri-esm2-0,362.2560119628906
2020-12-31 00:00:00,elm-eca,ssp370,mri-esm2-0,ssp370 (FireMIP) - elm-eca - mri-esm2-0,304.3535461425781
2021-12-31 00:00:00,elm-eca,ssp370,mri-esm2-0,ssp370 (FireMIP) - elm-eca - mri-esm2-0,371.97314453125
2022-12-31 00:00:00,elm-eca,ssp370,mri-esm2-0,ssp370 (FireMIP) - elm-eca - mri-esm2-0,402.4944763183594
2023-12-31 00:00:00,elm-eca,ssp370,mri-esm2-0,ssp370 (FireMIP) - elm-eca - mri-esm2-0,465.0914001464844
2024-12-31 00:00:00,elm-eca,ssp370,mri-esm2-0,ssp370 (FireMIP) - elm-eca - mri-esm2-0,332.6845397949219
2025-12-31 00:00:00,elm-eca,ssp370,mri-esm2-0,ssp370 (FireMIP) - elm-eca - mri-esm2-0,430.4960632324219
2026-12-31 00:00:00,elm-eca,ssp370,mri-esm2-0,ssp370 (FireMIP) - elm-eca - mri-esm2-0,363.5059509277344
2027-12-31 00:00:00,elm-eca,ssp370,mri-esm2-0,ssp370 (FireMIP) - elm-eca - mri-esm2-0,380.3961486816406
2028-12-31 00:00:00,elm-eca,ssp370,mri-esm2-0,ssp370 (FireMIP) - elm-eca - mri-esm2-0,390.1650085449219
2029-12-31 00:00:00,elm-eca,ssp370,mri-esm2-0,ssp370 (FireMIP) - elm-eca - mri-esm2-0,352.3043212890625
2030-12-31 00:00:00,elm-eca,ssp370,mri-esm2-0,ssp370 (FireMIP) - elm-eca - mri-esm2-0,474.4985656738281
2031-12-31 00:00:00,elm-eca,ssp370,mri-esm2-0,ssp370 (FireMIP) - elm-eca - mri-esm2-0,395.9992370605469
2032-12-31 00:00:00,elm-eca,ssp370,mri-esm2-0,ssp370 (FireMIP) - elm-eca - mri-esm2-0,305.5791320800781
2033-12-31 00:00:00,elm-eca,ssp370,mri-esm2-0,ssp370 (FireMIP) - elm-eca - mri-esm2-0,393.8497009277344
2034-12-31 00:00:00,elm-eca,ssp370,mri-esm2-0,ssp370 (FireMIP) - elm-eca - mri-esm2-0,402.6613464355469
2035-12-31 00:00:00,elm-eca,ssp370,mri-esm2-0,ssp370 (FireMIP) - elm-eca - mri-esm2-0,359.21142578125
2036-12-31 00:00:00,elm-eca,ssp370,mri-esm2-0,ssp370 (FireMIP) - elm-eca - mri-esm2-0,384.2557373046875
2037-12-31 00:00:00,elm-eca,ssp370,mri-esm2-0,ssp370 (FireMIP) - elm-eca - mri-esm2-0,398.4291076660156
2038-12-31 00:00:00,elm-eca,ssp370,mri-esm2-0,ssp370 (FireMIP) - elm-eca - mri-esm2-0,354.3984375
2039-12-31 00:00:00,elm-eca,ssp370,mri-esm2-0,ssp370 (FireMIP) - elm-eca - mri-esm2-0,355.2208251953125
2040-12-31 00:00:00,elm-eca,ssp370,mri-esm2-0,ssp370 (FireMIP) - elm-eca - mri-esm2-0,357.4473571777344
2041-12-31 00:00:00,elm-eca,ssp370,mri-esm2-0,ssp370 (FireMIP) - elm-eca - mri-esm2-0,430.1167297363281
2042-12-31 00:00:00,elm-eca,ssp370,mri-esm2-0,ssp370 (FireMIP) - elm-eca - mri-esm2-0,407.4381103515625
2043-12-31 00:00:00,elm-eca,ssp370,mri-esm2-0,ssp370 (FireMIP) - elm-eca - mri-esm2-0,334.3686218261719
2044-12-31 00:00:00,elm-eca,ssp370,mri-esm2-0,ssp370 (FireMIP) - elm-eca - mri-esm2-0,357.411376953125
2045-12-31 00:00:00,elm-eca,ssp370,mri-esm2-0,ssp370 (FireMIP) - elm-eca - mri-esm2-0,369.1971740722656
2046-12-31 00:00:00,elm-eca,ssp370,mri-esm2-0,ssp370 (FireMIP) - elm-eca - mri-esm2-0,472.1476135253906
2047-12-31 00:00:00,elm-eca,ssp370,mri-esm2-0,ssp370 (FireMIP) - elm-eca - mri-esm2-0,431.2744140625
2048-12-31 00:00:00,elm-eca,ssp370,mri-esm2-0,ssp370 (FireMIP) - elm-eca - mri-esm2-0,394.6326599121094
2049-12-31 00:00:00,elm-eca,ssp370,mri-esm2-0,ssp370 (FireMIP) - elm-eca - mri-esm2-0,332.61676025390625
2050-12-31 00:00:00,elm-eca,ssp370,mri-esm2-0,ssp370 (FireMIP) - elm-eca - mri-esm2-0,405.8827819824219
2051-12-31 00:00:00,elm-eca,ssp370,mri-esm2-0,ssp370 (FireMIP) - elm-eca - mri-esm2-0,388.6980285644531
2052-12-31 00:00:00,elm-eca,ssp370,mri-esm2-0,ssp370 (FireMIP) - elm-eca - mri-esm2-0,407.1938781738281
2053-12-31 00:00:00,elm-eca,ssp370,mri-esm2-0,ssp370 (FireMIP) - elm-eca - mri-esm2-0,470.7989196777344
2054-12-31 00:00:00,elm-eca,ssp370,mri-esm2-0,ssp370 (FireMIP) - elm-eca - mri-esm2-0,442.1881408691406
2055-12-31 00:00:00,elm-eca,ssp370,mri-esm2-0,ssp370 (FireMIP) - elm-eca - mri-esm2-0,368.8454895019531
2056-12-31 00:00:00,elm-eca,ssp370,mri-esm2-0,ssp370 (FireMIP) - elm-eca - mri-esm2-0,478.2763366699219
2057-12-31 00:00:00,elm-eca,ssp370,mri-esm2-0,ssp370 (FireMIP) - elm-eca - mri-esm2-0,380.835693359375
2058-12-31 00:00:00,elm-eca,ssp370,mri-esm2-0,ssp370 (FireMIP) - elm-eca - mri-esm2-0,419.150390625
2059-12-31 00:00:00,elm-eca,ssp370,mri-esm2-0,ssp370 (FireMIP) - elm-eca - mri-esm2-0,457.314697265625
2060-12-31 00:00:00,elm-eca,ssp370,mri-esm2-0,ssp370 (FireMIP) - elm-eca - mri-esm2-0,418.7126770019531
2061-12-31 00:00:00,elm-eca,ssp370,mri-esm2-0,ssp370 (FireMIP) - elm-eca - mri-esm2-0,458.8623352050781
2062-12-31 00:00:00,elm-eca,ssp370,mri-esm2-0,ssp370 (FireMIP) - elm-eca - mri-esm2-0,416.6769104003906
2063-12-31 00:00:00,elm-eca,ssp370,mri-esm2-0,ssp370 (FireMIP) - elm-eca - mri-esm2-0,414.6526794433594
2064-12-31 00:00:00,elm-eca,ssp370,mri-esm2-0,ssp370 (FireMIP) - elm-eca - mri-esm2-0,457.146484375
2065-12-31 00:00:00,elm-eca,ssp370,mri-esm2-0,ssp370 (FireMIP) - elm-eca - mri-esm2-0,408.4427185058594
2066-12-31 00:00:00,elm-eca,ssp370,mri-esm2-0,ssp370 (FireMIP) - elm-eca - mri-esm2-0,453.2547607421875
2067-12-31 00:00:00,elm-eca,ssp370,mri-esm2-0,ssp370 (FireMIP) - elm-eca - mri-esm2-0,437.8027038574219
2068-12-31 00:00:00,elm-eca,ssp370,mri-esm2-0,ssp370 (FireMIP) - elm-eca - mri-esm2-0,337.4466247558594
2069-12-31 00:00:00,elm-eca,ssp370,mri-esm2-0,ssp370 (FireMIP) - elm-eca - mri-esm2-0,471.7251892089844
2070-12-31 00:00:00,elm-eca,ssp370,mri-esm2-0,ssp370 (FireMIP) - elm-eca - mri-esm2-0,427.1571960449219
2071-12-31 00:00:00,elm-eca,ssp370,mri-esm2-0,ssp370 (FireMIP) - elm-eca - mri-esm2-0,393.5433044433594
2072-12-31 00:00:00,elm-eca,ssp370,mri-esm2-0,ssp370 (FireMIP) - elm-eca - mri-esm2-0,456.6900329589844
2073-12-31 00:00:00,elm-eca,ssp370,mri-esm2-0,ssp370 (FireMIP) - elm-eca - mri-esm2-0,411.0888977050781
2074-12-31 00:00:00,elm-eca,ssp370,mri-esm2-0,ssp370 (FireMIP) - elm-eca - mri-esm2-0,405.240234375
2075-12-31 00:00:00,elm-eca,ssp370,mri-esm2-0,ssp370 (FireMIP) - elm-eca - mri-esm2-0,425.9139404296875
2076-12-31 00:00:00,elm-eca,ssp370,mri-esm2-0,ssp370 (FireMIP) - elm-eca - mri-esm2-0,445.8055114746094
2077-12-31 00:00:00,elm-eca,ssp370,mri-esm2-0,ssp370 (FireMIP) - elm-eca - mri-esm2-0,473.7724304199219
2078-12-31 00:00:00,elm-eca,ssp370,mri-esm2-0,ssp370 (FireMIP) - elm-eca - mri-esm2-0,374.3634948730469
2079-12-31 00:00:00,elm-eca,ssp370,mri-esm2-0,ssp370 (FireMIP) - elm-eca - mri-esm2-0,503.9784240722656
2080-12-31 00:00:00,elm-eca,ssp370,mri-esm2-0,ssp370 (FireMIP) - elm-eca - mri-esm2-0,379.7060546875
2081-12-31 00:00:00,elm-eca,ssp370,mri-esm2-0,ssp370 (FireMIP) - elm-eca - mri-esm2-0,491.666259765625
2082-12-31 00:00:00,elm-eca,ssp370,mri-esm2-0,ssp370 (FireMIP) - elm-eca - mri-esm2-0,409.0709533691406
2083-12-31 00:00:00,elm-eca,ssp370,mri-esm2-0,ssp370 (FireMIP) - elm-eca - mri-esm2-0,419.967529296875
2084-12-31 00:00:00,elm-eca,ssp370,mri-esm2-0,ssp370 (FireMIP) - elm-eca - mri-esm2-0,444.1280212402344
2085-12-31 00:00:00,elm-eca,ssp370,mri-esm2-0,ssp370 (FireMIP) - elm-eca - mri-esm2-0,464.6656799316406
2086-12-31 00:00:00,elm-eca,ssp370,mri-esm2-0,ssp370 (FireMIP) - elm-eca - mri-esm2-0,464.7971496582031
2087-12-31 00:00:00,elm-eca,ssp370,mri-esm2-0,ssp370 (FireMIP) - elm-eca - mri-esm2-0,483.1862487792969
2088-12-31 00:00:00,elm-eca,ssp370,mri-esm2-0,ssp370 (FireMIP) - elm-eca - mri-esm2-0,475.7915344238281
2089-12-31 00:00:00,elm-eca,ssp370,mri-esm2-0,ssp370 (FireMIP) - elm-eca - mri-esm2-0,452.51171875
2090-12-31 00:00:00,elm-eca,ssp370,mri-esm2-0,ssp370 (FireMIP) - elm-eca - mri-esm2-0,450.27783203125
2091-12-31 00:00:00,elm-eca,ssp370,mri-esm2-0,ssp370 (FireMIP) - elm-eca - mri-esm2-0,415.2590026855469
2092-12-31 00:00:00,elm-eca,ssp370,mri-esm2-0,ssp370 (FireMIP) - elm-eca - mri-esm2-0,500.4221496582031
2093-12-31 00:00:00,elm-eca,ssp370,mri-esm2-0,ssp370 (FireMIP) - elm-eca - mri-esm2-0,446.3516845703125
2094-12-31 00:00:00,elm-eca,ssp370,mri-esm2-0,ssp370 (FireMIP) - elm-eca - mri-esm2-0,438.7983703613281
2095-12-31 00:00:00,elm-eca,ssp370,mri-esm2-0,ssp370 (FireMIP) - elm-eca - mri-esm2-0,400.7348937988281
2096-12-31 00:00:00,elm-eca,ssp370,mri-esm2-0,ssp370 (FireMIP) - elm-eca - mri-esm2-0,455.0110778808594
2097-12-31 00:00:00,elm-eca,ssp370,mri-esm2-0,ssp370 (FireMIP) - elm-eca - mri-esm2-0,401.3782043457031
2098-12-31 00:00:00,elm-eca,ssp370,mri-esm2-0,ssp370 (FireMIP) - elm-eca - mri-esm2-0,448.2991943359375
2099-12-31 00:00:00,elm-eca,ssp370,mri-esm2-0,ssp370 (FireMIP) - elm-eca - mri-esm2-0,421.1499938964844
2100-12-31 00:00:00,elm-eca,ssp370,mri-esm2-0,ssp370 (FireMIP) - elm-eca - mri-esm2-0,540.5521850585938
2015-12-31 00:00:00,elm-eca,ssp370,ukesm1-0-ll,ssp370 (FireMIP) - elm-eca - ukesm1-0-ll,481.3100891113281
2016-12-31 00:00:00,elm-eca,ssp370,ukesm1-0-ll,ssp370 (FireMIP) - elm-eca - ukesm1-0-ll,395.1397399902344
2017-12-31 00:00:00,elm-eca,ssp370,ukesm1-0-ll,ssp370 (FireMIP) - elm-eca - ukesm1-0-ll,351.4075012207031
2018-12-31 00:00:00,elm-eca,ssp370,ukesm1-0-ll,ssp370 (FireMIP) - elm-eca - ukesm1-0-ll,444.1097106933594
2019-12-31 00:00:00,elm-eca,ssp370,ukesm1-0-ll,ssp370 (FireMIP) - elm-eca - ukesm1-0-ll,434.8402099609375
2020-12-31 00:00:00,elm-eca,ssp370,ukesm1-0-ll,ssp370 (FireMIP) - elm-eca - ukesm1-0-ll,410.1805725097656
2021-12-31 00:00:00,elm-eca,ssp370,ukesm1-0-ll,ssp370 (FireMIP) - elm-eca - ukesm1-0-ll,394.0018310546875
2022-12-31 00:00:00,elm-eca,ssp370,ukesm1-0-ll,ssp370 (FireMIP) - elm-eca - ukesm1-0-ll,396.5809020996094
2023-12-31 00:00:00,elm-eca,ssp370,ukesm1-0-ll,ssp370 (FireMIP) - elm-eca - ukesm1-0-ll,381.8877258300781
2024-12-31 00:00:00,elm-eca,ssp370,ukesm1-0-ll,ssp370 (FireMIP) - elm-eca - ukesm1-0-ll,412.6027526855469
2025-12-31 00:00:00,elm-eca,ssp370,ukesm1-0-ll,ssp370 (FireMIP) - elm-eca - ukesm1-0-ll,436.8420104980469
2026-12-31 00:00:00,elm-eca,ssp370,ukesm1-0-ll,ssp370 (FireMIP) - elm-eca - ukesm1-0-ll,503.2585754394531
2027-12-31 00:00:00,elm-eca,ssp370,ukesm1-0-ll,ssp370 (FireMIP) - elm-eca - ukesm1-0-ll,495.6571960449219
2028-12-31 00:00:00,elm-eca,ssp370,ukesm1-0-ll,ssp370 (FireMIP) - elm-eca - ukesm1-0-ll,504.63525390625
2029-12-31 00:00:00,elm-eca,ssp370,ukesm1-0-ll,ssp370 (FireMIP) - elm-eca - ukesm1-0-ll,407.0309143066406
2030-12-31 00:00:00,elm-eca,ssp370,ukesm1-0-ll,ssp370 (FireMIP) - elm-eca - ukesm1-0-ll,371.229736328125
2031-12-31 00:00:00,elm-eca,ssp370,ukesm1-0-ll,ssp370 (FireMIP) - elm-eca - ukesm1-0-ll,517.6607055664062
2032-12-31 00:00:00,elm-eca,ssp370,ukesm1-0-ll,ssp370 (FireMIP) - elm-eca - ukesm1-0-ll,456.7981872558594
2033-12-31 00:00:00,elm-eca,ssp370,ukesm1-0-ll,ssp370 (FireMIP) - elm-eca - ukesm1-0-ll,456.8068542480469
2034-12-31 00:00:00,elm-eca,ssp370,ukesm1-0-ll,ssp370 (FireMIP) - elm-eca - ukesm1-0-ll,521.4974365234375
2035-12-31 00:00:00,elm-eca,ssp370,ukesm1-0-ll,ssp370 (FireMIP) - elm-eca - ukesm1-0-ll,448.7253112792969
2036-12-31 00:00:00,elm-eca,ssp370,ukesm1-0-ll,ssp370 (FireMIP) - elm-eca - ukesm1-0-ll,547.8982543945312
2037-12-31 00:00:00,elm-eca,ssp370,ukesm1-0-ll,ssp370 (FireMIP) - elm-eca - ukesm1-0-ll,464.0765075683594
2038-12-31 00:00:00,elm-eca,ssp370,ukesm1-0-ll,ssp370 (FireMIP) - elm-eca - ukesm1-0-ll,420.5537414550781
2039-12-31 00:00:00,elm-eca,ssp370,ukesm1-0-ll,ssp370 (FireMIP) - elm-eca - ukesm1-0-ll,515.0108642578125
2040-12-31 00:00:00,elm-eca,ssp370,ukesm1-0-ll,ssp370 (FireMIP) - elm-eca - ukesm1-0-ll,549.1096801757812
2041-12-31 00:00:00,elm-eca,ssp370,ukesm1-0-ll,ssp370 (FireMIP) - elm-eca - ukesm1-0-ll,538.435791015625
2042-12-31 00:00:00,elm-eca,ssp370,ukesm1-0-ll,ssp370 (FireMIP) - elm-eca - ukesm1-0-ll,459.0069885253906
2043-12-31 00:00:00,elm-eca,ssp370,ukesm1-0-ll,ssp370 (FireMIP) - elm-eca - ukesm1-0-ll,571.7429809570312
2044-12-31 00:00:00,elm-eca,ssp370,ukesm1-0-ll,ssp370 (FireMIP) - elm-eca - ukesm1-0-ll,385.8960876464844
2045-12-31 00:00:00,elm-eca,ssp370,ukesm1-0-ll,ssp370 (FireMIP) - elm-eca - ukesm1-0-ll,496.4033508300781
2046-12-31 00:00:00,elm-eca,ssp370,ukesm1-0-ll,ssp370 (FireMIP) - elm-eca - ukesm1-0-ll,653.0418701171875
2047-12-31 00:00:00,elm-eca,ssp370,ukesm1-0-ll,ssp370 (FireMIP) - elm-eca - ukesm1-0-ll,518.1922607421875
2048-12-31 00:00:00,elm-eca,ssp370,ukesm1-0-ll,ssp370 (FireMIP) - elm-eca - ukesm1-0-ll,538.9119262695312
2049-12-31 00:00:00,elm-eca,ssp370,ukesm1-0-ll,ssp370 (FireMIP) - elm-eca - ukesm1-0-ll,531.334228515625
2050-12-31 00:00:00,elm-eca,ssp370,ukesm1-0-ll,ssp370 (FireMIP) - elm-eca - ukesm1-0-ll,675.7239379882812
2051-12-31 00:00:00,elm-eca,ssp370,ukesm1-0-ll,ssp370 (FireMIP) - elm-eca - ukesm1-0-ll,505.0462341308594
2052-12-31 00:00:00,elm-eca,ssp370,ukesm1-0-ll,ssp370 (FireMIP) - elm-eca - ukesm1-0-ll,546.1611938476562
2053-12-31 00:00:00,elm-eca,ssp370,ukesm1-0-ll,ssp370 (FireMIP) - elm-eca - ukesm1-0-ll,418.3638610839844
2054-12-31 00:00:00,elm-eca,ssp370,ukesm1-0-ll,ssp370 (FireMIP) - elm-eca - ukesm1-0-ll,632.5963745117188
2055-12-31 00:00:00,elm-eca,ssp370,ukesm1-0-ll,ssp370 (FireMIP) - elm-eca - ukesm1-0-ll,546.1488647460938
2056-12-31 00:00:00,elm-eca,ssp370,ukesm1-0-ll,ssp370 (FireMIP) - elm-eca - ukesm1-0-ll,679.3289184570312
2057-12-31 00:00:00,elm-eca,ssp370,ukesm1-0-ll,ssp370 (FireMIP) - elm-eca - ukesm1-0-ll,562.7732543945312
2058-12-31 00:00:00,elm-eca,ssp370,ukesm1-0-ll,ssp370 (FireMIP) - elm-eca - ukesm1-0-ll,561.7591552734375
2059-12-31 00:00:00,elm-eca,ssp370,ukesm1-0-ll,ssp370 (FireMIP) - elm-eca - ukesm1-0-ll,753.4395141601562
2060-12-31 00:00:00,elm-eca,ssp370,ukesm1-0-ll,ssp370 (FireMIP) - elm-eca - ukesm1-0-ll,550.7324829101562
2061-12-31 00:00:00,elm-eca,ssp370,ukesm1-0-ll,ssp370 (FireMIP) - elm-eca - ukesm1-0-ll,629.3480834960938
2062-12-31 00:00:00,elm-eca,ssp370,ukesm1-0-ll,ssp370 (FireMIP) - elm-eca - ukesm1-0-ll,469.092041015625
2063-12-31 00:00:00,elm-eca,ssp370,ukesm1-0-ll,ssp370 (FireMIP) - elm-eca - ukesm1-0-ll,565.5055541992188
2064-12-31 00:00:00,elm-eca,ssp370,ukesm1-0-ll,ssp370 (FireMIP) - elm-eca - ukesm1-0-ll,580.65185546875
2065-12-31 00:00:00,elm-eca,ssp370,ukesm1-0-ll,ssp370 (FireMIP) - elm-eca - ukesm1-0-ll,675.2965698242188
2066-12-31 00:00:00,elm-eca,ssp370,ukesm1-0-ll,ssp370 (FireMIP) - elm-eca - ukesm1-0-ll,715.9849243164062
2067-12-31 00:00:00,elm-eca,ssp370,ukesm1-0-ll,ssp370 (FireMIP) - elm-eca - ukesm1-0-ll,624.3850708007812
2068-12-31 00:00:00,elm-eca,ssp370,ukesm1-0-ll,ssp370 (FireMIP) - elm-eca - ukesm1-0-ll,646.43310546875
2069-12-31 00:00:00,elm-eca,ssp370,ukesm1-0-ll,ssp370 (FireMIP) - elm-eca - ukesm1-0-ll,674.1050415039062
2070-12-31 00:00:00,elm-eca,ssp370,ukesm1-0-ll,ssp370 (FireMIP) - elm-eca - ukesm1-0-ll,693.0679321289062
2071-12-31 00:00:00,elm-eca,ssp370,ukesm1-0-ll,ssp370 (FireMIP) - elm-eca - ukesm1-0-ll,588.0015258789062
2072-12-31 00:00:00,elm-eca,ssp370,ukesm1-0-ll,ssp370 (FireMIP) - elm-eca - ukesm1-0-ll,778.889892578125
2073-12-31 00:00:00,elm-eca,ssp370,ukesm1-0-ll,ssp370 (FireMIP) - elm-eca - ukesm1-0-ll,593.8806762695312
2074-12-31 00:00:00,elm-eca,ssp370,ukesm1-0-ll,ssp370 (FireMIP) - elm-eca - ukesm1-0-ll,652.9691772460938
2075-12-31 00:00:00,elm-eca,ssp370,ukesm1-0-ll,ssp370 (FireMIP) - elm-eca - ukesm1-0-ll,648.4783935546875
2076-12-31 00:00:00,elm-eca,ssp370,ukesm1-0-ll,ssp370 (FireMIP) - elm-eca - ukesm1-0-ll,711.8013305664062
2077-12-31 00:00:00,elm-eca,ssp370,ukesm1-0-ll,ssp370 (FireMIP) - elm-eca - ukesm1-0-ll,709.8942260742188
2078-12-31 00:00:00,elm-eca,ssp370,ukesm1-0-ll,ssp370 (FireMIP) - elm-eca - ukesm1-0-ll,642.7083129882812
2079-12-31 00:00:00,elm-eca,ssp370,ukesm1-0-ll,ssp370 (FireMIP) - elm-eca - ukesm1-0-ll,790.6730346679688
2080-12-31 00:00:00,elm-eca,ssp370,ukesm1-0-ll,ssp370 (FireMIP) - elm-eca - ukesm1-0-ll,629.0807495117188
2081-12-31 00:00:00,elm-eca,ssp370,ukesm1-0-ll,ssp370 (FireMIP) - elm-eca - ukesm1-0-ll,798.6536254882812
2082-12-31 00:00:00,elm-eca,ssp370,ukesm1-0-ll,ssp370 (FireMIP) - elm-eca - ukesm1-0-ll,713.0299682617188
2083-12-31 00:00:00,elm-eca,ssp370,ukesm1-0-ll,ssp370 (FireMIP) - elm-eca - ukesm1-0-ll,761.3466186523438
2084-12-31 00:00:00,elm-eca,ssp370,ukesm1-0-ll,ssp370 (FireMIP) - elm-eca - ukesm1-0-ll,619.9140014648438
2085-12-31 00:00:00,elm-eca,ssp370,ukesm1-0-ll,ssp370 (FireMIP) - elm-eca - ukesm1-0-ll,765.2960815429688
2086-12-31 00:00:00,elm-eca,ssp370,ukesm1-0-ll,ssp370 (FireMIP) - elm-eca - ukesm1-0-ll,727.1569213867188
2087-12-31 00:00:00,elm-eca,ssp370,ukesm1-0-ll,ssp370 (FireMIP) - elm-eca - ukesm1-0-ll,835.6213989257812
2088-12-31 00:00:00,elm-eca,ssp370,ukesm1-0-ll,ssp370 (FireMIP) - elm-eca - ukesm1-0-ll,672.9353637695312
2089-12-31 00:00:00,elm-eca,ssp370,ukesm1-0-ll,ssp370 (FireMIP) - elm-eca - ukesm1-0-ll,779.0819702148438
2090-12-31 00:00:00,elm-eca,ssp370,ukesm1-0-ll,ssp370 (FireMIP) - elm-eca - ukesm1-0-ll,766.233154296875
2091-12-31 00:00:00,elm-eca,ssp370,ukesm1-0-ll,ssp370 (FireMIP) - elm-eca - ukesm1-0-ll,877.4752807617188
2092-12-31 00:00:00,elm-eca,ssp370,ukesm1-0-ll,ssp370 (FireMIP) - elm-eca - ukesm1-0-ll,764.63232421875
2093-12-31 00:00:00,elm-eca,ssp370,ukesm1-0-ll,ssp370 (FireMIP) - elm-eca - ukesm1-0-ll,909.2832641601562
2094-12-31 00:00:00,elm-eca,ssp370,ukesm1-0-ll,ssp370 (FireMIP) - elm-eca - ukesm1-0-ll,798.92578125
2095-12-31 00:00:00,elm-eca,ssp370,ukesm1-0-ll,ssp370 (FireMIP) - elm-eca - ukesm1-0-ll,809.8598022460938
2096-12-31 00:00:00,elm-eca,ssp370,ukesm1-0-ll,ssp370 (FireMIP) - elm-eca - ukesm1-0-ll,773.6526489257812
2097-12-31 00:00:00,elm-eca,ssp370,ukesm1-0-ll,ssp370 (FireMIP) - elm-eca - ukesm1-0-ll,790.807861328125
2098-12-31 00:00:00,elm-eca,ssp370,ukesm1-0-ll,ssp370 (FireMIP) - elm-eca - ukesm1-0-ll,916.6015625
2099-12-31 00:00:00,elm-eca,ssp370,ukesm1-0-ll,ssp370 (FireMIP) - elm-eca - ukesm1-0-ll,757.8499145507812
2100-12-31 00:00:00,elm-eca,ssp370,ukesm1-0-ll,ssp370 (FireMIP) - elm-eca - ukesm1-0-ll,786.8428344726562
2015-12-31 00:00:00,elm-eca,ssp370,gfdl-esm4,ssp370 (FireMIP) - elm-eca - gfdl-esm4,350.9363708496094
2016-12-31 00:00:00,elm-eca,ssp370,gfdl-esm4,ssp370 (FireMIP) - elm-eca - gfdl-esm4,481.9088134765625
2017-12-31 00:00:00,elm-eca,ssp370,gfdl-esm4,ssp370 (FireMIP) - elm-eca - gfdl-esm4,423.2673645019531
2018-12-31 00:00:00,elm-eca,ssp370,gfdl-esm4,ssp370 (FireMIP) - elm-eca - gfdl-esm4,392.9215393066406
2019-12-31 00:00:00,elm-eca,ssp370,gfdl-esm4,ssp370 (FireMIP) - elm-eca - gfdl-esm4,372.99169921875
2020-12-31 00:00:00,elm-eca,ssp370,gfdl-esm4,ssp370 (FireMIP) - elm-eca - gfdl-esm4,379.2069396972656
2021-12-31 00:00:00,elm-eca,ssp370,gfdl-esm4,ssp370 (FireMIP) - elm-eca - gfdl-esm4,421.8287353515625
2022-12-31 00:00:00,elm-eca,ssp370,gfdl-esm4,ssp370 (FireMIP) - elm-eca - gfdl-esm4,376.0755615234375
2023-12-31 00:00:00,elm-eca,ssp370,gfdl-esm4,ssp370 (FireMIP) - elm-eca - gfdl-esm4,312.48699951171875
2024-12-31 00:00:00,elm-eca,ssp370,gfdl-esm4,ssp370 (FireMIP) - elm-eca - gfdl-esm4,343.4241027832031
2025-12-31 00:00:00,elm-eca,ssp370,gfdl-esm4,ssp370 (FireMIP) - elm-eca - gfdl-esm4,494.2877502441406
2026-12-31 00:00:00,elm-eca,ssp370,gfdl-esm4,ssp370 (FireMIP) - elm-eca - gfdl-esm4,350.6720886230469
2027-12-31 00:00:00,elm-eca,ssp370,gfdl-esm4,ssp370 (FireMIP) - elm-eca - gfdl-esm4,353.3245544433594
2028-12-31 00:00:00,elm-eca,ssp370,gfdl-esm4,ssp370 (FireMIP) - elm-eca - gfdl-esm4,417.5599365234375
2029-12-31 00:00:00,elm-eca,ssp370,gfdl-esm4,ssp370 (FireMIP) - elm-eca - gfdl-esm4,397.4112548828125
2030-12-31 00:00:00,elm-eca,ssp370,gfdl-esm4,ssp370 (FireMIP) - elm-eca - gfdl-esm4,450.256591796875
2031-12-31 00:00:00,elm-eca,ssp370,gfdl-esm4,ssp370 (FireMIP) - elm-eca - gfdl-esm4,346.1809387207031
2032-12-31 00:00:00,elm-eca,ssp370,gfdl-esm4,ssp370 (FireMIP) - elm-eca - gfdl-esm4,429.9574279785156
2033-12-31 00:00:00,elm-eca,ssp370,gfdl-esm4,ssp370 (FireMIP) - elm-eca - gfdl-esm4,417.2315979003906
2034-12-31 00:00:00,elm-eca,ssp370,gfdl-esm4,ssp370 (FireMIP) - elm-eca - gfdl-esm4,416.466796875
2035-12-31 00:00:00,elm-eca,ssp370,gfdl-esm4,ssp370 (FireMIP) - elm-eca - gfdl-esm4,386.1405334472656
2036-12-31 00:00:00,elm-eca,ssp370,gfdl-esm4,ssp370 (FireMIP) - elm-eca - gfdl-esm4,454.3517150878906
2037-12-31 00:00:00,elm-eca,ssp370,gfdl-esm4,ssp370 (FireMIP) - elm-eca - gfdl-esm4,348.1430969238281
2038-12-31 00:00:00,elm-eca,ssp370,gfdl-esm4,ssp370 (FireMIP) - elm-eca - gfdl-esm4,442.09375
2039-12-31 00:00:00,elm-eca,ssp370,gfdl-esm4,ssp370 (FireMIP) - elm-eca - gfdl-esm4,361.0423278808594
2040-12-31 00:00:00,elm-eca,ssp370,gfdl-esm4,ssp370 (FireMIP) - elm-eca - gfdl-esm4,353.05322265625
2041-12-31 00:00:00,elm-eca,ssp370,gfdl-esm4,ssp370 (FireMIP) - elm-eca - gfdl-esm4,464.9254150390625
2042-12-31 00:00:00,elm-eca,ssp370,gfdl-esm4,ssp370 (FireMIP) - elm-eca - gfdl-esm4,411.3671875
2043-12-31 00:00:00,elm-eca,ssp370,gfdl-esm4,ssp370 (FireMIP) - elm-eca - gfdl-esm4,396.196044921875
2044-12-31 00:00:00,elm-eca,ssp370,gfdl-esm4,ssp370 (FireMIP) - elm-eca - gfdl-esm4,408.4506530761719
2045-12-31 00:00:00,elm-eca,ssp370,gfdl-esm4,ssp370 (FireMIP) - elm-eca - gfdl-esm4,517.5602416992188
2046-12-31 00:00:00,elm-eca,ssp370,gfdl-esm4,ssp370 (FireMIP) - elm-eca - gfdl-esm4,393.087890625
2047-12-31 00:00:00,elm-eca,ssp370,gfdl-esm4,ssp370 (FireMIP) - elm-eca - gfdl-esm4,417.0593566894531
2048-12-31 00:00:00,elm-eca,ssp370,gfdl-esm4,ssp370 (FireMIP) - elm-eca - gfdl-esm4,583.1467895507812
2049-12-31 00:00:00,elm-eca,ssp370,gfdl-esm4,ssp370 (FireMIP) - elm-eca - gfdl-esm4,359.5639343261719
2050-12-31 00:00:00,elm-eca,ssp370,gfdl-esm4,ssp370 (FireMIP) - elm-eca - gfdl-esm4,452.7330017089844
2051-12-31 00:00:00,elm-eca,ssp370,gfdl-esm4,ssp370 (FireMIP) - elm-eca - gfdl-esm4,471.0279846191406
2052-12-31 00:00:00,elm-eca,ssp370,gfdl-esm4,ssp370 (FireMIP) - elm-eca - gfdl-esm4,427.5224914550781
2053-12-31 00:00:00,elm-eca,ssp370,gfdl-esm4,ssp370 (FireMIP) - elm-eca - gfdl-esm4,416.00439453125
2054-12-31 00:00:00,elm-eca,ssp370,gfdl-esm4,ssp370 (FireMIP) - elm-eca - gfdl-esm4,406.3050231933594
2055-12-31 00:00:00,elm-eca,ssp370,gfdl-esm4,ssp370 (FireMIP) - elm-eca - gfdl-esm4,415.2660827636719
2056-12-31 00:00:00,elm-eca,ssp370,gfdl-esm4,ssp370 (FireMIP) - elm-eca - gfdl-esm4,421.38720703125
2057-12-31 00:00:00,elm-eca,ssp370,gfdl-esm4,ssp370 (FireMIP) - elm-eca - gfdl-esm4,461.648681640625
2058-12-31 00:00:00,elm-eca,ssp370,gfdl-esm4,ssp370 (FireMIP) - elm-eca - gfdl-esm4,509.9731750488281
2059-12-31 00:00:00,elm-eca,ssp370,gfdl-esm4,ssp370 (FireMIP) - elm-eca - gfdl-esm4,366.6789855957031
2060-12-31 00:00:00,elm-eca,ssp370,gfdl-esm4,ssp370 (FireMIP) - elm-eca - gfdl-esm4,630.0518188476562
2061-12-31 00:00:00,elm-eca,ssp370,gfdl-esm4,ssp370 (FireMIP) - elm-eca - gfdl-esm4,435.1521301269531
2062-12-31 00:00:00,elm-eca,ssp370,gfdl-esm4,ssp370 (FireMIP) - elm-eca - gfdl-esm4,454.878662109375
2063-12-31 00:00:00,elm-eca,ssp370,gfdl-esm4,ssp370 (FireMIP) - elm-eca - gfdl-esm4,419.8122253417969
2064-12-31 00:00:00,elm-eca,ssp370,gfdl-esm4,ssp370 (FireMIP) - elm-eca - gfdl-esm4,467.3683776855469
2065-12-31 00:00:00,elm-eca,ssp370,gfdl-esm4,ssp370 (FireMIP) - elm-eca - gfdl-esm4,525.9953002929688
2066-12-31 00:00:00,elm-eca,ssp370,gfdl-esm4,ssp370 (FireMIP) - elm-eca - gfdl-esm4,521.3112182617188
2067-12-31 00:00:00,elm-eca,ssp370,gfdl-esm4,ssp370 (FireMIP) - elm-eca - gfdl-esm4,412.6937561035156
2068-12-31 00:00:00,elm-eca,ssp370,gfdl-esm4,ssp370 (FireMIP) - elm-eca - gfdl-esm4,481.7197265625
2069-12-31 00:00:00,elm-eca,ssp370,gfdl-esm4,ssp370 (FireMIP) - elm-eca - gfdl-esm4,538.3160400390625
2070-12-31 00:00:00,elm-eca,ssp370,gfdl-esm4,ssp370 (FireMIP) - elm-eca - gfdl-esm4,447.8550720214844
2071-12-31 00:00:00,elm-eca,ssp370,gfdl-esm4,ssp370 (FireMIP) - elm-eca - gfdl-esm4,445.7926330566406
2072-12-31 00:00:00,elm-eca,ssp370,gfdl-esm4,ssp370 (FireMIP) - elm-eca - gfdl-esm4,552.6238403320312
2073-12-31 00:00:00,elm-eca,ssp370,gfdl-esm4,ssp370 (FireMIP) - elm-eca - gfdl-esm4,502.9189453125
2074-12-31 00:00:00,elm-eca,ssp370,gfdl-esm4,ssp370 (FireMIP) - elm-eca - gfdl-esm4,472.1152038574219
2075-12-31 00:00:00,elm-eca,ssp370,gfdl-esm4,ssp370 (FireMIP) - elm-eca - gfdl-esm4,464.2565612792969
2076-12-31 00:00:00,elm-eca,ssp370,gfdl-esm4,ssp370 (FireMIP) - elm-eca - gfdl-esm4,469.7409362792969
2077-12-31 00:00:00,elm-eca,ssp370,gfdl-esm4,ssp370 (FireMIP) - elm-eca - gfdl-esm4,431.0316162109375
2078-12-31 00:00:00,elm-eca,ssp370,gfdl-esm4,ssp370 (FireMIP) - elm-eca - gfdl-esm4,526.913330078125
2079-12-31 00:00:00,elm-eca,ssp370,gfdl-esm4,ssp370 (FireMIP) - elm-eca - gfdl-esm4,414.1697998046875
2080-12-31 00:00:00,elm-eca,ssp370,gfdl-esm4,ssp370 (FireMIP) - elm-eca - gfdl-esm4,476.1196594238281
2081-12-31 00:00:00,elm-eca,ssp370,gfdl-esm4,ssp370 (FireMIP) - elm-eca - gfdl-esm4,531.9375610351562
2082-12-31 00:00:00,elm-eca,ssp370,gfdl-esm4,ssp370 (FireMIP) - elm-eca - gfdl-esm4,446.352294921875
2083-12-31 00:00:00,elm-eca,ssp370,gfdl-esm4,ssp370 (FireMIP) - elm-eca - gfdl-esm4,524.4985961914062
2084-12-31 00:00:00,elm-eca,ssp370,gfdl-esm4,ssp370 (FireMIP) - elm-eca - gfdl-esm4,563.5657348632812
2085-12-31 00:00:00,elm-eca,ssp370,gfdl-esm4,ssp370 (FireMIP) - elm-eca - gfdl-esm4,553.1465454101562
2086-12-31 00:00:00,elm-eca,ssp370,gfdl-esm4,ssp370 (FireMIP) - elm-eca - gfdl-esm4,517.859130859375
2087-12-31 00:00:00,elm-eca,ssp370,gfdl-esm4,ssp370 (FireMIP) - elm-eca - gfdl-esm4,461.76708984375
2088-12-31 00:00:00,elm-eca,ssp370,gfdl-esm4,ssp370 (FireMIP) - elm-eca - gfdl-esm4,540.4345092773438
2089-12-31 00:00:00,elm-eca,ssp370,gfdl-esm4,ssp370 (FireMIP) - elm-eca - gfdl-esm4,515.7684326171875
2090-12-31 00:00:00,elm-eca,ssp370,gfdl-esm4,ssp370 (FireMIP) - elm-eca - gfdl-esm4,560.9378662109375
2091-12-31 00:00:00,elm-eca,ssp370,gfdl-esm4,ssp370 (FireMIP) - elm-eca - gfdl-esm4,527.7711791992188
2092-12-31 00:00:00,elm-eca,ssp370,gfdl-esm4,ssp370 (FireMIP) - elm-eca - gfdl-esm4,597.68408203125
2093-12-31 00:00:00,elm-eca,ssp370,gfdl-esm4,ssp370 (FireMIP) - elm-eca - gfdl-esm4,502.2813720703125
2094-12-31 00:00:00,elm-eca,ssp370,gfdl-esm4,ssp370 (FireMIP) - elm-eca - gfdl-esm4,552.87939453125
2095-12-31 00:00:00,elm-eca,ssp370,gfdl-esm4,ssp370 (FireMIP) - elm-eca - gfdl-esm4,482.61962890625
2096-12-31 00:00:00,elm-eca,ssp370,gfdl-esm4,ssp370 (FireMIP) - elm-eca - gfdl-esm4,563.405029296875
2097-12-31 00:00:00,elm-eca,ssp370,gfdl-esm4,ssp370 (FireMIP) - elm-eca - gfdl-esm4,548.2232055664062
2098-12-31 00:00:00,elm-eca,ssp370,gfdl-esm4,ssp370 (FireMIP) - elm-eca - gfdl-esm4,465.775146484375
2099-12-31 00:00:00,elm-eca,ssp370,gfdl-esm4,ssp370 (FireMIP) - elm-eca - gfdl-esm4,528.3073120117188
2100-12-31 00:00:00,elm-eca,ssp370,gfdl-esm4,ssp370 (FireMIP) - elm-eca - gfdl-esm4,610.7658081054688
2015-12-31 00:00:00,elm-eca,ssp370,ipsl-cm6a-lr,ssp370 (FireMIP) - elm-eca - ipsl-cm6a-lr,348.0341491699219
2016-12-31 00:00:00,elm-eca,ssp370,ipsl-cm6a-lr,ssp370 (FireMIP) - elm-eca - ipsl-cm6a-lr,433.0871887207031
2017-12-31 00:00:00,elm-eca,ssp370,ipsl-cm6a-lr,ssp370 (FireMIP) - elm-eca - ipsl-cm6a-lr,418.693359375
2018-12-31 00:00:00,elm-eca,ssp370,ipsl-cm6a-lr,ssp370 (FireMIP) - elm-eca - ipsl-cm6a-lr,328.6370849609375
2019-12-31 00:00:00,elm-eca,ssp370,ipsl-cm6a-lr,ssp370 (FireMIP) - elm-eca - ipsl-cm6a-lr,385.7645568847656
2020-12-31 00:00:00,elm-eca,ssp370,ipsl-cm6a-lr,ssp370 (FireMIP) - elm-eca - ipsl-cm6a-lr,380.2147216796875
2021-12-31 00:00:00,elm-eca,ssp370,ipsl-cm6a-lr,ssp370 (FireMIP) - elm-eca - ipsl-cm6a-lr,421.912841796875
2022-12-31 00:00:00,elm-eca,ssp370,ipsl-cm6a-lr,ssp370 (FireMIP) - elm-eca - ipsl-cm6a-lr,301.9460754394531
2023-12-31 00:00:00,elm-eca,ssp370,ipsl-cm6a-lr,ssp370 (FireMIP) - elm-eca - ipsl-cm6a-lr,336.3890380859375
2024-12-31 00:00:00,elm-eca,ssp370,ipsl-cm6a-lr,ssp370 (FireMIP) - elm-eca - ipsl-cm6a-lr,436.6787414550781
2025-12-31 00:00:00,elm-eca,ssp370,ipsl-cm6a-lr,ssp370 (FireMIP) - elm-eca - ipsl-cm6a-lr,442.5886535644531
2026-12-31 00:00:00,elm-eca,ssp370,ipsl-cm6a-lr,ssp370 (FireMIP) - elm-eca - ipsl-cm6a-lr,398.5713806152344
2027-12-31 00:00:00,elm-eca,ssp370,ipsl-cm6a-lr,ssp370 (FireMIP) - elm-eca - ipsl-cm6a-lr,420.9432678222656
2028-12-31 00:00:00,elm-eca,ssp370,ipsl-cm6a-lr,ssp370 (FireMIP) - elm-eca - ipsl-cm6a-lr,447.4820556640625
2029-12-31 00:00:00,elm-eca,ssp370,ipsl-cm6a-lr,ssp370 (FireMIP) - elm-eca - ipsl-cm6a-lr,382.8014831542969
2030-12-31 00:00:00,elm-eca,ssp370,ipsl-cm6a-lr,ssp370 (FireMIP) - elm-eca - ipsl-cm6a-lr,368.1855773925781
2031-12-31 00:00:00,elm-eca,ssp370,ipsl-cm6a-lr,ssp370 (FireMIP) - elm-eca - ipsl-cm6a-lr,400.8576965332031
2032-12-31 00:00:00,elm-eca,ssp370,ipsl-cm6a-lr,ssp370 (FireMIP) - elm-eca - ipsl-cm6a-lr,421.021240234375
2033-12-31 00:00:00,elm-eca,ssp370,ipsl-cm6a-lr,ssp370 (FireMIP) - elm-eca - ipsl-cm6a-lr,401.1931457519531
2034-12-31 00:00:00,elm-eca,ssp370,ipsl-cm6a-lr,ssp370 (FireMIP) - elm-eca - ipsl-cm6a-lr,384.6218566894531
2035-12-31 00:00:00,elm-eca,ssp370,ipsl-cm6a-lr,ssp370 (FireMIP) - elm-eca - ipsl-cm6a-lr,441.8238220214844
2036-12-31 00:00:00,elm-eca,ssp370,ipsl-cm6a-lr,ssp370 (FireMIP) - elm-eca - ipsl-cm6a-lr,465.338134765625
2037-12-31 00:00:00,elm-eca,ssp370,ipsl-cm6a-lr,ssp370 (FireMIP) - elm-eca - ipsl-cm6a-lr,392.8677978515625
2038-12-31 00:00:00,elm-eca,ssp370,ipsl-cm6a-lr,ssp370 (FireMIP) - elm-eca - ipsl-cm6a-lr,402.9547119140625
2039-12-31 00:00:00,elm-eca,ssp370,ipsl-cm6a-lr,ssp370 (FireMIP) - elm-eca - ipsl-cm6a-lr,464.0618591308594
2040-12-31 00:00:00,elm-eca,ssp370,ipsl-cm6a-lr,ssp370 (FireMIP) - elm-eca - ipsl-cm6a-lr,426.54443359375
2041-12-31 00:00:00,elm-eca,ssp370,ipsl-cm6a-lr,ssp370 (FireMIP) - elm-eca - ipsl-cm6a-lr,443.6413879394531
2042-12-31 00:00:00,elm-eca,ssp370,ipsl-cm6a-lr,ssp370 (FireMIP) - elm-eca - ipsl-cm6a-lr,470.4540710449219
2043-12-31 00:00:00,elm-eca,ssp370,ipsl-cm6a-lr,ssp370 (FireMIP) - elm-eca - ipsl-cm6a-lr,399.25390625
2044-12-31 00:00:00,elm-eca,ssp370,ipsl-cm6a-lr,ssp370 (FireMIP) - elm-eca - ipsl-cm6a-lr,459.0141296386719
2045-12-31 00:00:00,elm-eca,ssp370,ipsl-cm6a-lr,ssp370 (FireMIP) - elm-eca - ipsl-cm6a-lr,406.7374572753906
2046-12-31 00:00:00,elm-eca,ssp370,ipsl-cm6a-lr,ssp370 (FireMIP) - elm-eca - ipsl-cm6a-lr,404.9252014160156
2047-12-31 00:00:00,elm-eca,ssp370,ipsl-cm6a-lr,ssp370 (FireMIP) - elm-eca - ipsl-cm6a-lr,485.6963806152344
2048-12-31 00:00:00,elm-eca,ssp370,ipsl-cm6a-lr,ssp370 (FireMIP) - elm-eca - ipsl-cm6a-lr,393.4385681152344
2049-12-31 00:00:00,elm-eca,ssp370,ipsl-cm6a-lr,ssp370 (FireMIP) - elm-eca - ipsl-cm6a-lr,521.9539794921875
2050-12-31 00:00:00,elm-eca,ssp370,ipsl-cm6a-lr,ssp370 (FireMIP) - elm-eca - ipsl-cm6a-lr,461.662109375
2051-12-31 00:00:00,elm-eca,ssp370,ipsl-cm6a-lr,ssp370 (FireMIP) - elm-eca - ipsl-cm6a-lr,439.2301330566406
2052-12-31 00:00:00,elm-eca,ssp370,ipsl-cm6a-lr,ssp370 (FireMIP) - elm-eca - ipsl-cm6a-lr,481.465576171875
2053-12-31 00:00:00,elm-eca,ssp370,ipsl-cm6a-lr,ssp370 (FireMIP) - elm-eca - ipsl-cm6a-lr,414.6131896972656
2054-12-31 00:00:00,elm-eca,ssp370,ipsl-cm6a-lr,ssp370 (FireMIP) - elm-eca - ipsl-cm6a-lr,428.8726501464844
2055-12-31 00:00:00,elm-eca,ssp370,ipsl-cm6a-lr,ssp370 (FireMIP) - elm-eca - ipsl-cm6a-lr,397.6404113769531
2056-12-31 00:00:00,elm-eca,ssp370,ipsl-cm6a-lr,ssp370 (FireMIP) - elm-eca - ipsl-cm6a-lr,488.4689025878906
2057-12-31 00:00:00,elm-eca,ssp370,ipsl-cm6a-lr,ssp370 (FireMIP) - elm-eca - ipsl-cm6a-lr,399.0623474121094
2058-12-31 00:00:00,elm-eca,ssp370,ipsl-cm6a-lr,ssp370 (FireMIP) - elm-eca - ipsl-cm6a-lr,490.2369079589844
2059-12-31 00:00:00,elm-eca,ssp370,ipsl-cm6a-lr,ssp370 (FireMIP) - elm-eca - ipsl-cm6a-lr,531.0023803710938
2060-12-31 00:00:00,elm-eca,ssp370,ipsl-cm6a-lr,ssp370 (FireMIP) - elm-eca - ipsl-cm6a-lr,539.6636352539062
2061-12-31 00:00:00,elm-eca,ssp370,ipsl-cm6a-lr,ssp370 (FireMIP) - elm-eca - ipsl-cm6a-lr,438.9622497558594
2062-12-31 00:00:00,elm-eca,ssp370,ipsl-cm6a-lr,ssp370 (FireMIP) - elm-eca - ipsl-cm6a-lr,499.4095764160156
2063-12-31 00:00:00,elm-eca,ssp370,ipsl-cm6a-lr,ssp370 (FireMIP) - elm-eca - ipsl-cm6a-lr,584.8504028320312
2064-12-31 00:00:00,elm-eca,ssp370,ipsl-cm6a-lr,ssp370 (FireMIP) - elm-eca - ipsl-cm6a-lr,530.7623291015625
2065-12-31 00:00:00,elm-eca,ssp370,ipsl-cm6a-lr,ssp370 (FireMIP) - elm-eca - ipsl-cm6a-lr,484.5250549316406
2066-12-31 00:00:00,elm-eca,ssp370,ipsl-cm6a-lr,ssp370 (FireMIP) - elm-eca - ipsl-cm6a-lr,497.4688415527344
2067-12-31 00:00:00,elm-eca,ssp370,ipsl-cm6a-lr,ssp370 (FireMIP) - elm-eca - ipsl-cm6a-lr,520.388671875
2068-12-31 00:00:00,elm-eca,ssp370,ipsl-cm6a-lr,ssp370 (FireMIP) - elm-eca - ipsl-cm6a-lr,524.1420288085938
2069-12-31 00:00:00,elm-eca,ssp370,ipsl-cm6a-lr,ssp370 (FireMIP) - elm-eca - ipsl-cm6a-lr,515.508056640625
2070-12-31 00:00:00,elm-eca,ssp370,ipsl-cm6a-lr,ssp370 (FireMIP) - elm-eca - ipsl-cm6a-lr,535.103759765625
2071-12-31 00:00:00,elm-eca,ssp370,ipsl-cm6a-lr,ssp370 (FireMIP) - elm-eca - ipsl-cm6a-lr,558.657470703125
2072-12-31 00:00:00,elm-eca,ssp370,ipsl-cm6a-lr,ssp370 (FireMIP) - elm-eca - ipsl-cm6a-lr,667.1619262695312
2073-12-31 00:00:00,elm-eca,ssp370,ipsl-cm6a-lr,ssp370 (FireMIP) - elm-eca - ipsl-cm6a-lr,507.831787109375
2074-12-31 00:00:00,elm-eca,ssp370,ipsl-cm6a-lr,ssp370 (FireMIP) - elm-eca - ipsl-cm6a-lr,575.3313598632812
2075-12-31 00:00:00,elm-eca,ssp370,ipsl-cm6a-lr,ssp370 (FireMIP) - elm-eca - ipsl-cm6a-lr,498.3876953125
2076-12-31 00:00:00,elm-eca,ssp370,ipsl-cm6a-lr,ssp370 (FireMIP) - elm-eca - ipsl-cm6a-lr,594.1055297851562
2077-12-31 00:00:00,elm-eca,ssp370,ipsl-cm6a-lr,ssp370 (FireMIP) - elm-eca - ipsl-cm6a-lr,546.4364624023438
2078-12-31 00:00:00,elm-eca,ssp370,ipsl-cm6a-lr,ssp370 (FireMIP) - elm-eca - ipsl-cm6a-lr,519.3554077148438
2079-12-31 00:00:00,elm-eca,ssp370,ipsl-cm6a-lr,ssp370 (FireMIP) - elm-eca - ipsl-cm6a-lr,623.7430419921875
2080-12-31 00:00:00,elm-eca,ssp370,ipsl-cm6a-lr,ssp370 (FireMIP) - elm-eca - ipsl-cm6a-lr,529.0048217773438
2081-12-31 00:00:00,elm-eca,ssp370,ipsl-cm6a-lr,ssp370 (FireMIP) - elm-eca - ipsl-cm6a-lr,484.9510498046875
2082-12-31 00:00:00,elm-eca,ssp370,ipsl-cm6a-lr,ssp370 (FireMIP) - elm-eca - ipsl-cm6a-lr,720.5006713867188
2083-12-31 00:00:00,elm-eca,ssp370,ipsl-cm6a-lr,ssp370 (FireMIP) - elm-eca - ipsl-cm6a-lr,576.722412109375
2084-12-31 00:00:00,elm-eca,ssp370,ipsl-cm6a-lr,ssp370 (FireMIP) - elm-eca - ipsl-cm6a-lr,648.2062377929688
2085-12-31 00:00:00,elm-eca,ssp370,ipsl-cm6a-lr,ssp370 (FireMIP) - elm-eca - ipsl-cm6a-lr,561.0797729492188
2086-12-31 00:00:00,elm-eca,ssp370,ipsl-cm6a-lr,ssp370 (FireMIP) - elm-eca - ipsl-cm6a-lr,547.8140258789062
2087-12-31 00:00:00,elm-eca,ssp370,ipsl-cm6a-lr,ssp370 (FireMIP) - elm-eca - ipsl-cm6a-lr,495.8007507324219
2088-12-31 00:00:00,elm-eca,ssp370,ipsl-cm6a-lr,ssp370 (FireMIP) - elm-eca - ipsl-cm6a-lr,528.2858276367188
2089-12-31 00:00:00,elm-eca,ssp370,ipsl-cm6a-lr,ssp370 (FireMIP) - elm-eca - ipsl-cm6a-lr,558.6502685546875
2090-12-31 00:00:00,elm-eca,ssp370,ipsl-cm6a-lr,ssp370 (FireMIP) - elm-eca - ipsl-cm6a-lr,704.4789428710938
2091-12-31 00:00:00,elm-eca,ssp370,ipsl-cm6a-lr,ssp370 (FireMIP) - elm-eca - ipsl-cm6a-lr,625.2827758789062
2092-12-31 00:00:00,elm-eca,ssp370,ipsl-cm6a-lr,ssp370 (FireMIP) - elm-eca - ipsl-cm6a-lr,612.2036743164062
2093-12-31 00:00:00,elm-eca,ssp370,ipsl-cm6a-lr,ssp370 (FireMIP) - elm-eca - ipsl-cm6a-lr,656.7003784179688
2094-12-31 00:00:00,elm-eca,ssp370,ipsl-cm6a-lr,ssp370 (FireMIP) - elm-eca - ipsl-cm6a-lr,662.4381713867188
2095-12-31 00:00:00,elm-eca,ssp370,ipsl-cm6a-lr,ssp370 (FireMIP) - elm-eca - ipsl-cm6a-lr,590.3981323242188
2096-12-31 00:00:00,elm-eca,ssp370,ipsl-cm6a-lr,ssp370 (FireMIP) - elm-eca - ipsl-cm6a-lr,768.5095825195312
2097-12-31 00:00:00,elm-eca,ssp370,ipsl-cm6a-lr,ssp370 (FireMIP) - elm-eca - ipsl-cm6a-lr,794.6726684570312
2098-12-31 00:00:00,elm-eca,ssp370,ipsl-cm6a-lr,ssp370 (FireMIP) - elm-eca - ipsl-cm6a-lr,620.7244262695312
2099-12-31 00:00:00,elm-eca,ssp370,ipsl-cm6a-lr,ssp370 (FireMIP) - elm-eca - ipsl-cm6a-lr,657.2982788085938
2100-12-31 00:00:00,elm-eca,ssp370,ipsl-cm6a-lr,ssp370 (FireMIP) - elm-eca - ipsl-cm6a-lr,783.9733276367188
2015-12-31 00:00:00,elm-eca,ssp585,mpi-esm1-2-hr,ssp585 (FireMIP) - elm-eca - mpi-esm1-2-hr,345.1025085449219
2016-12-31 00:00:00,elm-eca,ssp585,mpi-esm1-2-hr,ssp585 (FireMIP) - elm-eca - mpi-esm1-2-hr,373.7547912597656
2017-12-31 00:00:00,elm-eca,ssp585,mpi-esm1-2-hr,ssp585 (FireMIP) - elm-eca - mpi-esm1-2-hr,403.4988708496094
2018-12-31 00:00:00,elm-eca,ssp585,mpi-esm1-2-hr,ssp585 (FireMIP) - elm-eca - mpi-esm1-2-hr,395.7121276855469
2019-12-31 00:00:00,elm-eca,ssp585,mpi-esm1-2-hr,ssp585 (FireMIP) - elm-eca - mpi-esm1-2-hr,356.7266540527344
2020-12-31 00:00:00,elm-eca,ssp585,mpi-esm1-2-hr,ssp585 (FireMIP) - elm-eca - mpi-esm1-2-hr,351.14892578125
2021-12-31 00:00:00,elm-eca,ssp585,mpi-esm1-2-hr,ssp585 (FireMIP) - elm-eca - mpi-esm1-2-hr,363.8429260253906
2022-12-31 00:00:00,elm-eca,ssp585,mpi-esm1-2-hr,ssp585 (FireMIP) - elm-eca - mpi-esm1-2-hr,392.282470703125
2023-12-31 00:00:00,elm-eca,ssp585,mpi-esm1-2-hr,ssp585 (FireMIP) - elm-eca - mpi-esm1-2-hr,396.3836975097656
2024-12-31 00:00:00,elm-eca,ssp585,mpi-esm1-2-hr,ssp585 (FireMIP) - elm-eca - mpi-esm1-2-hr,361.1645202636719
2025-12-31 00:00:00,elm-eca,ssp585,mpi-esm1-2-hr,ssp585 (FireMIP) - elm-eca - mpi-esm1-2-hr,392.8817138671875
2026-12-31 00:00:00,elm-eca,ssp585,mpi-esm1-2-hr,ssp585 (FireMIP) - elm-eca - mpi-esm1-2-hr,466.9629821777344
2027-12-31 00:00:00,elm-eca,ssp585,mpi-esm1-2-hr,ssp585 (FireMIP) - elm-eca - mpi-esm1-2-hr,317.3858337402344
2028-12-31 00:00:00,elm-eca,ssp585,mpi-esm1-2-hr,ssp585 (FireMIP) - elm-eca - mpi-esm1-2-hr,395.8595886230469
2029-12-31 00:00:00,elm-eca,ssp585,mpi-esm1-2-hr,ssp585 (FireMIP) - elm-eca - mpi-esm1-2-hr,437.645751953125
2030-12-31 00:00:00,elm-eca,ssp585,mpi-esm1-2-hr,ssp585 (FireMIP) - elm-eca - mpi-esm1-2-hr,402.0927734375
2031-12-31 00:00:00,elm-eca,ssp585,mpi-esm1-2-hr,ssp585 (FireMIP) - elm-eca - mpi-esm1-2-hr,431.5293273925781
2032-12-31 00:00:00,elm-eca,ssp585,mpi-esm1-2-hr,ssp585 (FireMIP) - elm-eca - mpi-esm1-2-hr,341.7947082519531
2033-12-31 00:00:00,elm-eca,ssp585,mpi-esm1-2-hr,ssp585 (FireMIP) - elm-eca - mpi-esm1-2-hr,420.5071716308594
2034-12-31 00:00:00,elm-eca,ssp585,mpi-esm1-2-hr,ssp585 (FireMIP) - elm-eca - mpi-esm1-2-hr,435.8750305175781
2035-12-31 00:00:00,elm-eca,ssp585,mpi-esm1-2-hr,ssp585 (FireMIP) - elm-eca - mpi-esm1-2-hr,431.0009765625
2036-12-31 00:00:00,elm-eca,ssp585,mpi-esm1-2-hr,ssp585 (FireMIP) - elm-eca - mpi-esm1-2-hr,415.8705749511719
2037-12-31 00:00:00,elm-eca,ssp585,mpi-esm1-2-hr,ssp585 (FireMIP) - elm-eca - mpi-esm1-2-hr,387.2918701171875
2038-12-31 00:00:00,elm-eca,ssp585,mpi-esm1-2-hr,ssp585 (FireMIP) - elm-eca - mpi-esm1-2-hr,377.6893615722656
2039-12-31 00:00:00,elm-eca,ssp585,mpi-esm1-2-hr,ssp585 (FireMIP) - elm-eca - mpi-esm1-2-hr,364.8019714355469
2040-12-31 00:00:00,elm-eca,ssp585,mpi-esm1-2-hr,ssp585 (FireMIP) - elm-eca - mpi-esm1-2-hr,428.2295837402344
2041-12-31 00:00:00,elm-eca,ssp585,mpi-esm1-2-hr,ssp585 (FireMIP) - elm-eca - mpi-esm1-2-hr,356.595947265625
2042-12-31 00:00:00,elm-eca,ssp585,mpi-esm1-2-hr,ssp585 (FireMIP) - elm-eca - mpi-esm1-2-hr,426.77490234375
2043-12-31 00:00:00,elm-eca,ssp585,mpi-esm1-2-hr,ssp585 (FireMIP) - elm-eca - mpi-esm1-2-hr,470.2933349609375
2044-12-31 00:00:00,elm-eca,ssp585,mpi-esm1-2-hr,ssp585 (FireMIP) - elm-eca - mpi-esm1-2-hr,491.8107604980469
2045-12-31 00:00:00,elm-eca,ssp585,mpi-esm1-2-hr,ssp585 (FireMIP) - elm-eca - mpi-esm1-2-hr,492.8381652832031
2046-12-31 00:00:00,elm-eca,ssp585,mpi-esm1-2-hr,ssp585 (FireMIP) - elm-eca - mpi-esm1-2-hr,432.9623107910156
2047-12-31 00:00:00,elm-eca,ssp585,mpi-esm1-2-hr,ssp585 (FireMIP) - elm-eca - mpi-esm1-2-hr,308.7544860839844
2048-12-31 00:00:00,elm-eca,ssp585,mpi-esm1-2-hr,ssp585 (FireMIP) - elm-eca - mpi-esm1-2-hr,485.3053894042969
2049-12-31 00:00:00,elm-eca,ssp585,mpi-esm1-2-hr,ssp585 (FireMIP) - elm-eca - mpi-esm1-2-hr,484.3808288574219
2050-12-31 00:00:00,elm-eca,ssp585,mpi-esm1-2-hr,ssp585 (FireMIP) - elm-eca - mpi-esm1-2-hr,404.26904296875
2051-12-31 00:00:00,elm-eca,ssp585,mpi-esm1-2-hr,ssp585 (FireMIP) - elm-eca - mpi-esm1-2-hr,397.8745422363281
2052-12-31 00:00:00,elm-eca,ssp585,mpi-esm1-2-hr,ssp585 (FireMIP) - elm-eca - mpi-esm1-2-hr,331.57147216796875
2053-12-31 00:00:00,elm-eca,ssp585,mpi-esm1-2-hr,ssp585 (FireMIP) - elm-eca - mpi-esm1-2-hr,459.2593994140625
2054-12-31 00:00:00,elm-eca,ssp585,mpi-esm1-2-hr,ssp585 (FireMIP) - elm-eca - mpi-esm1-2-hr,478.4311828613281
2055-12-31 00:00:00,elm-eca,ssp585,mpi-esm1-2-hr,ssp585 (FireMIP) - elm-eca - mpi-esm1-2-hr,445.8650817871094
2056-12-31 00:00:00,elm-eca,ssp585,mpi-esm1-2-hr,ssp585 (FireMIP) - elm-eca - mpi-esm1-2-hr,436.1851806640625
2057-12-31 00:00:00,elm-eca,ssp585,mpi-esm1-2-hr,ssp585 (FireMIP) - elm-eca - mpi-esm1-2-hr,449.19140625
2058-12-31 00:00:00,elm-eca,ssp585,mpi-esm1-2-hr,ssp585 (FireMIP) - elm-eca - mpi-esm1-2-hr,479.1356506347656
2059-12-31 00:00:00,elm-eca,ssp585,mpi-esm1-2-hr,ssp585 (FireMIP) - elm-eca - mpi-esm1-2-hr,491.2286682128906
2060-12-31 00:00:00,elm-eca,ssp585,mpi-esm1-2-hr,ssp585 (FireMIP) - elm-eca - mpi-esm1-2-hr,427.3763732910156
2061-12-31 00:00:00,elm-eca,ssp585,mpi-esm1-2-hr,ssp585 (FireMIP) - elm-eca - mpi-esm1-2-hr,548.2882690429688
2062-12-31 00:00:00,elm-eca,ssp585,mpi-esm1-2-hr,ssp585 (FireMIP) - elm-eca - mpi-esm1-2-hr,388.3221435546875
2063-12-31 00:00:00,elm-eca,ssp585,mpi-esm1-2-hr,ssp585 (FireMIP) - elm-eca - mpi-esm1-2-hr,674.9017944335938
2064-12-31 00:00:00,elm-eca,ssp585,mpi-esm1-2-hr,ssp585 (FireMIP) - elm-eca - mpi-esm1-2-hr,508.2015075683594
2065-12-31 00:00:00,elm-eca,ssp585,mpi-esm1-2-hr,ssp585 (FireMIP) - elm-eca - mpi-esm1-2-hr,576.0834350585938
2066-12-31 00:00:00,elm-eca,ssp585,mpi-esm1-2-hr,ssp585 (FireMIP) - elm-eca - mpi-esm1-2-hr,439.0353698730469
2067-12-31 00:00:00,elm-eca,ssp585,mpi-esm1-2-hr,ssp585 (FireMIP) - elm-eca - mpi-esm1-2-hr,453.6045227050781
2068-12-31 00:00:00,elm-eca,ssp585,mpi-esm1-2-hr,ssp585 (FireMIP) - elm-eca - mpi-esm1-2-hr,501.1048583984375
2069-12-31 00:00:00,elm-eca,ssp585,mpi-esm1-2-hr,ssp585 (FireMIP) - elm-eca - mpi-esm1-2-hr,550.1671142578125
2070-12-31 00:00:00,elm-eca,ssp585,mpi-esm1-2-hr,ssp585 (FireMIP) - elm-eca - mpi-esm1-2-hr,392.0295715332031
2071-12-31 00:00:00,elm-eca,ssp585,mpi-esm1-2-hr,ssp585 (FireMIP) - elm-eca - mpi-esm1-2-hr,433.3603210449219
2072-12-31 00:00:00,elm-eca,ssp585,mpi-esm1-2-hr,ssp585 (FireMIP) - elm-eca - mpi-esm1-2-hr,444.025390625
2073-12-31 00:00:00,elm-eca,ssp585,mpi-esm1-2-hr,ssp585 (FireMIP) - elm-eca - mpi-esm1-2-hr,594.9500122070312
2074-12-31 00:00:00,elm-eca,ssp585,mpi-esm1-2-hr,ssp585 (FireMIP) - elm-eca - mpi-esm1-2-hr,500.3461608886719
2075-12-31 00:00:00,elm-eca,ssp585,mpi-esm1-2-hr,ssp585 (FireMIP) - elm-eca - mpi-esm1-2-hr,415.4234619140625
2076-12-31 00:00:00,elm-eca,ssp585,mpi-esm1-2-hr,ssp585 (FireMIP) - elm-eca - mpi-esm1-2-hr,473.0542907714844
2077-12-31 00:00:00,elm-eca,ssp585,mpi-esm1-2-hr,ssp585 (FireMIP) - elm-eca - mpi-esm1-2-hr,446.5160217285156
2078-12-31 00:00:00,elm-eca,ssp585,mpi-esm1-2-hr,ssp585 (FireMIP) - elm-eca - mpi-esm1-2-hr,406.043701171875
2079-12-31 00:00:00,elm-eca,ssp585,mpi-esm1-2-hr,ssp585 (FireMIP) - elm-eca - mpi-esm1-2-hr,516.887451171875
2080-12-31 00:00:00,elm-eca,ssp585,mpi-esm1-2-hr,ssp585 (FireMIP) - elm-eca - mpi-esm1-2-hr,547.5216674804688
2081-12-31 00:00:00,elm-eca,ssp585,mpi-esm1-2-hr,ssp585 (FireMIP) - elm-eca - mpi-esm1-2-hr,566.2408447265625
2082-12-31 00:00:00,elm-eca,ssp585,mpi-esm1-2-hr,ssp585 (FireMIP) - elm-eca - mpi-esm1-2-hr,469.215087890625
2083-12-31 00:00:00,elm-eca,ssp585,mpi-esm1-2-hr,ssp585 (FireMIP) - elm-eca - mpi-esm1-2-hr,573.3497314453125
2084-12-31 00:00:00,elm-eca,ssp585,mpi-esm1-2-hr,ssp585 (FireMIP) - elm-eca - mpi-esm1-2-hr,660.0128784179688
2085-12-31 00:00:00,elm-eca,ssp585,mpi-esm1-2-hr,ssp585 (FireMIP) - elm-eca - mpi-esm1-2-hr,430.2892761230469
2086-12-31 00:00:00,elm-eca,ssp585,mpi-esm1-2-hr,ssp585 (FireMIP) - elm-eca - mpi-esm1-2-hr,612.7422485351562
2087-12-31 00:00:00,elm-eca,ssp585,mpi-esm1-2-hr,ssp585 (FireMIP) - elm-eca - mpi-esm1-2-hr,473.7418518066406
2088-12-31 00:00:00,elm-eca,ssp585,mpi-esm1-2-hr,ssp585 (FireMIP) - elm-eca - mpi-esm1-2-hr,653.5387573242188
2089-12-31 00:00:00,elm-eca,ssp585,mpi-esm1-2-hr,ssp585 (FireMIP) - elm-eca - mpi-esm1-2-hr,620.9575805664062
2090-12-31 00:00:00,elm-eca,ssp585,mpi-esm1-2-hr,ssp585 (FireMIP) - elm-eca - mpi-esm1-2-hr,585.2931518554688
2091-12-31 00:00:00,elm-eca,ssp585,mpi-esm1-2-hr,ssp585 (FireMIP) - elm-eca - mpi-esm1-2-hr,697.373779296875
2092-12-31 00:00:00,elm-eca,ssp585,mpi-esm1-2-hr,ssp585 (FireMIP) - elm-eca - mpi-esm1-2-hr,392.5909423828125
2093-12-31 00:00:00,elm-eca,ssp585,mpi-esm1-2-hr,ssp585 (FireMIP) - elm-eca - mpi-esm1-2-hr,564.268310546875
2094-12-31 00:00:00,elm-eca,ssp585,mpi-esm1-2-hr,ssp585 (FireMIP) - elm-eca - mpi-esm1-2-hr,712.87548828125
2095-12-31 00:00:00,elm-eca,ssp585,mpi-esm1-2-hr,ssp585 (FireMIP) - elm-eca - mpi-esm1-2-hr,648.0835571289062
2096-12-31 00:00:00,elm-eca,ssp585,mpi-esm1-2-hr,ssp585 (FireMIP) - elm-eca - mpi-esm1-2-hr,600.5109252929688
2097-12-31 00:00:00,elm-eca,ssp585,mpi-esm1-2-hr,ssp585 (FireMIP) - elm-eca - mpi-esm1-2-hr,568.0491333007812
2098-12-31 00:00:00,elm-eca,ssp585,mpi-esm1-2-hr,ssp585 (FireMIP) - elm-eca - mpi-esm1-2-hr,554.8551025390625
2099-12-31 00:00:00,elm-eca,ssp585,mpi-esm1-2-hr,ssp585 (FireMIP) - elm-eca - mpi-esm1-2-hr,498.8512268066406
2100-12-31 00:00:00,elm-eca,ssp585,mpi-esm1-2-hr,ssp585 (FireMIP) - elm-eca - mpi-esm1-2-hr,391.3955993652344
2015-12-31 00:00:00,elm-eca,ssp585,mri-esm2-0,ssp585 (FireMIP) - elm-eca - mri-esm2-0,392.6551818847656
2016-12-31 00:00:00,elm-eca,ssp585,mri-esm2-0,ssp585 (FireMIP) - elm-eca - mri-esm2-0,303.6535339355469
2017-12-31 00:00:00,elm-eca,ssp585,mri-esm2-0,ssp585 (FireMIP) - elm-eca - mri-esm2-0,382.5053405761719
2018-12-31 00:00:00,elm-eca,ssp585,mri-esm2-0,ssp585 (FireMIP) - elm-eca - mri-esm2-0,336.1262512207031
2019-12-31 00:00:00,elm-eca,ssp585,mri-esm2-0,ssp585 (FireMIP) - elm-eca - mri-esm2-0,402.1404113769531
2020-12-31 00:00:00,elm-eca,ssp585,mri-esm2-0,ssp585 (FireMIP) - elm-eca - mri-esm2-0,406.3797302246094
2021-12-31 00:00:00,elm-eca,ssp585,mri-esm2-0,ssp585 (FireMIP) - elm-eca - mri-esm2-0,368.6316223144531
2022-12-31 00:00:00,elm-eca,ssp585,mri-esm2-0,ssp585 (FireMIP) - elm-eca - mri-esm2-0,383.7383728027344
2023-12-31 00:00:00,elm-eca,ssp585,mri-esm2-0,ssp585 (FireMIP) - elm-eca - mri-esm2-0,385.2593078613281
2024-12-31 00:00:00,elm-eca,ssp585,mri-esm2-0,ssp585 (FireMIP) - elm-eca - mri-esm2-0,377.7284240722656
2025-12-31 00:00:00,elm-eca,ssp585,mri-esm2-0,ssp585 (FireMIP) - elm-eca - mri-esm2-0,339.9730529785156
2026-12-31 00:00:00,elm-eca,ssp585,mri-esm2-0,ssp585 (FireMIP) - elm-eca - mri-esm2-0,336.67242431640625
2027-12-31 00:00:00,elm-eca,ssp585,mri-esm2-0,ssp585 (FireMIP) - elm-eca - mri-esm2-0,480.8482360839844
2028-12-31 00:00:00,elm-eca,ssp585,mri-esm2-0,ssp585 (FireMIP) - elm-eca - mri-esm2-0,353.0700378417969
2029-12-31 00:00:00,elm-eca,ssp585,mri-esm2-0,ssp585 (FireMIP) - elm-eca - mri-esm2-0,424.2022399902344
2030-12-31 00:00:00,elm-eca,ssp585,mri-esm2-0,ssp585 (FireMIP) - elm-eca - mri-esm2-0,408.9365234375
2031-12-31 00:00:00,elm-eca,ssp585,mri-esm2-0,ssp585 (FireMIP) - elm-eca - mri-esm2-0,419.3423767089844
2032-12-31 00:00:00,elm-eca,ssp585,mri-esm2-0,ssp585 (FireMIP) - elm-eca - mri-esm2-0,417.3580322265625
2033-12-31 00:00:00,elm-eca,ssp585,mri-esm2-0,ssp585 (FireMIP) - elm-eca - mri-esm2-0,438.4640808105469
2034-12-31 00:00:00,elm-eca,ssp585,mri-esm2-0,ssp585 (FireMIP) - elm-eca - mri-esm2-0,404.3907165527344
2035-12-31 00:00:00,elm-eca,ssp585,mri-esm2-0,ssp585 (FireMIP) - elm-eca - mri-esm2-0,484.3815612792969
2036-12-31 00:00:00,elm-eca,ssp585,mri-esm2-0,ssp585 (FireMIP) - elm-eca - mri-esm2-0,390.50390625
2037-12-31 00:00:00,elm-eca,ssp585,mri-esm2-0,ssp585 (FireMIP) - elm-eca - mri-esm2-0,407.4192810058594
2038-12-31 00:00:00,elm-eca,ssp585,mri-esm2-0,ssp585 (FireMIP) - elm-eca - mri-esm2-0,376.0580139160156
2039-12-31 00:00:00,elm-eca,ssp585,mri-esm2-0,ssp585 (FireMIP) - elm-eca - mri-esm2-0,415.1262512207031
2040-12-31 00:00:00,elm-eca,ssp585,mri-esm2-0,ssp585 (FireMIP) - elm-eca - mri-esm2-0,438.498779296875
2041-12-31 00:00:00,elm-eca,ssp585,mri-esm2-0,ssp585 (FireMIP) - elm-eca - mri-esm2-0,403.62255859375
2042-12-31 00:00:00,elm-eca,ssp585,mri-esm2-0,ssp585 (FireMIP) - elm-eca - mri-esm2-0,386.622802734375
2043-12-31 00:00:00,elm-eca,ssp585,mri-esm2-0,ssp585 (FireMIP) - elm-eca - mri-esm2-0,388.812744140625
2044-12-31 00:00:00,elm-eca,ssp585,mri-esm2-0,ssp585 (FireMIP) - elm-eca - mri-esm2-0,406.129638671875
2045-12-31 00:00:00,elm-eca,ssp585,mri-esm2-0,ssp585 (FireMIP) - elm-eca - mri-esm2-0,374.6612854003906
2046-12-31 00:00:00,elm-eca,ssp585,mri-esm2-0,ssp585 (FireMIP) - elm-eca - mri-esm2-0,371.1990966796875
2047-12-31 00:00:00,elm-eca,ssp585,mri-esm2-0,ssp585 (FireMIP) - elm-eca - mri-esm2-0,366.6280517578125
2048-12-31 00:00:00,elm-eca,ssp585,mri-esm2-0,ssp585 (FireMIP) - elm-eca - mri-esm2-0,369.3992919921875
2049-12-31 00:00:00,elm-eca,ssp585,mri-esm2-0,ssp585 (FireMIP) - elm-eca - mri-esm2-0,422.8459777832031
2050-12-31 00:00:00,elm-eca,ssp585,mri-esm2-0,ssp585 (FireMIP) - elm-eca - mri-esm2-0,413.2865295410156
2051-12-31 00:00:00,elm-eca,ssp585,mri-esm2-0,ssp585 (FireMIP) - elm-eca - mri-esm2-0,470.3780517578125
2052-12-31 00:00:00,elm-eca,ssp585,mri-esm2-0,ssp585 (FireMIP) - elm-eca - mri-esm2-0,436.7537841796875
2053-12-31 00:00:00,elm-eca,ssp585,mri-esm2-0,ssp585 (FireMIP) - elm-eca - mri-esm2-0,466.4916076660156
2054-12-31 00:00:00,elm-eca,ssp585,mri-esm2-0,ssp585 (FireMIP) - elm-eca - mri-esm2-0,518.3372192382812
2055-12-31 00:00:00,elm-eca,ssp585,mri-esm2-0,ssp585 (FireMIP) - elm-eca - mri-esm2-0,436.4851379394531
2056-12-31 00:00:00,elm-eca,ssp585,mri-esm2-0,ssp585 (FireMIP) - elm-eca - mri-esm2-0,459.2017517089844
2057-12-31 00:00:00,elm-eca,ssp585,mri-esm2-0,ssp585 (FireMIP) - elm-eca - mri-esm2-0,416.9735107421875
2058-12-31 00:00:00,elm-eca,ssp585,mri-esm2-0,ssp585 (FireMIP) - elm-eca - mri-esm2-0,373.3457336425781
2059-12-31 00:00:00,elm-eca,ssp585,mri-esm2-0,ssp585 (FireMIP) - elm-eca - mri-esm2-0,460.2174072265625
2060-12-31 00:00:00,elm-eca,ssp585,mri-esm2-0,ssp585 (FireMIP) - elm-eca - mri-esm2-0,449.3271179199219
2061-12-31 00:00:00,elm-eca,ssp585,mri-esm2-0,ssp585 (FireMIP) - elm-eca - mri-esm2-0,432.3490295410156
2062-12-31 00:00:00,elm-eca,ssp585,mri-esm2-0,ssp585 (FireMIP) - elm-eca - mri-esm2-0,399.5252380371094
2063-12-31 00:00:00,elm-eca,ssp585,mri-esm2-0,ssp585 (FireMIP) - elm-eca - mri-esm2-0,453.9176330566406
2064-12-31 00:00:00,elm-eca,ssp585,mri-esm2-0,ssp585 (FireMIP) - elm-eca - mri-esm2-0,410.8235168457031
2065-12-31 00:00:00,elm-eca,ssp585,mri-esm2-0,ssp585 (FireMIP) - elm-eca - mri-esm2-0,420.6295166015625
2066-12-31 00:00:00,elm-eca,ssp585,mri-esm2-0,ssp585 (FireMIP) - elm-eca - mri-esm2-0,497.3558654785156
2067-12-31 00:00:00,elm-eca,ssp585,mri-esm2-0,ssp585 (FireMIP) - elm-eca - mri-esm2-0,495.4097595214844
2068-12-31 00:00:00,elm-eca,ssp585,mri-esm2-0,ssp585 (FireMIP) - elm-eca - mri-esm2-0,389.3802185058594
2069-12-31 00:00:00,elm-eca,ssp585,mri-esm2-0,ssp585 (FireMIP) - elm-eca - mri-esm2-0,474.4930114746094
2070-12-31 00:00:00,elm-eca,ssp585,mri-esm2-0,ssp585 (FireMIP) - elm-eca - mri-esm2-0,411.6504211425781
2071-12-31 00:00:00,elm-eca,ssp585,mri-esm2-0,ssp585 (FireMIP) - elm-eca - mri-esm2-0,377.1454772949219
2072-12-31 00:00:00,elm-eca,ssp585,mri-esm2-0,ssp585 (FireMIP) - elm-eca - mri-esm2-0,378.7260437011719
2073-12-31 00:00:00,elm-eca,ssp585,mri-esm2-0,ssp585 (FireMIP) - elm-eca - mri-esm2-0,501.0958557128906
2074-12-31 00:00:00,elm-eca,ssp585,mri-esm2-0,ssp585 (FireMIP) - elm-eca - mri-esm2-0,440.6119384765625
2075-12-31 00:00:00,elm-eca,ssp585,mri-esm2-0,ssp585 (FireMIP) - elm-eca - mri-esm2-0,447.3827819824219
2076-12-31 00:00:00,elm-eca,ssp585,mri-esm2-0,ssp585 (FireMIP) - elm-eca - mri-esm2-0,458.7843322753906
2077-12-31 00:00:00,elm-eca,ssp585,mri-esm2-0,ssp585 (FireMIP) - elm-eca - mri-esm2-0,569.4696044921875
2078-12-31 00:00:00,elm-eca,ssp585,mri-esm2-0,ssp585 (FireMIP) - elm-eca - mri-esm2-0,474.5116882324219
2079-12-31 00:00:00,elm-eca,ssp585,mri-esm2-0,ssp585 (FireMIP) - elm-eca - mri-esm2-0,458.8030700683594
2080-12-31 00:00:00,elm-eca,ssp585,mri-esm2-0,ssp585 (FireMIP) - elm-eca - mri-esm2-0,467.2099914550781
2081-12-31 00:00:00,elm-eca,ssp585,mri-esm2-0,ssp585 (FireMIP) - elm-eca - mri-esm2-0,507.1943664550781
2082-12-31 00:00:00,elm-eca,ssp585,mri-esm2-0,ssp585 (FireMIP) - elm-eca - mri-esm2-0,449.3829345703125
2083-12-31 00:00:00,elm-eca,ssp585,mri-esm2-0,ssp585 (FireMIP) - elm-eca - mri-esm2-0,447.8824768066406
2084-12-31 00:00:00,elm-eca,ssp585,mri-esm2-0,ssp585 (FireMIP) - elm-eca - mri-esm2-0,515.1253051757812
2085-12-31 00:00:00,elm-eca,ssp585,mri-esm2-0,ssp585 (FireMIP) - elm-eca - mri-esm2-0,500.7048645019531
2086-12-31 00:00:00,elm-eca,ssp585,mri-esm2-0,ssp585 (FireMIP) - elm-eca - mri-esm2-0,477.0440673828125
2087-12-31 00:00:00,elm-eca,ssp585,mri-esm2-0,ssp585 (FireMIP) - elm-eca - mri-esm2-0,519.3650512695312
2088-12-31 00:00:00,elm-eca,ssp585,mri-esm2-0,ssp585 (FireMIP) - elm-eca - mri-esm2-0,428.490966796875
2089-12-31 00:00:00,elm-eca,ssp585,mri-esm2-0,ssp585 (FireMIP) - elm-eca - mri-esm2-0,527.5528564453125
2090-12-31 00:00:00,elm-eca,ssp585,mri-esm2-0,ssp585 (FireMIP) - elm-eca - mri-esm2-0,410.7522888183594
2091-12-31 00:00:00,elm-eca,ssp585,mri-esm2-0,ssp585 (FireMIP) - elm-eca - mri-esm2-0,511.6816711425781
2092-12-31 00:00:00,elm-eca,ssp585,mri-esm2-0,ssp585 (FireMIP) - elm-eca - mri-esm2-0,513.8131103515625
2093-12-31 00:00:00,elm-eca,ssp585,mri-esm2-0,ssp585 (FireMIP) - elm-eca - mri-esm2-0,505.8785400390625
2094-12-31 00:00:00,elm-eca,ssp585,mri-esm2-0,ssp585 (FireMIP) - elm-eca - mri-esm2-0,436.1959228515625
2095-12-31 00:00:00,elm-eca,ssp585,mri-esm2-0,ssp585 (FireMIP) - elm-eca - mri-esm2-0,485.5700378417969
2096-12-31 00:00:00,elm-eca,ssp585,mri-esm2-0,ssp585 (FireMIP) - elm-eca - mri-esm2-0,553.9376220703125
2097-12-31 00:00:00,elm-eca,ssp585,mri-esm2-0,ssp585 (FireMIP) - elm-eca - mri-esm2-0,440.0252685546875
2098-12-31 00:00:00,elm-eca,ssp585,mri-esm2-0,ssp585 (FireMIP) - elm-eca - mri-esm2-0,484.97509765625
2099-12-31 00:00:00,elm-eca,ssp585,mri-esm2-0,ssp585 (FireMIP) - elm-eca - mri-esm2-0,503.1437683105469
2100-12-31 00:00:00,elm-eca,ssp585,mri-esm2-0,ssp585 (FireMIP) - elm-eca - mri-esm2-0,502.5635070800781
2015-12-31 00:00:00,elm-eca,ssp585,ukesm1-0-ll,ssp585 (FireMIP) - elm-eca - ukesm1-0-ll,413.1980285644531
2016-12-31 00:00:00,elm-eca,ssp585,ukesm1-0-ll,ssp585 (FireMIP) - elm-eca - ukesm1-0-ll,392.879638671875
2017-12-31 00:00:00,elm-eca,ssp585,ukesm1-0-ll,ssp585 (FireMIP) - elm-eca - ukesm1-0-ll,399.8121337890625
2018-12-31 00:00:00,elm-eca,ssp585,ukesm1-0-ll,ssp585 (FireMIP) - elm-eca - ukesm1-0-ll,382.63720703125
2019-12-31 00:00:00,elm-eca,ssp585,ukesm1-0-ll,ssp585 (FireMIP) - elm-eca - ukesm1-0-ll,495.7348937988281
2020-12-31 00:00:00,elm-eca,ssp585,ukesm1-0-ll,ssp585 (FireMIP) - elm-eca - ukesm1-0-ll,377.6097717285156
2021-12-31 00:00:00,elm-eca,ssp585,ukesm1-0-ll,ssp585 (FireMIP) - elm-eca - ukesm1-0-ll,454.3047790527344
2022-12-31 00:00:00,elm-eca,ssp585,ukesm1-0-ll,ssp585 (FireMIP) - elm-eca - ukesm1-0-ll,375.3780822753906
2023-12-31 00:00:00,elm-eca,ssp585,ukesm1-0-ll,ssp585 (FireMIP) - elm-eca - ukesm1-0-ll,438.5023498535156
2024-12-31 00:00:00,elm-eca,ssp585,ukesm1-0-ll,ssp585 (FireMIP) - elm-eca - ukesm1-0-ll,396.78662109375
2025-12-31 00:00:00,elm-eca,ssp585,ukesm1-0-ll,ssp585 (FireMIP) - elm-eca - ukesm1-0-ll,396.1172180175781
2026-12-31 00:00:00,elm-eca,ssp585,ukesm1-0-ll,ssp585 (FireMIP) - elm-eca - ukesm1-0-ll,391.0162048339844
2027-12-31 00:00:00,elm-eca,ssp585,ukesm1-0-ll,ssp585 (FireMIP) - elm-eca - ukesm1-0-ll,442.3882751464844
2028-12-31 00:00:00,elm-eca,ssp585,ukesm1-0-ll,ssp585 (FireMIP) - elm-eca - ukesm1-0-ll,381.92431640625
2029-12-31 00:00:00,elm-eca,ssp585,ukesm1-0-ll,ssp585 (FireMIP) - elm-eca - ukesm1-0-ll,479.8645324707031
2030-12-31 00:00:00,elm-eca,ssp585,ukesm1-0-ll,ssp585 (FireMIP) - elm-eca - ukesm1-0-ll,441.5703125
2031-12-31 00:00:00,elm-eca,ssp585,ukesm1-0-ll,ssp585 (FireMIP) - elm-eca - ukesm1-0-ll,517.5115966796875
2032-12-31 00:00:00,elm-eca,ssp585,ukesm1-0-ll,ssp585 (FireMIP) - elm-eca - ukesm1-0-ll,569.4583740234375
2033-12-31 00:00:00,elm-eca,ssp585,ukesm1-0-ll,ssp585 (FireMIP) - elm-eca - ukesm1-0-ll,494.8813781738281
2034-12-31 00:00:00,elm-eca,ssp585,ukesm1-0-ll,ssp585 (FireMIP) - elm-eca - ukesm1-0-ll,525.3060913085938
2035-12-31 00:00:00,elm-eca,ssp585,ukesm1-0-ll,ssp585 (FireMIP) - elm-eca - ukesm1-0-ll,567.3928833007812
2036-12-31 00:00:00,elm-eca,ssp585,ukesm1-0-ll,ssp585 (FireMIP) - elm-eca - ukesm1-0-ll,387.0307922363281
2037-12-31 00:00:00,elm-eca,ssp585,ukesm1-0-ll,ssp585 (FireMIP) - elm-eca - ukesm1-0-ll,448.4656066894531
2038-12-31 00:00:00,elm-eca,ssp585,ukesm1-0-ll,ssp585 (FireMIP) - elm-eca - ukesm1-0-ll,543.9537353515625
2039-12-31 00:00:00,elm-eca,ssp585,ukesm1-0-ll,ssp585 (FireMIP) - elm-eca - ukesm1-0-ll,397.3420104980469
2040-12-31 00:00:00,elm-eca,ssp585,ukesm1-0-ll,ssp585 (FireMIP) - elm-eca - ukesm1-0-ll,525.1121215820312
2041-12-31 00:00:00,elm-eca,ssp585,ukesm1-0-ll,ssp585 (FireMIP) - elm-eca - ukesm1-0-ll,552.0505981445312
2042-12-31 00:00:00,elm-eca,ssp585,ukesm1-0-ll,ssp585 (FireMIP) - elm-eca - ukesm1-0-ll,534.7077026367188
2043-12-31 00:00:00,elm-eca,ssp585,ukesm1-0-ll,ssp585 (FireMIP) - elm-eca - ukesm1-0-ll,569.0111083984375
2044-12-31 00:00:00,elm-eca,ssp585,ukesm1-0-ll,ssp585 (FireMIP) - elm-eca - ukesm1-0-ll,486.892822265625
2045-12-31 00:00:00,elm-eca,ssp585,ukesm1-0-ll,ssp585 (FireMIP) - elm-eca - ukesm1-0-ll,568.9522705078125
2046-12-31 00:00:00,elm-eca,ssp585,ukesm1-0-ll,ssp585 (FireMIP) - elm-eca - ukesm1-0-ll,484.6554260253906
2047-12-31 00:00:00,elm-eca,ssp585,ukesm1-0-ll,ssp585 (FireMIP) - elm-eca - ukesm1-0-ll,637.4034423828125
2048-12-31 00:00:00,elm-eca,ssp585,ukesm1-0-ll,ssp585 (FireMIP) - elm-eca - ukesm1-0-ll,518.32080078125
2049-12-31 00:00:00,elm-eca,ssp585,ukesm1-0-ll,ssp585 (FireMIP) - elm-eca - ukesm1-0-ll,532.0377807617188
2050-12-31 00:00:00,elm-eca,ssp585,ukesm1-0-ll,ssp585 (FireMIP) - elm-eca - ukesm1-0-ll,530.8165283203125
2051-12-31 00:00:00,elm-eca,ssp585,ukesm1-0-ll,ssp585 (FireMIP) - elm-eca - ukesm1-0-ll,547.119873046875
2052-12-31 00:00:00,elm-eca,ssp585,ukesm1-0-ll,ssp585 (FireMIP) - elm-eca - ukesm1-0-ll,423.2642822265625
2053-12-31 00:00:00,elm-eca,ssp585,ukesm1-0-ll,ssp585 (FireMIP) - elm-eca - ukesm1-0-ll,619.1157836914062
2054-12-31 00:00:00,elm-eca,ssp585,ukesm1-0-ll,ssp585 (FireMIP) - elm-eca - ukesm1-0-ll,667.37548828125
2055-12-31 00:00:00,elm-eca,ssp585,ukesm1-0-ll,ssp585 (FireMIP) - elm-eca - ukesm1-0-ll,716.1151733398438
2056-12-31 00:00:00,elm-eca,ssp585,ukesm1-0-ll,ssp585 (FireMIP) - elm-eca - ukesm1-0-ll,708.1936645507812
2057-12-31 00:00:00,elm-eca,ssp585,ukesm1-0-ll,ssp585 (FireMIP) - elm-eca - ukesm1-0-ll,760.184814453125
2058-12-31 00:00:00,elm-eca,ssp585,ukesm1-0-ll,ssp585 (FireMIP) - elm-eca - ukesm1-0-ll,568.75341796875
2059-12-31 00:00:00,elm-eca,ssp585,ukesm1-0-ll,ssp585 (FireMIP) - elm-eca - ukesm1-0-ll,691.4505004882812
2060-12-31 00:00:00,elm-eca,ssp585,ukesm1-0-ll,ssp585 (FireMIP) - elm-eca - ukesm1-0-ll,753.1638793945312
2061-12-31 00:00:00,elm-eca,ssp585,ukesm1-0-ll,ssp585 (FireMIP) - elm-eca - ukesm1-0-ll,557.0751342773438
2062-12-31 00:00:00,elm-eca,ssp585,ukesm1-0-ll,ssp585 (FireMIP) - elm-eca - ukesm1-0-ll,689.753662109375
2063-12-31 00:00:00,elm-eca,ssp585,ukesm1-0-ll,ssp585 (FireMIP) - elm-eca - ukesm1-0-ll,873.2177734375
2064-12-31 00:00:00,elm-eca,ssp585,ukesm1-0-ll,ssp585 (FireMIP) - elm-eca - ukesm1-0-ll,581.76171875
2065-12-31 00:00:00,elm-eca,ssp585,ukesm1-0-ll,ssp585 (FireMIP) - elm-eca - ukesm1-0-ll,696.314208984375
2066-12-31 00:00:00,elm-eca,ssp585,ukesm1-0-ll,ssp585 (FireMIP) - elm-eca - ukesm1-0-ll,665.5592651367188
2067-12-31 00:00:00,elm-eca,ssp585,ukesm1-0-ll,ssp585 (FireMIP) - elm-eca - ukesm1-0-ll,683.2138671875
2068-12-31 00:00:00,elm-eca,ssp585,ukesm1-0-ll,ssp585 (FireMIP) - elm-eca - ukesm1-0-ll,823.6696166992188
2069-12-31 00:00:00,elm-eca,ssp585,ukesm1-0-ll,ssp585 (FireMIP) - elm-eca - ukesm1-0-ll,684.551513671875
2070-12-31 00:00:00,elm-eca,ssp585,ukesm1-0-ll,ssp585 (FireMIP) - elm-eca - ukesm1-0-ll,758.6943969726562
2071-12-31 00:00:00,elm-eca,ssp585,ukesm1-0-ll,ssp585 (FireMIP) - elm-eca - ukesm1-0-ll,671.8646850585938
2072-12-31 00:00:00,elm-eca,ssp585,ukesm1-0-ll,ssp585 (FireMIP) - elm-eca - ukesm1-0-ll,890.23779296875
2073-12-31 00:00:00,elm-eca,ssp585,ukesm1-0-ll,ssp585 (FireMIP) - elm-eca - ukesm1-0-ll,750.2028198242188
2074-12-31 00:00:00,elm-eca,ssp585,ukesm1-0-ll,ssp585 (FireMIP) - elm-eca - ukesm1-0-ll,745.2212524414062
2075-12-31 00:00:00,elm-eca,ssp585,ukesm1-0-ll,ssp585 (FireMIP) - elm-eca - ukesm1-0-ll,716.301513671875
2076-12-31 00:00:00,elm-eca,ssp585,ukesm1-0-ll,ssp585 (FireMIP) - elm-eca - ukesm1-0-ll,936.8939819335938
2077-12-31 00:00:00,elm-eca,ssp585,ukesm1-0-ll,ssp585 (FireMIP) - elm-eca - ukesm1-0-ll,901.8001098632812
2078-12-31 00:00:00,elm-eca,ssp585,ukesm1-0-ll,ssp585 (FireMIP) - elm-eca - ukesm1-0-ll,852.6494750976562
2079-12-31 00:00:00,elm-eca,ssp585,ukesm1-0-ll,ssp585 (FireMIP) - elm-eca - ukesm1-0-ll,679.0592651367188
2080-12-31 00:00:00,elm-eca,ssp585,ukesm1-0-ll,ssp585 (FireMIP) - elm-eca - ukesm1-0-ll,821.6868286132812
2081-12-31 00:00:00,elm-eca,ssp585,ukesm1-0-ll,ssp585 (FireMIP) - elm-eca - ukesm1-0-ll,792.3125
2082-12-31 00:00:00,elm-eca,ssp585,ukesm1-0-ll,ssp585 (FireMIP) - elm-eca - ukesm1-0-ll,952.8609008789062
2083-12-31 00:00:00,elm-eca,ssp585,ukesm1-0-ll,ssp585 (FireMIP) - elm-eca - ukesm1-0-ll,780.9279174804688
2084-12-31 00:00:00,elm-eca,ssp585,ukesm1-0-ll,ssp585 (FireMIP) - elm-eca - ukesm1-0-ll,883.7255859375
2085-12-31 00:00:00,elm-eca,ssp585,ukesm1-0-ll,ssp585 (FireMIP) - elm-eca - ukesm1-0-ll,857.2286987304688
2086-12-31 00:00:00,elm-eca,ssp585,ukesm1-0-ll,ssp585 (FireMIP) - elm-eca - ukesm1-0-ll,852.3970336914062
2087-12-31 00:00:00,elm-eca,ssp585,ukesm1-0-ll,ssp585 (FireMIP) - elm-eca - ukesm1-0-ll,919.4519653320312
2088-12-31 00:00:00,elm-eca,ssp585,ukesm1-0-ll,ssp585 (FireMIP) - elm-eca - ukesm1-0-ll,806.0678100585938
2089-12-31 00:00:00,elm-eca,ssp585,ukesm1-0-ll,ssp585 (FireMIP) - elm-eca - ukesm1-0-ll,937.6660766601562
2090-12-31 00:00:00,elm-eca,ssp585,ukesm1-0-ll,ssp585 (FireMIP) - elm-eca - ukesm1-0-ll,914.5394897460938
2091-12-31 00:00:00,elm-eca,ssp585,ukesm1-0-ll,ssp585 (FireMIP) - elm-eca - ukesm1-0-ll,978.8801879882812
2092-12-31 00:00:00,elm-eca,ssp585,ukesm1-0-ll,ssp585 (FireMIP) - elm-eca - ukesm1-0-ll,934.314453125
2093-12-31 00:00:00,elm-eca,ssp585,ukesm1-0-ll,ssp585 (FireMIP) - elm-eca - ukesm1-0-ll,999.2308959960938
2094-12-31 00:00:00,elm-eca,ssp585,ukesm1-0-ll,ssp585 (FireMIP) - elm-eca - ukesm1-0-ll,1064.7259521484375
2095-12-31 00:00:00,elm-eca,ssp585,ukesm1-0-ll,ssp585 (FireMIP) - elm-eca - ukesm1-0-ll,914.5504760742188
2096-12-31 00:00:00,elm-eca,ssp585,ukesm1-0-ll,ssp585 (FireMIP) - elm-eca - ukesm1-0-ll,1037.6590576171875
2097-12-31 00:00:00,elm-eca,ssp585,ukesm1-0-ll,ssp585 (FireMIP) - elm-eca - ukesm1-0-ll,958.73681640625
2098-12-31 00:00:00,elm-eca,ssp585,ukesm1-0-ll,ssp585 (FireMIP) - elm-eca - ukesm1-0-ll,992.7980346679688
2099-12-31 00:00:00,elm-eca,ssp585,ukesm1-0-ll,ssp585 (FireMIP) - elm-eca - ukesm1-0-ll,863.4722290039062
2100-12-31 00:00:00,elm-eca,ssp585,ukesm1-0-ll,ssp585 (FireMIP) - elm-eca - ukesm1-0-ll,1025.3201904296875
2015-12-31 00:00:00,elm-eca,ssp585,gfdl-esm4,ssp585 (FireMIP) - elm-eca - gfdl-esm4,339.1926574707031
2016-12-31 00:00:00,elm-eca,ssp585,gfdl-esm4,ssp585 (FireMIP) - elm-eca - gfdl-esm4,364.1613464355469
2017-12-31 00:00:00,elm-eca,ssp585,gfdl-esm4,ssp585 (FireMIP) - elm-eca - gfdl-esm4,410.4367980957031
2018-12-31 00:00:00,elm-eca,ssp585,gfdl-esm4,ssp585 (FireMIP) - elm-eca - gfdl-esm4,353.5697326660156
2019-12-31 00:00:00,elm-eca,ssp585,gfdl-esm4,ssp585 (FireMIP) - elm-eca - gfdl-esm4,416.3176574707031
2020-12-31 00:00:00,elm-eca,ssp585,gfdl-esm4,ssp585 (FireMIP) - elm-eca - gfdl-esm4,438.4843444824219
2021-12-31 00:00:00,elm-eca,ssp585,gfdl-esm4,ssp585 (FireMIP) - elm-eca - gfdl-esm4,457.1830749511719
2022-12-31 00:00:00,elm-eca,ssp585,gfdl-esm4,ssp585 (FireMIP) - elm-eca - gfdl-esm4,405.4070739746094
2023-12-31 00:00:00,elm-eca,ssp585,gfdl-esm4,ssp585 (FireMIP) - elm-eca - gfdl-esm4,360.9877624511719
2024-12-31 00:00:00,elm-eca,ssp585,gfdl-esm4,ssp585 (FireMIP) - elm-eca - gfdl-esm4,399.2839660644531
2025-12-31 00:00:00,elm-eca,ssp585,gfdl-esm4,ssp585 (FireMIP) - elm-eca - gfdl-esm4,399.4144592285156
2026-12-31 00:00:00,elm-eca,ssp585,gfdl-esm4,ssp585 (FireMIP) - elm-eca - gfdl-esm4,406.3180847167969
2027-12-31 00:00:00,elm-eca,ssp585,gfdl-esm4,ssp585 (FireMIP) - elm-eca - gfdl-esm4,397.1266174316406
2028-12-31 00:00:00,elm-eca,ssp585,gfdl-esm4,ssp585 (FireMIP) - elm-eca - gfdl-esm4,446.7078552246094
2029-12-31 00:00:00,elm-eca,ssp585,gfdl-esm4,ssp585 (FireMIP) - elm-eca - gfdl-esm4,455.0360107421875
2030-12-31 00:00:00,elm-eca,ssp585,gfdl-esm4,ssp585 (FireMIP) - elm-eca - gfdl-esm4,368.1180114746094
2031-12-31 00:00:00,elm-eca,ssp585,gfdl-esm4,ssp585 (FireMIP) - elm-eca - gfdl-esm4,348.2070007324219
2032-12-31 00:00:00,elm-eca,ssp585,gfdl-esm4,ssp585 (FireMIP) - elm-eca - gfdl-esm4,386.078857421875
2033-12-31 00:00:00,elm-eca,ssp585,gfdl-esm4,ssp585 (FireMIP) - elm-eca - gfdl-esm4,369.8689880371094
2034-12-31 00:00:00,elm-eca,ssp585,gfdl-esm4,ssp585 (FireMIP) - elm-eca - gfdl-esm4,438.3391418457031
2035-12-31 00:00:00,elm-eca,ssp585,gfdl-esm4,ssp585 (FireMIP) - elm-eca - gfdl-esm4,343.6482849121094
2036-12-31 00:00:00,elm-eca,ssp585,gfdl-esm4,ssp585 (FireMIP) - elm-eca - gfdl-esm4,502.2135925292969
2037-12-31 00:00:00,elm-eca,ssp585,gfdl-esm4,ssp585 (FireMIP) - elm-eca - gfdl-esm4,362.3763122558594
2038-12-31 00:00:00,elm-eca,ssp585,gfdl-esm4,ssp585 (FireMIP) - elm-eca - gfdl-esm4,358.0108642578125
2039-12-31 00:00:00,elm-eca,ssp585,gfdl-esm4,ssp585 (FireMIP) - elm-eca - gfdl-esm4,463.3090515136719
2040-12-31 00:00:00,elm-eca,ssp585,gfdl-esm4,ssp585 (FireMIP) - elm-eca - gfdl-esm4,445.5111389160156
2041-12-31 00:00:00,elm-eca,ssp585,gfdl-esm4,ssp585 (FireMIP) - elm-eca - gfdl-esm4,390.8741760253906
2042-12-31 00:00:00,elm-eca,ssp585,gfdl-esm4,ssp585 (FireMIP) - elm-eca - gfdl-esm4,438.758544921875
2043-12-31 00:00:00,elm-eca,ssp585,gfdl-esm4,ssp585 (FireMIP) - elm-eca - gfdl-esm4,489.7528076171875
2044-12-31 00:00:00,elm-eca,ssp585,gfdl-esm4,ssp585 (FireMIP) - elm-eca - gfdl-esm4,502.1305236816406
2045-12-31 00:00:00,elm-eca,ssp585,gfdl-esm4,ssp585 (FireMIP) - elm-eca - gfdl-esm4,466.1778259277344
2046-12-31 00:00:00,elm-eca,ssp585,gfdl-esm4,ssp585 (FireMIP) - elm-eca - gfdl-esm4,478.6857604980469
2047-12-31 00:00:00,elm-eca,ssp585,gfdl-esm4,ssp585 (FireMIP) - elm-eca - gfdl-esm4,417.0418395996094
2048-12-31 00:00:00,elm-eca,ssp585,gfdl-esm4,ssp585 (FireMIP) - elm-eca - gfdl-esm4,470.0384521484375
2049-12-31 00:00:00,elm-eca,ssp585,gfdl-esm4,ssp585 (FireMIP) - elm-eca - gfdl-esm4,562.1095581054688
2050-12-31 00:00:00,elm-eca,ssp585,gfdl-esm4,ssp585 (FireMIP) - elm-eca - gfdl-esm4,438.6755676269531
2051-12-31 00:00:00,elm-eca,ssp585,gfdl-esm4,ssp585 (FireMIP) - elm-eca - gfdl-esm4,463.4778747558594
2052-12-31 00:00:00,elm-eca,ssp585,gfdl-esm4,ssp585 (FireMIP) - elm-eca - gfdl-esm4,461.8715515136719
2053-12-31 00:00:00,elm-eca,ssp585,gfdl-esm4,ssp585 (FireMIP) - elm-eca - gfdl-esm4,432.1686706542969
2054-12-31 00:00:00,elm-eca,ssp585,gfdl-esm4,ssp585 (FireMIP) - elm-eca - gfdl-esm4,453.26953125
2055-12-31 00:00:00,elm-eca,ssp585,gfdl-esm4,ssp585 (FireMIP) - elm-eca - gfdl-esm4,557.8129272460938
2056-12-31 00:00:00,elm-eca,ssp585,gfdl-esm4,ssp585 (FireMIP) - elm-eca - gfdl-esm4,364.618896484375
2057-12-31 00:00:00,elm-eca,ssp585,gfdl-esm4,ssp585 (FireMIP) - elm-eca - gfdl-esm4,542.3123779296875
2058-12-31 00:00:00,elm-eca,ssp585,gfdl-esm4,ssp585 (FireMIP) - elm-eca - gfdl-esm4,454.0231018066406
2059-12-31 00:00:00,elm-eca,ssp585,gfdl-esm4,ssp585 (FireMIP) - elm-eca - gfdl-esm4,494.6737976074219
2060-12-31 00:00:00,elm-eca,ssp585,gfdl-esm4,ssp585 (FireMIP) - elm-eca - gfdl-esm4,441.7333068847656
2061-12-31 00:00:00,elm-eca,ssp585,gfdl-esm4,ssp585 (FireMIP) - elm-eca - gfdl-esm4,441.1863708496094
2062-12-31 00:00:00,elm-eca,ssp585,gfdl-esm4,ssp585 (FireMIP) - elm-eca - gfdl-esm4,582.0973510742188
2063-12-31 00:00:00,elm-eca,ssp585,gfdl-esm4,ssp585 (FireMIP) - elm-eca - gfdl-esm4,442.5564880371094
2064-12-31 00:00:00,elm-eca,ssp585,gfdl-esm4,ssp585 (FireMIP) - elm-eca - gfdl-esm4,516.1614379882812
2065-12-31 00:00:00,elm-eca,ssp585,gfdl-esm4,ssp585 (FireMIP) - elm-eca - gfdl-esm4,406.5407409667969
2066-12-31 00:00:00,elm-eca,ssp585,gfdl-esm4,ssp585 (FireMIP) - elm-eca - gfdl-esm4,479.7458801269531
2067-12-31 00:00:00,elm-eca,ssp585,gfdl-esm4,ssp585 (FireMIP) - elm-eca - gfdl-esm4,478.7868957519531
2068-12-31 00:00:00,elm-eca,ssp585,gfdl-esm4,ssp585 (FireMIP) - elm-eca - gfdl-esm4,399.5530090332031
2069-12-31 00:00:00,elm-eca,ssp585,gfdl-esm4,ssp585 (FireMIP) - elm-eca - gfdl-esm4,499.9573059082031
2070-12-31 00:00:00,elm-eca,ssp585,gfdl-esm4,ssp585 (FireMIP) - elm-eca - gfdl-esm4,511.9703674316406
2071-12-31 00:00:00,elm-eca,ssp585,gfdl-esm4,ssp585 (FireMIP) - elm-eca - gfdl-esm4,512.6248168945312
2072-12-31 00:00:00,elm-eca,ssp585,gfdl-esm4,ssp585 (FireMIP) - elm-eca - gfdl-esm4,471.705322265625
2073-12-31 00:00:00,elm-eca,ssp585,gfdl-esm4,ssp585 (FireMIP) - elm-eca - gfdl-esm4,552.5437622070312
2074-12-31 00:00:00,elm-eca,ssp585,gfdl-esm4,ssp585 (FireMIP) - elm-eca - gfdl-esm4,586.7359008789062
2075-12-31 00:00:00,elm-eca,ssp585,gfdl-esm4,ssp585 (FireMIP) - elm-eca - gfdl-esm4,483.1767883300781
2076-12-31 00:00:00,elm-eca,ssp585,gfdl-esm4,ssp585 (FireMIP) - elm-eca - gfdl-esm4,370.8370361328125
2077-12-31 00:00:00,elm-eca,ssp585,gfdl-esm4,ssp585 (FireMIP) - elm-eca - gfdl-esm4,436.7055969238281
2078-12-31 00:00:00,elm-eca,ssp585,gfdl-esm4,ssp585 (FireMIP) - elm-eca - gfdl-esm4,518.0421142578125
2079-12-31 00:00:00,elm-eca,ssp585,gfdl-esm4,ssp585 (FireMIP) - elm-eca - gfdl-esm4,422.4534606933594
2080-12-31 00:00:00,elm-eca,ssp585,gfdl-esm4,ssp585 (FireMIP) - elm-eca - gfdl-esm4,504.244873046875
2081-12-31 00:00:00,elm-eca,ssp585,gfdl-esm4,ssp585 (FireMIP) - elm-eca - gfdl-esm4,584.5042724609375
2082-12-31 00:00:00,elm-eca,ssp585,gfdl-esm4,ssp585 (FireMIP) - elm-eca - gfdl-esm4,544.3444213867188
2083-12-31 00:00:00,elm-eca,ssp585,gfdl-esm4,ssp585 (FireMIP) - elm-eca - gfdl-esm4,438.4360656738281
2084-12-31 00:00:00,elm-eca,ssp585,gfdl-esm4,ssp585 (FireMIP) - elm-eca - gfdl-esm4,519.463134765625
2085-12-31 00:00:00,elm-eca,ssp585,gfdl-esm4,ssp585 (FireMIP) - elm-eca - gfdl-esm4,484.9090576171875
2086-12-31 00:00:00,elm-eca,ssp585,gfdl-esm4,ssp585 (FireMIP) - elm-eca - gfdl-esm4,513.7783203125
2087-12-31 00:00:00,elm-eca,ssp585,gfdl-esm4,ssp585 (FireMIP) - elm-eca - gfdl-esm4,486.5106506347656
2088-12-31 00:00:00,elm-eca,ssp585,gfdl-esm4,ssp585 (FireMIP) - elm-eca - gfdl-esm4,399.0907897949219
2089-12-31 00:00:00,elm-eca,ssp585,gfdl-esm4,ssp585 (FireMIP) - elm-eca - gfdl-esm4,651.8226928710938
2090-12-31 00:00:00,elm-eca,ssp585,gfdl-esm4,ssp585 (FireMIP) - elm-eca - gfdl-esm4,505.6175842285156
2091-12-31 00:00:00,elm-eca,ssp585,gfdl-esm4,ssp585 (FireMIP) - elm-eca - gfdl-esm4,618.8467407226562
2092-12-31 00:00:00,elm-eca,ssp585,gfdl-esm4,ssp585 (FireMIP) - elm-eca - gfdl-esm4,506.1104431152344
2093-12-31 00:00:00,elm-eca,ssp585,gfdl-esm4,ssp585 (FireMIP) - elm-eca - gfdl-esm4,732.1362915039062
2094-12-31 00:00:00,elm-eca,ssp585,gfdl-esm4,ssp585 (FireMIP) - elm-eca - gfdl-esm4,479.841064453125
2095-12-31 00:00:00,elm-eca,ssp585,gfdl-esm4,ssp585 (FireMIP) - elm-eca - gfdl-esm4,565.738525390625
2096-12-31 00:00:00,elm-eca,ssp585,gfdl-esm4,ssp585 (FireMIP) - elm-eca - gfdl-esm4,622.723876953125
2097-12-31 00:00:00,elm-eca,ssp585,gfdl-esm4,ssp585 (FireMIP) - elm-eca - gfdl-esm4,585.4507446289062
2098-12-31 00:00:00,elm-eca,ssp585,gfdl-esm4,ssp585 (FireMIP) - elm-eca - gfdl-esm4,602.1072387695312
2099-12-31 00:00:00,elm-eca,ssp585,gfdl-esm4,ssp585 (FireMIP) - elm-eca - gfdl-esm4,686.830078125
2100-12-31 00:00:00,elm-eca,ssp585,gfdl-esm4,ssp585 (FireMIP) - elm-eca - gfdl-esm4,411.9671936035156
2015-12-31 00:00:00,elm-eca,ssp585,ipsl-cm6a-lr,ssp585 (FireMIP) - elm-eca - ipsl-cm6a-lr,391.0863037109375
2016-12-31 00:00:00,elm-eca,ssp585,ipsl-cm6a-lr,ssp585 (FireMIP) - elm-eca - ipsl-cm6a-lr,360.2764892578125
2017-12-31 00:00:00,elm-eca,ssp585,ipsl-cm6a-lr,ssp585 (FireMIP) - elm-eca - ipsl-cm6a-lr,437.06396484375
2018-12-31 00:00:00,elm-eca,ssp585,ipsl-cm6a-lr,ssp585 (FireMIP) - elm-eca - ipsl-cm6a-lr,366.4461364746094
2019-12-31 00:00:00,elm-eca,ssp585,ipsl-cm6a-lr,ssp585 (FireMIP) - elm-eca - ipsl-cm6a-lr,423.042724609375
2020-12-31 00:00:00,elm-eca,ssp585,ipsl-cm6a-lr,ssp585 (FireMIP) - elm-eca - ipsl-cm6a-lr,377.1740417480469
2021-12-31 00:00:00,elm-eca,ssp585,ipsl-cm6a-lr,ssp585 (FireMIP) - elm-eca - ipsl-cm6a-lr,472.3888854980469
2022-12-31 00:00:00,elm-eca,ssp585,ipsl-cm6a-lr,ssp585 (FireMIP) - elm-eca - ipsl-cm6a-lr,418.6230773925781
2023-12-31 00:00:00,elm-eca,ssp585,ipsl-cm6a-lr,ssp585 (FireMIP) - elm-eca - ipsl-cm6a-lr,365.7356262207031
2024-12-31 00:00:00,elm-eca,ssp585,ipsl-cm6a-lr,ssp585 (FireMIP) - elm-eca - ipsl-cm6a-lr,396.7015686035156
2025-12-31 00:00:00,elm-eca,ssp585,ipsl-cm6a-lr,ssp585 (FireMIP) - elm-eca - ipsl-cm6a-lr,404.2016296386719
2026-12-31 00:00:00,elm-eca,ssp585,ipsl-cm6a-lr,ssp585 (FireMIP) - elm-eca - ipsl-cm6a-lr,364.9454040527344
2027-12-31 00:00:00,elm-eca,ssp585,ipsl-cm6a-lr,ssp585 (FireMIP) - elm-eca - ipsl-cm6a-lr,427.0025634765625
2028-12-31 00:00:00,elm-eca,ssp585,ipsl-cm6a-lr,ssp585 (FireMIP) - elm-eca - ipsl-cm6a-lr,406.6080017089844
2029-12-31 00:00:00,elm-eca,ssp585,ipsl-cm6a-lr,ssp585 (FireMIP) - elm-eca - ipsl-cm6a-lr,438.8935241699219
2030-12-31 00:00:00,elm-eca,ssp585,ipsl-cm6a-lr,ssp585 (FireMIP) - elm-eca - ipsl-cm6a-lr,490.1291198730469
2031-12-31 00:00:00,elm-eca,ssp585,ipsl-cm6a-lr,ssp585 (FireMIP) - elm-eca - ipsl-cm6a-lr,331.1202697753906
2032-12-31 00:00:00,elm-eca,ssp585,ipsl-cm6a-lr,ssp585 (FireMIP) - elm-eca - ipsl-cm6a-lr,367.6015625
2033-12-31 00:00:00,elm-eca,ssp585,ipsl-cm6a-lr,ssp585 (FireMIP) - elm-eca - ipsl-cm6a-lr,455.4107971191406
2034-12-31 00:00:00,elm-eca,ssp585,ipsl-cm6a-lr,ssp585 (FireMIP) - elm-eca - ipsl-cm6a-lr,361.6888122558594
2035-12-31 00:00:00,elm-eca,ssp585,ipsl-cm6a-lr,ssp585 (FireMIP) - elm-eca - ipsl-cm6a-lr,370.4060974121094
2036-12-31 00:00:00,elm-eca,ssp585,ipsl-cm6a-lr,ssp585 (FireMIP) - elm-eca - ipsl-cm6a-lr,368.2498474121094
2037-12-31 00:00:00,elm-eca,ssp585,ipsl-cm6a-lr,ssp585 (FireMIP) - elm-eca - ipsl-cm6a-lr,449.33203125
2038-12-31 00:00:00,elm-eca,ssp585,ipsl-cm6a-lr,ssp585 (FireMIP) - elm-eca - ipsl-cm6a-lr,461.2101745605469
2039-12-31 00:00:00,elm-eca,ssp585,ipsl-cm6a-lr,ssp585 (FireMIP) - elm-eca - ipsl-cm6a-lr,453.6184997558594
2040-12-31 00:00:00,elm-eca,ssp585,ipsl-cm6a-lr,ssp585 (FireMIP) - elm-eca - ipsl-cm6a-lr,419.2437744140625
2041-12-31 00:00:00,elm-eca,ssp585,ipsl-cm6a-lr,ssp585 (FireMIP) - elm-eca - ipsl-cm6a-lr,505.9992370605469
2042-12-31 00:00:00,elm-eca,ssp585,ipsl-cm6a-lr,ssp585 (FireMIP) - elm-eca - ipsl-cm6a-lr,462.1097717285156
2043-12-31 00:00:00,elm-eca,ssp585,ipsl-cm6a-lr,ssp585 (FireMIP) - elm-eca - ipsl-cm6a-lr,503.8658752441406
2044-12-31 00:00:00,elm-eca,ssp585,ipsl-cm6a-lr,ssp585 (FireMIP) - elm-eca - ipsl-cm6a-lr,453.405517578125
2045-12-31 00:00:00,elm-eca,ssp585,ipsl-cm6a-lr,ssp585 (FireMIP) - elm-eca - ipsl-cm6a-lr,485.6591491699219
2046-12-31 00:00:00,elm-eca,ssp585,ipsl-cm6a-lr,ssp585 (FireMIP) - elm-eca - ipsl-cm6a-lr,360.8538513183594
2047-12-31 00:00:00,elm-eca,ssp585,ipsl-cm6a-lr,ssp585 (FireMIP) - elm-eca - ipsl-cm6a-lr,471.8773498535156
2048-12-31 00:00:00,elm-eca,ssp585,ipsl-cm6a-lr,ssp585 (FireMIP) - elm-eca - ipsl-cm6a-lr,490.1227111816406
2049-12-31 00:00:00,elm-eca,ssp585,ipsl-cm6a-lr,ssp585 (FireMIP) - elm-eca - ipsl-cm6a-lr,478.9850158691406
2050-12-31 00:00:00,elm-eca,ssp585,ipsl-cm6a-lr,ssp585 (FireMIP) - elm-eca - ipsl-cm6a-lr,483.975830078125
2051-12-31 00:00:00,elm-eca,ssp585,ipsl-cm6a-lr,ssp585 (FireMIP) - elm-eca - ipsl-cm6a-lr,407.545654296875
2052-12-31 00:00:00,elm-eca,ssp585,ipsl-cm6a-lr,ssp585 (FireMIP) - elm-eca - ipsl-cm6a-lr,555.5751342773438
2053-12-31 00:00:00,elm-eca,ssp585,ipsl-cm6a-lr,ssp585 (FireMIP) - elm-eca - ipsl-cm6a-lr,484.4194030761719
2054-12-31 00:00:00,elm-eca,ssp585,ipsl-cm6a-lr,ssp585 (FireMIP) - elm-eca - ipsl-cm6a-lr,453.6036071777344
2055-12-31 00:00:00,elm-eca,ssp585,ipsl-cm6a-lr,ssp585 (FireMIP) - elm-eca - ipsl-cm6a-lr,485.1734313964844
2056-12-31 00:00:00,elm-eca,ssp585,ipsl-cm6a-lr,ssp585 (FireMIP) - elm-eca - ipsl-cm6a-lr,630.468505859375
2057-12-31 00:00:00,elm-eca,ssp585,ipsl-cm6a-lr,ssp585 (FireMIP) - elm-eca - ipsl-cm6a-lr,459.5362243652344
2058-12-31 00:00:00,elm-eca,ssp585,ipsl-cm6a-lr,ssp585 (FireMIP) - elm-eca - ipsl-cm6a-lr,560.3406982421875
2059-12-31 00:00:00,elm-eca,ssp585,ipsl-cm6a-lr,ssp585 (FireMIP) - elm-eca - ipsl-cm6a-lr,456.8531799316406
2060-12-31 00:00:00,elm-eca,ssp585,ipsl-cm6a-lr,ssp585 (FireMIP) - elm-eca - ipsl-cm6a-lr,557.0924682617188
2061-12-31 00:00:00,elm-eca,ssp585,ipsl-cm6a-lr,ssp585 (FireMIP) - elm-eca - ipsl-cm6a-lr,486.8868713378906
2062-12-31 00:00:00,elm-eca,ssp585,ipsl-cm6a-lr,ssp585 (FireMIP) - elm-eca - ipsl-cm6a-lr,463.8132019042969
2063-12-31 00:00:00,elm-eca,ssp585,ipsl-cm6a-lr,ssp585 (FireMIP) - elm-eca - ipsl-cm6a-lr,522.2650146484375
2064-12-31 00:00:00,elm-eca,ssp585,ipsl-cm6a-lr,ssp585 (FireMIP) - elm-eca - ipsl-cm6a-lr,534.2943725585938
2065-12-31 00:00:00,elm-eca,ssp585,ipsl-cm6a-lr,ssp585 (FireMIP) - elm-eca - ipsl-cm6a-lr,491.9440612792969
2066-12-31 00:00:00,elm-eca,ssp585,ipsl-cm6a-lr,ssp585 (FireMIP) - elm-eca - ipsl-cm6a-lr,727.772705078125
2067-12-31 00:00:00,elm-eca,ssp585,ipsl-cm6a-lr,ssp585 (FireMIP) - elm-eca - ipsl-cm6a-lr,613.0994262695312
2068-12-31 00:00:00,elm-eca,ssp585,ipsl-cm6a-lr,ssp585 (FireMIP) - elm-eca - ipsl-cm6a-lr,554.1768188476562
2069-12-31 00:00:00,elm-eca,ssp585,ipsl-cm6a-lr,ssp585 (FireMIP) - elm-eca - ipsl-cm6a-lr,521.6089477539062
2070-12-31 00:00:00,elm-eca,ssp585,ipsl-cm6a-lr,ssp585 (FireMIP) - elm-eca - ipsl-cm6a-lr,523.7728271484375
2071-12-31 00:00:00,elm-eca,ssp585,ipsl-cm6a-lr,ssp585 (FireMIP) - elm-eca - ipsl-cm6a-lr,729.954345703125
2072-12-31 00:00:00,elm-eca,ssp585,ipsl-cm6a-lr,ssp585 (FireMIP) - elm-eca - ipsl-cm6a-lr,490.0524597167969
2073-12-31 00:00:00,elm-eca,ssp585,ipsl-cm6a-lr,ssp585 (FireMIP) - elm-eca - ipsl-cm6a-lr,586.6130981445312
2074-12-31 00:00:00,elm-eca,ssp585,ipsl-cm6a-lr,ssp585 (FireMIP) - elm-eca - ipsl-cm6a-lr,442.6928405761719
2075-12-31 00:00:00,elm-eca,ssp585,ipsl-cm6a-lr,ssp585 (FireMIP) - elm-eca - ipsl-cm6a-lr,464.701904296875
2076-12-31 00:00:00,elm-eca,ssp585,ipsl-cm6a-lr,ssp585 (FireMIP) - elm-eca - ipsl-cm6a-lr,699.2380981445312
2077-12-31 00:00:00,elm-eca,ssp585,ipsl-cm6a-lr,ssp585 (FireMIP) - elm-eca - ipsl-cm6a-lr,714.800537109375
2078-12-31 00:00:00,elm-eca,ssp585,ipsl-cm6a-lr,ssp585 (FireMIP) - elm-eca - ipsl-cm6a-lr,653.7703247070312
2079-12-31 00:00:00,elm-eca,ssp585,ipsl-cm6a-lr,ssp585 (FireMIP) - elm-eca - ipsl-cm6a-lr,547.2445678710938
2080-12-31 00:00:00,elm-eca,ssp585,ipsl-cm6a-lr,ssp585 (FireMIP) - elm-eca - ipsl-cm6a-lr,630.435546875
2081-12-31 00:00:00,elm-eca,ssp585,ipsl-cm6a-lr,ssp585 (FireMIP) - elm-eca - ipsl-cm6a-lr,790.348388671875
2082-12-31 00:00:00,elm-eca,ssp585,ipsl-cm6a-lr,ssp585 (FireMIP) - elm-eca - ipsl-cm6a-lr,572.8281860351562
2083-12-31 00:00:00,elm-eca,ssp585,ipsl-cm6a-lr,ssp585 (FireMIP) - elm-eca - ipsl-cm6a-lr,850.9785766601562
2084-12-31 00:00:00,elm-eca,ssp585,ipsl-cm6a-lr,ssp585 (FireMIP) - elm-eca - ipsl-cm6a-lr,742.6423950195312
2085-12-31 00:00:00,elm-eca,ssp585,ipsl-cm6a-lr,ssp585 (FireMIP) - elm-eca - ipsl-cm6a-lr,635.5135498046875
2086-12-31 00:00:00,elm-eca,ssp585,ipsl-cm6a-lr,ssp585 (FireMIP) - elm-eca - ipsl-cm6a-lr,718.5360717773438
2087-12-31 00:00:00,elm-eca,ssp585,ipsl-cm6a-lr,ssp585 (FireMIP) - elm-eca - ipsl-cm6a-lr,773.0302734375
2088-12-31 00:00:00,elm-eca,ssp585,ipsl-cm6a-lr,ssp585 (FireMIP) - elm-eca - ipsl-cm6a-lr,685.8746948242188
2089-12-31 00:00:00,elm-eca,ssp585,ipsl-cm6a-lr,ssp585 (FireMIP) - elm-eca - ipsl-cm6a-lr,747.3456420898438
2090-12-31 00:00:00,elm-eca,ssp585,ipsl-cm6a-lr,ssp585 (FireMIP) - elm-eca - ipsl-cm6a-lr,848.0733032226562
2091-12-31 00:00:00,elm-eca,ssp585,ipsl-cm6a-lr,ssp585 (FireMIP) - elm-eca - ipsl-cm6a-lr,652.7909545898438
2092-12-31 00:00:00,elm-eca,ssp585,ipsl-cm6a-lr,ssp585 (FireMIP) - elm-eca - ipsl-cm6a-lr,803.5185546875
2093-12-31 00:00:00,elm-eca,ssp585,ipsl-cm6a-lr,ssp585 (FireMIP) - elm-eca - ipsl-cm6a-lr,883.8113403320312
2094-12-31 00:00:00,elm-eca,ssp585,ipsl-cm6a-lr,ssp585 (FireMIP) - elm-eca - ipsl-cm6a-lr,753.4649047851562
2095-12-31 00:00:00,elm-eca,ssp585,ipsl-cm6a-lr,ssp585 (FireMIP) - elm-eca - ipsl-cm6a-lr,730.6046752929688
2096-12-31 00:00:00,elm-eca,ssp585,ipsl-cm6a-lr,ssp585 (FireMIP) - elm-eca - ipsl-cm6a-lr,827.8673706054688
2097-12-31 00:00:00,elm-eca,ssp585,ipsl-cm6a-lr,ssp585 (FireMIP) - elm-eca - ipsl-cm6a-lr,834.0750122070312
2098-12-31 00:00:00,elm-eca,ssp585,ipsl-cm6a-lr,ssp585 (FireMIP) - elm-eca - ipsl-cm6a-lr,877.3582153320312
2099-12-31 00:00:00,elm-eca,ssp585,ipsl-cm6a-lr,ssp585 (FireMIP) - elm-eca - ipsl-cm6a-lr,911.98974609375
2100-12-31 00:00:00,elm-eca,ssp585,ipsl-cm6a-lr,ssp585 (FireMIP) - elm-eca - ipsl-cm6a-lr,677.842041015625
